id,domain,project_name,user_story
1,E-commerce,Sylius,"As a store owner,
I want the checkout process to prevent customers from completing an order with a shipping method that has become unavailable,
So that customers cannot place orders using shipping methods that are no longer valid or offered.

Acceptance Criteria:
- When a customer has selected a shipping method and payment method during checkout, but that shipping method is subsequently disabled entirely, the system should block order confirmation and inform the customer that the chosen shipping method is not available.
- When a customer has selected a shipping method and payment method during checkout, but that shipping method is subsequently disabled specifically for the channel/country associated with their order, the system should block order confirmation and inform the customer that the chosen shipping method is not available.
- In both cases, the customer should not be able to successfully confirm and place the order while the selected shipping method remains disabled."
2,E-commerce,Sylius,"As an administrator,
I want to be prevented from viewing the details of a customer's cart that is not yet an order,
So that I only access valid order information and receive clear feedback when attempting to view non-existent orders.

Acceptance Criteria:
- The store operates on a single channel in ""United States"" with a product ""PHP T-Shirt"" priced at ""$12.00""
- Given a customer has added the product ""PHP T-Shirt"" to their cart without placing an order
- When an administrator attempts to view the summary of the customer's latest cart
- The administrator should be informed that the order does not exist"
3,E-commerce,Sylius,"As a store administrator,
I want to delete zones from the registry,
So that I can keep the list of zones accurate and free of unused entries.

Acceptance Criteria:
- Successfully deleting a zone that has no dependencies removes it from the registry and displays a confirmation message.
- Attempting to delete a zone that has associated tax rates is blocked, with a notification explaining that the zone cannot be deleted, and the zone remains visible in the list.
- Attempting to delete a zone that is a member of another zone is blocked, with a notification explaining that the zone cannot be deleted, and the zone remains visible in the list."
4,E-commerce,Sylius,"As a store manager,
I want exclusive catalog promotions to override all other applicable promotions on a product,
So that customers see the correct discounted price based solely on the most relevant exclusive promotion, avoiding stacking of multiple discounts.

Acceptance Criteria:
- When a product has both a regular catalog promotion and an exclusive catalog promotion applicable, only the exclusive promotion should be applied to calculate the displayed price.
- The product's original price should still be displayed alongside the discounted price for customer reference.
- When multiple exclusive catalog promotions apply to the same product, only the single exclusive promotion with the highest priority should be applied, ignoring all others."
5,E-commerce,Sylius,"As a Store Administrator,
I want the system to prevent me from deleting a product variant that has already been purchased by a customer,
So that historical order data remains accurate and consistent, and customers' past orders are not affected by data integrity issues.

Acceptance Criteria:
- Given a product variant is associated with at least one placed order, when an administrator attempts to delete that variant, the system should block the deletion.
- The administrator should receive a clear notification stating that the variant is currently in use and cannot be deleted.
- After the failed deletion attempt, the product variant should remain unchanged and still exist in the product catalog.
- This behavior should be consistently enforced across both the API and UI interfaces."
6,E-commerce,Sylius,"As an administrator,
I want to create a new product option with its option values,
So that I can define configurable attributes (such as size or color) that customers can select when purchasing a product.

Acceptance Criteria:
- When creating a new product option, I must be able to name it and specify its code, and upon successful creation I should receive a confirmation notification and see it appear in the product option registry.
- I should be able to add multiple option values (e.g., ""S"", ""M"") to a product option, and each added option value should be correctly associated with that option after creation.
- I should be able to create a product option without adding any option values, and the system should still allow it to be successfully created and registered.
- When the store supports multiple locales, I should be able to apply an option value entered in one locale (e.g., ""English (United States)"") to all other available locales (e.g., ""Polish (Poland)"") in a single action, while still being able to add other option values that remain locale-specific and are not automatically translated."
7,E-commerce,Sylius,"As a store administrator,
I want the system to prevent me from creating a new product association type with a code that is already in use,
So that I can avoid duplicate product association types and maintain data integrity in the catalog configuration.

Acceptance Criteria:
- When creating a new product association type, the administrator can specify a code and a name for a given locale.
- If the specified code already exists among the current product association types, the system should reject the creation attempt and display a notification informing the administrator that a product association type with this code already exists.
- After the failed attempt, the total number of product association types with the given code should remain unchanged (only one product association type should exist with that code)."
8,E-commerce,Sylius,"As a store administrator,
I want to filter orders by currency and by total amount (greater than, less than, or within a specified range),
So that I can quickly locate and review orders placed in a specific currency or within a particular price range.

Acceptance Criteria:
- When filtering by currency alone, only orders placed in the selected currency are displayed, and orders in other currencies are excluded.
- When filtering by a total greater than a specified amount (with a currency selected), only orders in that currency whose total exceeds the specified amount are displayed, and orders in other currencies are excluded.
- When filtering by a total less than a specified amount (with a currency selected), only orders in that currency whose total is below the specified amount are displayed, and orders in other currencies are excluded.
- When filtering by a total within a specified range (greater than a minimum and less than a maximum, with a currency selected), only orders in that currency falling within the range are displayed, and orders in other currencies are excluded.
- When filtering by a total range without specifying a currency, orders from any currency that fall within the specified total range are displayed."
9,E-commerce,Sylius,"As a Store Manager,
I want catalog promotions to be automatically applied and reflected in the discounted price of eligible product variants,
So that customers can see accurate promotional pricing without manual price adjustments.

Acceptance Criteria:
- Given a configurable product with a variant priced at a specific original price, and an active catalog promotion that reduces the price by a defined percentage on that variant, when viewing the variant, the discounted price should be correctly calculated and displayed.
- The system should show both the original price and the discounted price for the variant when a catalog promotion is successfully applied.
- The name of the applied catalog promotion should be visible alongside the discounted price for transparency."
10,E-commerce,Sylius,"As an administrator,
I want to modify a customer's billing address on an already placed order,
So that I can correct or update customer billing information even after the order has been submitted.

Acceptance Criteria:
- The administrator should be able to view an order's summary and edit its billing address, specifying a new recipient name, street, postcode, city, and country.
- Upon saving the changes, the administrator should receive a confirmation notification that the billing address has been successfully edited, and the order should display the updated billing address details.
- When selecting a country for the billing address, only the provinces belonging to that selected country should be available for selection.
- The billing address should remain editable and correctly saved regardless of external conditions such as changes in product price, a disabled sales channel, a disabled currency, or the product being out of stock, with the order's total remaining unaffected by the address change."
11,E-commerce,Sylius,"As a guest visitor,
I want to leave a review with a rating and comment for a product,
So that I can share my feedback and experience about the product with other potential customers.

Acceptance Criteria:
- A guest must be able to select a product and initiate the review process by providing their email address, a title, a comment, and a rating.
- Upon submission, the guest must receive a notification confirming that their review has been received and is pending acceptance.
- Newly submitted reviews from guests must not be immediately visible to other customers until they have been approved."
12,E-commerce,Sylius,"As a Store Administrator,
I want catalog promotions to be applied to products in descending order of their priority,
So that customers see accurate final discounted prices when multiple promotions overlap on the same product.

Acceptance Criteria:
- When multiple catalog promotions apply to the same product variant, they must be applied sequentially starting from the highest priority value to the lowest.
- Each promotion (whether a percentage discount or a fixed amount discount) must be calculated based on the price resulting from the previously applied promotion, not the original price.
- The product page must display the original price, the final discounted price, and the names of all applied promotions in the order they were processed."
13,E-commerce,Sylius,"As a customer,
I want the cart page to prevent any modifications (clearing, removing items, or changing quantities) once my order has already been completed in the background,
So that I cannot accidentally mutate or corrupt a completed order by interacting with a stale, outdated cart page.

Acceptance Criteria:
- If a customer attempts to clear the cart from a stale cart page (i.e., the order was completed in the background without reloading), the completed order must remain intact in the database and its checkout state must remain ""completed"".
- If a customer attempts to remove an item from the cart on a stale page after the order has been completed, the completed order must still exist and must still contain its original item(s), unaffected by the removal action.
- If a customer attempts to increase the quantity of an item in the cart on a stale page after the order has been completed, the completed order must still exist and the item quantity must remain unchanged from its original value.
- These protections must apply regardless of whether the page was reloaded, ensuring stale client-side state cannot desynchronize from the actual server-side order status."
14,E-commerce,Sylius,"As an Administrator,
I want to browse and view the list of customer orders in the store,
So that I can monitor and manage incoming orders efficiently.

Acceptance Criteria:
- The administrator must be logged in to access the orders list.
- When an order is placed by a customer, it should appear in the orders list.
- The orders list should display the correct customer information associated with each order."
15,E-commerce,Sylius,"As a customer,
I want to provide only a shipping address during checkout when the store's channel requires solely the shipping address,
So that I can complete the addressing step quickly without entering redundant billing information.

Acceptance Criteria:
- The checkout addressing step must accept a shipping address containing city, street, postcode, country, and recipient name.
- When the channel is configured to require only the shipping address, the system should not demand a separate billing address to proceed.
- After successfully submitting the required shipping address, the customer should be automatically progressed to the checkout shipping step."
16,E-commerce,Sylius,"As a store administrator,
I want to create new administrator accounts with email, name, password, and locale settings,
So that I can grant additional users access to manage the store.

Acceptance Criteria:
- An administrator can create a new administrator account by specifying an email, name, password, and locale, and upon adding it, a success notification should be displayed and the new administrator should appear in the store's list of administrators.
- An administrator can create a new administrator account, enable it during creation, and the newly created administrator should be able to log in successfully using the specified email and password credentials.
- The system must support creating administrator accounts within a single-channel store setup, such as one operating in ""United States""."
17,E-commerce,Sylius,"As a store administrator,
I want to create a new sales channel with complete shop billing data (company, tax ID, and billing address),
So that I can properly configure and manage a new channel for a specific market with accurate billing and legal information.

Acceptance Criteria:
- The administrator must be able to specify a unique code and name for the new channel
- The administrator must be able to select a base currency, an available locale, and a default locale for the channel
- The administrator must be able to select a tax calculation strategy for the channel
- The administrator must be able to provide shop billing data, including company name, tax ID, and billing address (street, postcode, city, and country)
- Upon successful creation, the system should display a confirmation notification to the administrator
- The newly created channel should appear in the channel registry with the specified name"
18,E-commerce,Sylius,"As an administrator,
I want to create new sales channels with essential and additional configuration details,
So that I can manage distinct storefronts with tailored currencies, locales, tax strategies, and checkout behaviors.

Acceptance Criteria:
- The administrator must be able to create a new channel by specifying a code, name, base currency, available locale, default locale, and tax calculation strategy, and upon successful creation, receive a confirmation notification with the new channel appearing in the registry.
- The administrator must be able to optionally provide additional details when creating a channel, including a description, hostname, contact email, contact phone number, color, and a selection of operating countries.
- The administrator must be able to configure checkout behavior options, such as allowing the shipping step to be skipped when only one shipping method is available and allowing the payment step to be skipped when only one payment method is available.
- The system must confirm successful creation of the channel and display it in the channel registry regardless of whether only mandatory fields or both mandatory and optional fields were provided."
19,E-commerce,Sylius,"As a store administrator,
I want to be prevented from finalizing an order's payment when a purchased item has become tracked in inventory after the order was placed and does not have sufficient stock,
So that I avoid confirming payments for orders that cannot actually be fulfilled due to stock shortages.

Acceptance Criteria:
- When viewing an order summary for a previously placed order, if a product within that order becomes stock-tracked after purchase with fewer available units than the quantity ordered, attempting to mark the order as paid must be blocked.
- The administrator must be notified that the payment could not be finalized due to insufficient stock whenever the tracked inventory is less than the ordered quantity.
- After a failed attempt to mark the order as paid due to insufficient stock, the order's payment state must remain ""New""."
20,E-commerce,Sylius,"As a store administrator,
I want to browse and view the list of product association types configured in the store,
So that I can review and manage the existing associations available for products.

Acceptance Criteria:
- Given the store has multiple product association types (e.g., ""Cross sell"" and ""Up sell"") already created, the administrator can access a list view of all product association types.
- The list should display the correct total count of product association types matching the number configured in the store.
- Each product association type in the list should be identifiable by its name (e.g., ""Cross sell"" should appear in the list)."
21,E-commerce,Sylius,"As a Store Administrator,
I want to create a new text-type product attribute by specifying its code and name,
So that I can define custom textual properties for products in the store.

Acceptance Criteria:
- The administrator must be able to create a text attribute by providing a unique code and a name in a selected language.
- Upon successful creation, the administrator should receive a confirmation notification and the new text attribute should be visible in the store.
- While creating a text attribute, the type field must be disabled to prevent changing the attribute type during this process."
22,E-commerce,Sylius,"As a customer,
I want the address book edit form to safely handle address fields even if they contain malicious script-like content,
So that I can update my address information without being exposed to potential XSS (Cross-Site Scripting) attacks.

Acceptance Criteria:
- The store operates on a single channel in ""United States"" and the user is a logged-in customer.
- The customer has an existing address in their address book that contains a province value with embedded malicious script content (e.g., an XSS payload).
- When the customer opens the edit form for that address, the page must render without executing any injected script or triggering an unexpected alert popup.
- The customer must be able to successfully update the address information through the edit form without any interruption caused by malicious script execution.
- Any potentially dangerous characters or script tags in the address fields must be properly escaped or sanitized when displayed or processed by the system."
23,E-commerce,Sylius,"As a Customer,
I want to be able to return to the shop homepage while I am on the checkout addressing step,
So that I can easily continue shopping or navigate away from checkout without getting stuck.

Acceptance Criteria:
- The store operates on a single channel in ""United States"", with the product ""The Stick of Truth"" priced at ""$19.99"" and available with free shipping everywhere.
- When a product has been added to the cart and the customer is at the checkout addressing step, selecting the option to go back to the store should redirect the customer to the homepage."
24,E-commerce,Sylius,"As a Store Administrator,
I want to view all existing zones sorted by priority in descending order,
So that I can quickly identify which zones are most important and understand their ranking within the store configuration.

Acceptance Criteria:
- When viewing the list of all zones in the store, they should be displayed sorted by priority from highest to lowest by default
- A zone created without an explicitly specified priority should automatically receive a default priority of 0, placing it at the bottom of the sorted list
- The zone list should accurately reflect the total count of zones and display the correct zone at both the top (highest priority) and bottom (lowest priority) positions"
25,E-commerce,Sylius,"As a Customer,
I want to complete the checkout process and confirm my order when a shipping promotion is applied,
So that I can benefit from the discount on shipping cost while successfully placing my order.

Acceptance Criteria:
- The customer can add a product to the cart and proceed through the checkout addressing step by providing an email and billing address.
- The system correctly applies the active promotion, granting a 10% discount on the shipping fee, when the customer selects the shipping method during checkout.
- The customer can select an available shipping method and an offline payment option, then confirm the order.
- Upon successful order confirmation, the customer is redirected to the thank you page."
26,E-commerce,Sylius,"As a store administrator,
I want to reorder the images of a product,
So that I can control the display sequence of product images in the store.

Acceptance Criteria:
- The administrator can access the image management view for a specific product and modify the position of each existing image.
- The administrator can assign a new position value to each image (small, medium, large) and save the changes.
- After saving, the images should be reordered according to the newly assigned positions, with each image's type correctly reflecting its new position in the list."
27,E-commerce,Sylius,"As a Customer,
I want to see the lowest price a discounted product was sold at during the previous 30 days,
So that I can evaluate whether the current discount is genuine before making a purchase decision.

Acceptance Criteria:
- When a product has no discount, no lowest-price-before-discount information is displayed.
- When a product is discounted, the lowest price at which it was offered (with or without a prior discount) within the last 30 days is displayed, and this reference price updates correctly as the price and discount history change over time, only considering price points within the rolling 30-day window.
- When a discount is removed and the product returns to its original price, no lowest-price-before-discount information is displayed, unless the price later drops below that original price and a new discount is subsequently applied, in which case the lowest price recorded is shown.
- Catalog promotions are treated the same as manual price changes when determining the lowest price before the discount.
- The lowest-price-before-discount information can be enabled or disabled per sales channel, and when disabled, it is never shown to customers regardless of discount history."
28,E-commerce,Sylius,"As a customer,
I want the available shipping methods to be displayed in a specific, predefined order during checkout,
So that I can easily find and select my preferred shipping option based on a consistent and logical arrangement.

Acceptance Criteria:
- Given a store with multiple shipping methods each assigned a specific position, the shipping methods should be displayed in ascending order according to their assigned positions.
- When a logged-in customer adds a product to the cart, provides shipping address details, and proceeds to the shipping step, the shipping method list should reflect the correct sorted order.
- The shipping method with the lowest position value should appear as the first choice, and the one with the highest position value should appear as the last choice."
29,E-commerce,Sylius,"As a customer,
I want to view a product's images on the product details page in the correct order,
So that I can see the main product image prominently and browse additional images easily.

Acceptance Criteria:
- When viewing a product details page, the product name should be displayed correctly.
- The main image displayed should be the one designated with the ""main"" type.
- Product images should be displayed as thumbnails in the correct order based on their assigned position, with the ""main"" type image appearing first.
- Additional images (e.g., ""other"" type) should appear as subsequent thumbnails after the main image, in their assigned order."
30,E-commerce,Sylius,"As a store administrator,
I want the system to validate the data I enter when creating or editing a taxon,
So that I can avoid submitting incomplete, incorrect, or duplicate taxon information that could compromise the store's product categorization.

Acceptance Criteria:
- When attempting to add a translation for a taxon using a locale that is not available in the store, the system should notify the administrator that the locale is not available.
- When attempting to create a new taxon without specifying a code, the system should notify the administrator that the code is required, and the taxon should not be added.
- When attempting to create a new taxon without specifying a name, the system should notify the administrator that the name is required.
- When attempting to create a new taxon with a code that exceeds the maximum allowed length, the system should notify the administrator that the code is too long.
- When attempting to create a new taxon without specifying a slug (via the UI only), the system should notify the administrator that the slug is required.
- When attempting to create a new taxon with a slug that is already used by another taxon, the system should notify the administrator that the taxon slug must be unique."
31,E-commerce,Sylius,"As an administrator,
I want to delete a product association type from the store,
So that I can keep the registry of association types clean and free of unused or unnecessary entries.

Acceptance Criteria:
- The administrator must be logged in to perform the deletion.
- Upon deleting an existing product association type (e.g., ""Cross sell""), the system displays a confirmation notification that the deletion was successful.
- After deletion, the product association type no longer exists in the registry."
32,E-commerce,Sylius,"As a Store Administrator,
I want to browse the list of customer groups configured in the store,
So that I can view and verify all existing customer groups at a glance.

Acceptance Criteria:
- Given the store has customer groups ""Retail"" and ""Wholesale"" already created, when I access the customer group browsing page, the system should display a list containing 2 customer groups.
- The displayed list should correctly include the customer group named ""Retail"".
- Only an authenticated administrator should be able to access and browse the customer group list."
33,E-commerce,Sylius,"As a customer,
I want the checkout process to automatically skip the shipping step when my order does not contain any items requiring shipping,
So that I can complete my purchase faster without going through an unnecessary shipping selection step.

Acceptance Criteria:
- When all items in the cart do not require shipping (e.g., digital products like ebooks), after completing the addressing step, the customer should be redirected directly to the payment step, bypassing the shipping step.
- When at least one item in the cart requires shipping (e.g., a physical book), after completing the addressing step, the customer should be redirected to the shipping step as usual.
- The determination of whether shipping is required should be based on the shipping requirements of each individual product variant in the cart."
34,E-commerce,Sylius,"As a store administrator,
I want to remove a product variant's price from a specific channel,
So that I can manage pricing configurations for channels where the product is disabled or no longer relevant, while retaining the original price for reference.

Acceptance Criteria:
- The administrator should be able to remove a configured price for a product variant on a specific channel, even if the product is disabled on that channel.
- After removing the price, the product variant should no longer have a configured price for that channel.
- The original price for the product variant on that channel should remain unchanged and still be displayed.
- This behavior should be consistent whether the channel itself is enabled or disabled."
35,E-commerce,Sylius,"As a Customer,
I want to be prevented from adding more items to my cart than are available in stock,
So that I can only purchase products that the store can actually fulfill.

Acceptance Criteria:
- The store operates on a single channel in the United States.
- A product can be tracked by inventory and have a defined available stock quantity.
- When a customer adds a quantity of a tracked product that is less than or equal to the available stock, the item is added to the cart successfully.
- When the requested quantity is in stock, the customer is not notified about insufficient stock.
- After successfully adding in-stock items to the cart, the customer is redirected to the cart summary page."
36,E-commerce,Sylius,"As a Administrator,
I want to view order items using the product names that were used when the order was placed,
So that I can accurately review past orders even if product names change later.

Acceptance Criteria:
- An administrator can view the summary of an existing order.
- The order summary displays the correct number of items in the order.
- Order items are listed using the original product names captured at purchase time, even if the products have since been renamed.
- The items list includes the originally purchased product name ""Angel T-Shirt"".
- The items list includes the originally purchased product name ""Angel Mug"".
- The order items total is displayed as ""$58.00"".
- The order total is displayed as ""$58.00""."
37,E-commerce,Sylius,"As an Administrator,
I want to edit existing zones by changing their name, priority, and members,
So that I can keep my tax and shipping configuration accurate and up to date.

Acceptance Criteria:
- I can remove a country from an existing zone and save the changes successfully.
- I can remove multiple countries from a zone, add a country back, and save the changes successfully.
- I can remove a province from an existing zone and save the changes successfully.
- I can remove a nested zone from an existing zone and save the changes successfully.
- I can rename an existing zone and save the changes successfully.
- I can change a zone’s priority and save the changes successfully.
- After saving edits, I receive a success notification.
- The zone’s members are updated to reflect only the remaining or newly added members.
- The zone’s name is updated when renamed.
- The zone’s priority is updated when changed."
38,E-commerce,Sylius,"As a Customer,
I want to receive a fixed discount on each unit of a promoted product in my cart,
So that I can buy specific products at a reduced price.

Acceptance Criteria:
- When a promoted product is added to the cart, its unit price is decreased by the configured fixed discount.
- When a non-promoted product is added to the cart, its price is not decreased.
- When multiple units of a promoted product are added to the cart, the fixed discount is applied to each unit.
- The discount applied to a promoted product cannot exceed the total price of the items, and the cart total cannot go below $0.00.
- The fixed discount is applied only to the specified product and does not affect other products in the cart.
- Different promotions can apply different fixed discounts to different products in the same cart.
- The cart total reflects the sum of all discounted and non-discounted item prices after promotions are applied."
39,E-commerce,Sylius,"As an Administrator,
I want to navigate directly between product show, edit, and variant edit pages,
So that I can efficiently manage products and their variants from the admin panel.

Acceptance Criteria:
- From a simple product show page, I can open that product’s edit page.
- From a configurable product show page, I can open that product’s edit page.
- From a product show page, I can open the edit page of one of its variants.
- From a simple product edit page, I can open that product’s show page.
- From a configurable product edit page, I can open that product’s show page.
- From a simple product creation page, I cannot open a product show page.
- From a configurable product creation page, I cannot open a product show page."
40,E-commerce,Sylius,"As an Administrator,
I want to delete product reviews,
So that I can remove test, obsolete, or incorrect reviews from the store.

Acceptance Criteria:
- An administrator can delete an existing product review.
- After deletion, the administrator is notified that the product review has been successfully deleted.
- Once deleted, the product review no longer exists in the registry."
41,E-commerce,Sylius,"As an Administrator,
I want to delete multiple product attributes at once,
So that I can efficiently remove obsolete, incorrect, or test attributes from the catalog.

Acceptance Criteria:
- Given product attributes exist and I am logged in as an administrator, I can browse the product attributes list.
- I can select multiple product attributes from the list.
- I can delete the selected product attributes in a single action.
- After deletion, I am notified that the selected product attributes were successfully deleted.
- The deleted product attributes no longer appear in the list.
- Any product attributes not selected for deletion remain in the list."
42,E-commerce,Sylius,"As an Administrator,
I want to filter payments by state,
So that I can quickly browse payments matching a specific status.

Acceptance Criteria:
- The payments list can be filtered by payment state from the payments browsing page.
- When filtering by state ""New"", the list shows 3 payments: the payments of orders ""#00000001"", ""#00000005"", and ""#00000006"", and does not show the payment of order ""#00000002"".
- When filtering by state ""Completed"", the list shows a single payment: the payment of order ""#00000002"", and does not show the payment of order ""#00000003"".
- When filtering by state ""Processing"", the list shows a single payment: the payment of order ""#00000003"", and does not show the payment of order ""#00000004"".
- When filtering by state ""Refunded"", the list shows a single payment: the payment of order ""#00000004"", and does not show the payment of order ""#00000005"".
- When filtering by state ""Cancelled"", the list shows a single payment: the payment of order ""#00000005"", and does not show the payment of order ""#00000006"".
- When filtering by state ""Failed"", the list shows a single payment: the payment of order ""#00000006"", and does not show the payment of order ""#00000001""."
43,E-commerce,Sylius,"As a Visitor,
I want to have fixed order discounts distributed correctly across cart item units,
So that I pay the proper amount when multiple promoted products are added to my cart.

Acceptance Criteria:
- The store supports fixed-amount promotions applied to orders.
- When multiple fixed discounts are stacked, they are applied according to their priority.
- Fixed discounts are distributed across item units in the cart correctly.
- Adding 3 units of ""PHP T-Shirt"" and 1 unit of ""Symfony Mug"" results in a cart total of ""$1.26"".
- The total discount applied to the cart is ""-$91.68"".
- The cart shipping total remains ""$1.26""."
44,E-commerce,Sylius,"As an Administrator,
I want to modify a customer's shipping address after an order has been placed,
So that I can ensure the order is shipped to the correct destination.

Acceptance Criteria:
- I can open the summary of an existing placed order and edit its shipping address.
- I can change the shipping recipient name, street address, postal code, city, and country.
- After saving the changes, I receive a success notification.
- The order’s shipping address is updated to the new values.
- When changing the shipping country, I can only select provinces that belong to that country.
- Updating the shipping address does not change the order total, even if the product price has changed after the order was placed.
- Updating the shipping address does not change the order total if the channel has been disabled.
- Updating the shipping address does not change the order total if the currency has been disabled.
- Updating the shipping address does not change the order total if the ordered product is out of stock."
45,E-commerce,Sylius,"As a Visitor,
I want to see product breadcrumbs with only clickable available taxons,
So that I can navigate the catalog without being sent to disabled categories.

Acceptance Criteria:
- Given a store operating on a channel named ""Poland""
- And the store classifies products as ""T-Shirts""
- And the ""T-Shirts"" taxon has children taxons ""Men"" and ""Women""
- And a product ""T-Shirt Coconut"" is available in the ""Poland"" channel
- And this product has a main taxon ""Men""
- When the ""Men"" taxon is disabled
- And I view product ""T-Shirt Coconut""
- Then I should not be able to click the disabled main taxon ""Men"" in the breadcrumb"
46,E-commerce,Sylius,"As a Customer,
I want to receive fixed discounts on products from specific taxons in my cart,
So that I can pay less for promoted items while shopping.

Acceptance Criteria:
- A promotion can apply a fixed monetary discount to every product classified under a specific taxon.
- When a customer adds one discounted product from the promoted taxon to the cart, the item price is reduced by the promotion amount and the cart total reflects the discount.
- When a customer adds multiple discounted products from the promoted taxon to the cart, the discount is applied to each eligible item and the cart total reflects the combined discount.
- If the total fixed discount for eligible items equals the items’ total price, the cart total becomes $0.00.
- If the total fixed discount for eligible items is greater than the items’ total price, the cart total does not go below $0.00.
- Discounts are applied only to products belonging to the promoted taxon; products from other taxons are not discounted.
- Multiple promotions can apply different fixed discounts to products from different taxons in the same cart.
- The cart total is calculated from the discounted prices of all items in the cart."
47,E-commerce,Sylius,"As a Visitor,
I want to have the account registration form prefilled after placing an order,
So that I can create an account more easily after checkout.

Acceptance Criteria:
- After completing checkout as a visitor, the thank you page is displayed.
- On the thank you page, the visitor can proceed to registration.
- The registration form is prefilled with the email address used during checkout.
- If the customer is already logged in, they can still complete checkout and see the thank you page.
- If the customer is already logged in, they should not be offered the option to proceed to registration."
48,E-commerce,Sylius,"As an Administrator,
I want to have order numbers generated sequentially,
So that each order has a unique, predictable number.

Acceptance Criteria:
- When I browse the orders list, I should see orders numbered sequentially.
- The first created order should have the number `#000000001`.
- The second created order should have the number `#000000002`.
- Order numbers should be unique across orders."
49,E-commerce,Sylius,"As a Customer,  
I want to be prevented from changing the payment method of a cancelled order,  
So that I can only perform valid operations on orders that are no longer active.

Acceptance Criteria:
- A logged-in customer with a cancelled order can browse the order details.
- If the customer tries to change the payment method of a cancelled order, the system blocks the change.
- The customer is notified that the payment method can no longer be changed for that order."
50,E-commerce,Sylius,"As an Administrator,
I want to edit customer details,
So that I can keep customer information accurate and up to date.

Acceptance Criteria:
- I can edit an existing customer’s first name and last name.
- When I save changes to a customer’s first and last name, I am notified that the customer has been successfully edited.
- The updated customer name is reflected in the store after saving.
- I can remove an existing customer’s first name.
- I can remove an existing customer’s last name.
- When I save changes after removing the customer’s first and last name, I am notified that the customer has been successfully edited.
- The customer’s first name can be empty after saving.
- The customer’s last name can be empty after saving.
- I can mark an existing customer as subscribed to the newsletter.
- When I save changes after subscribing the customer to the newsletter, I am notified that the customer has been successfully edited.
- The customer is shown as subscribed to the newsletter after saving.
- I can assign a customer group to an existing customer.
- When I save changes after selecting a group, I am notified that the customer has been successfully edited.
- The selected customer group is saved and displayed for the customer."
51,E-commerce,Sylius,"As an Administrator,
I want to be prevented from creating a channel with a code that already exists,
So that each channel can be uniquely identified in the system.

Acceptance Criteria:
- The system must already allow a channel to exist with code ""WEB"".
- When I create a new channel and set its code to an existing code such as ""WEB"", the creation must be rejected.
- I must be notified that a channel with this code already exists.
- The system must not create a duplicate channel with the same code.
- After the attempt, there must still be only one channel with code ""WEB""."
52,E-commerce,Sylius,"As an Administrator,
I want to create a new sales channel with a menu taxon,
So that I can sell products through specific channels using products from selected categories.

Acceptance Criteria:
- I can create a new channel by specifying its code, name, base currency, available locale(s), default locale, tax calculation strategy, and menu taxon.
- When I add the channel, I am notified that it has been successfully created.
- The newly created channel appears in the channels registry.
- The channel is saved with the selected menu taxon."
53,E-commerce,Sylius,"As a Administrator,
I want to mark an order’s payment as refunded,
So that I can record when a customer’s payment has been successfully refunded.

Acceptance Criteria:
- An administrator viewing an order summary can mark the order’s payment as refunded.
- When the payment is marked as refunded, the system shows a success notification confirming the refund.
- The order’s payment state is updated to `refunded`.
- After all payments for an order are refunded, the order’s overall payment state is `refunded`."
54,E-commerce,Sylius,"As an Administrator,
I want to create a product attribute and choose whether it is translatable,
So that I can define attributes that are either language-specific or shared across all locales.

Acceptance Criteria:
- An administrator can create a new integer product attribute.
- The administrator can set the attribute code during creation.
- The administrator can provide a name for the attribute in the available locale.
- The administrator can disable the translatability option for the attribute.
- When the attribute is added with translatability disabled, it is created successfully.
- The system shows a success notification after the attribute is created."
55,E-commerce,Sylius,"As an Administrator,
I want to browse product options,
So that I can see all defined product options in the store.

Acceptance Criteria:
- An administrator can access the product options list while logged in.
- When product options exist in the store, they are displayed in the list.
- The list shows all defined product options.
- Each product option is present in the registry and can be found by its name and code."
56,E-commerce,Sylius,"As a Visitor,
I want to track the total quantity of the cart,
So that I can easily determine the number of products I’m about to buy.

Acceptance Criteria:
- The cart total quantity is displayed when a product is added to the cart.
- When 1 unit of a single product is added to the cart, the total quantity is 1.
- When 2 units of a single product are added to the cart, the total quantity is 2.
- When multiple different products are added with varying quantities, the cart total quantity equals the sum of all item quantities.
- The total quantity updates correctly as products are added to the cart."
57,E-commerce,Sylius,"As a Customer,
I want to see the current product prices in my cart and during checkout even if a catalog promotion is no longer available,
So that I can complete my order using the correct, up-to-date prices.

Acceptance Criteria:
- When a customer has a product variant in the cart and the related catalog promotion becomes unavailable, the cart should retain the product.
- During checkout, the system should recalculate and display the current unit price for the product variant.
- The checkout summary step should show the product with its original current price, not the discounted promotional price, when the promotion is no longer eligible."
58,E-commerce,Sylius,"As an Administrator,
I want to create and edit zones with proper validation of required fields, type restrictions, and member codes,
So that I can manage zones accurately without saving invalid or inconsistent data.

Acceptance Criteria:
- A zone cannot be added without a code, and the system must notify that code is required.
- A zone code cannot exceed the allowed length, and the system must notify that the code is too long.
- A zone cannot be added without a name, and the system must notify that name is required.
- A zone cannot be added without at least one member, and the system must notify that at least one zone member is required.
- When creating a country zone, the type field must be disabled and fixed to country.
- When creating a province zone, the type field must be disabled and fixed to province.
- When editing an existing zone, its code must not be editable.
- When editing a zone, the zone cannot be added as its own member.
- A country zone can only contain valid country codes; invalid country codes must be rejected with an error.
- A province zone can only contain valid province codes; invalid province codes must be rejected with an error.
- A zone zone can only contain valid zone codes; invalid zone codes must be rejected with an error.
- A zone cannot be created with an invalid zone type, and the system must notify that the type is invalid."
59,E-commerce,Sylius,"As a Customer,
I want to return from the order summary page to previous checkout steps,
So that I can modify my address, shipping method, or payment method before completing my order.

Acceptance Criteria:
- After reaching the order summary page, I can go back to the payment step to change my payment method and then return to the summary page.
- After reaching the order summary page, I can go back to the shipping step and then return to the payment step again.
- After reaching the order summary page, I can go back to the addressing step and then return to the shipping step again.
- If I am a returning customer using an email that already exists in the store, I can still go back to the addressing step and then continue again to the shipping step.
- If my order total is zero, I can go back from the summary page to the shipping step and then continue again to the complete step.
- If my order total is zero, I can go back from the summary page to the addressing step and then continue again to the shipping step."
60,E-commerce,Sylius,"As an Administrator,
I want to view a product’s non-translatable attributes on the edit page,
So that I can verify the product’s attribute values regardless of locale.

Acceptance Criteria:
- Given the store operates on a single channel in the United States, when a product exists with a non-translatable percent attribute named ""crit chance"" and value 10%, and I am logged in as an administrator, I can open the product edit page.
- When I modify the product ""Iron Pickaxe"", I should see the non-translatable attribute ""crit chance"" displayed with the value 10%.
- Non-translatable attributes must be visible on the product edit page even when the product is managed in different locales."
61,E-commerce,Sylius,"As a Customer,
I want to apply a promotion coupon to my cart only when it is valid for my account and usage history,
So that I receive the correct discount without exceeding the coupon’s per-customer usage limit.

Acceptance Criteria:
- A logged-in customer can apply a valid promotion coupon to their cart and receive the configured discount.
- A coupon with a per-customer usage limit remains valid for a customer until that limit is reached.
- A customer who has already used a coupon up to its allowed per-customer limit cannot receive the discount again.
- A previously placed and completed order using the coupon counts toward the customer’s coupon usage limit.
- By default, a cancelled order does not count toward the customer’s coupon usage limit.
- If the promotion is configured to treat cancelled orders as non-reusable, a cancelled order does count toward the customer’s coupon usage limit.
- When the coupon is valid, the cart total reflects the discount amount.
- When the coupon is no longer valid due to usage limits, no discount is applied and the cart total remains unchanged."
62,E-commerce,Sylius,"As a Visitor,
I want to submit a product review only when all required fields are valid,
So that I can avoid mistakes and ensure only properly completed reviews are accepted.

Acceptance Criteria:
- A visitor can start reviewing an existing product.
- A review must include a rating.
- A review title is required.
- A review title must contain at least 2 characters.
- A review title must not exceed 255 characters.
- A review comment is required.
- An author email is required.
- A review cannot be submitted using an email address that is already registered to a customer account.
- A review rating must be between 1 and 5 inclusive.
- When any required field is missing or invalid, the visitor is notified with the appropriate validation message."
63,E-commerce,Sylius,"As a Visitor,
I want to see catalog promotions applied to product variants in the catalog,
So that I can identify discounted products and understand their reduced prices.

Acceptance Criteria:
- A catalog promotion can be configured to apply to a product and reduce its variant prices by a percentage.
- When a visitor views a product variant, the original price and discounted price are displayed.
- The displayed discount reflects the promotion applied to that product variant.
- If a product has multiple variants, the promotion is applied consistently to each variant based on its original price.
- When a single catalog promotion reduces a variant price by 50%, a $20.00 variant is shown as discounted to $10.00.
- When a single catalog promotion reduces a variant price by 50%, a $30.00 variant is shown as discounted to $15.00.
- Multiple catalog promotions can apply to the same product.
- When multiple catalog promotions apply, the final discounted price reflects all applicable promotions.
- When a 50% promotion and a 10% promotion apply to a $20.00 variant, the final price is shown as $9.00.
- The names of all applied catalog promotions are shown alongside the discounted price."
64,E-commerce,Sylius,"As an Administrator,  
I want to edit an existing customer’s email address,  
So that I can help customers update their account details when needed.

Acceptance Criteria:
- Given the store operates on a single channel in ""United States""
- And a customer ""Frodo Baggins"" exists with email ""f.baggins@example.com"" and password ""ring""
- And I am logged in as an administrator
- When I edit this customer
- And I change their email to ""strawberry@example.com""
- And I save my changes
- Then I should be notified that the customer has been successfully edited
- And the customer should be able to log in with the new email ""strawberry@example.com"" and the existing password ""ring"""
65,E-commerce,Sylius,"As an Administrator,
I want to create select product attributes with one or multiple values,
So that I can define specific product parameters for customers to choose from.

Acceptance Criteria:
- I can start creating a new select product attribute while logged in as an administrator.
- I can specify a unique code for the attribute.
- I can name the attribute in the store’s available language.
- I can add at least one selectable value for the attribute.
- I can add multiple selectable values for the same attribute.
- I can mark the attribute as allowing multiple options.
- When I save the attribute, I receive a success notification.
- The newly created select attribute appears in the store.
- The created attribute retains the values I added.
- The created attribute shows all added values when multiple values are configured.
- The type field is disabled when creating a select product attribute."
66,E-commerce,Sylius,"As a Administrator,
I want to be prevented from deleting products that have already been purchased,
So that I can preserve order history and maintain data integrity.

Acceptance Criteria:
- When I try to delete a product that has been purchased by a customer, I am notified that the product is in use and cannot be deleted.
- A purchased product remains in the product catalog after a deletion attempt."
67,E-commerce,Sylius,"As a Customer,  
I want to be prevented from completing checkout with a payment method that is no longer available,  
So that I only place orders using valid payment methods.

Acceptance Criteria:
- Given I have added a product to the cart and selected an offline payment method, when that payment method becomes disabled before order confirmation, then I am informed that the payment method has been disabled.
- When I confirm my order with a disabled payment method, then the order is not completed successfully.
- When I confirm my order with a disabled payment method, then I do not see the thank you page."
68,E-commerce,Sylius,"As an Administrator,
I want to view the detailed product show page for a product in the admin panel,
So that I can review all important product information, including variants, taxonomies, options, media, descriptions, and associations.

Acceptance Criteria:
- I can open a configurable product’s show page from the products list.
- The product show page displays the product name.
- The product show page displays the product’s main taxon and additional taxons when they exist.
- The product show page displays the product option names.
- The product show page displays all product variants.
- The product show page displays each variant’s details, including code, price, current stock, and channel.
- The product show page displays product-related images when they exist.
- The product show page displays the product slug, description, meta keywords, and short description when they exist.
- The product show page displays product association types when they exist.
- The product show page displays associated products under their association type when they exist."
69,E-commerce,Sylius,"As a logged out Administrator,
I want to be redirected to the login page when I try to access the administration dashboard,
So that I can authenticate before accessing the admin area.

Acceptance Criteria:
- When the store operates on a single channel in ""United States"" and I have been logged out from administration, attempting to open the administration dashboard redirects me to the login page.
- A logged out administrator cannot access the administration dashboard directly.
- The login page is shown whenever an unauthenticated administrator tries to access the admin dashboard."
70,E-commerce,Sylius,"As a Visitor,
I want to see only the shipping methods available for my current channel when completing checkout,
So that I can choose a valid shipping option for my order.

Acceptance Criteria:
- When I am shopping in the ""United States"" channel and proceed to the shipping step, I should see the ""ultra fast"" shipping method.
- When I am shopping in the ""United States"" channel and proceed to the shipping step, I should not see the ""uber speedy"" shipping method.
- When I am shopping in the ""United Kingdom"" channel and proceed to the shipping step, I should see the ""uber speedy"" shipping method.
- When I am shopping in the ""United Kingdom"" channel and proceed to the shipping step, I should not see the ""ultra fast"" shipping method."
71,E-commerce,Sylius,"As an Administrator,
I want to add images to existing products and configurable products,
So that I can manage product visuals, assign image types, and optionally associate images with specific variants.

Acceptance Criteria:
- I can add a single image with a specified type to an existing product and receive a success notification.
- When I add a typed image to a product, the product is saved with that image type.
- SVG images are rejected when attaching images to a product, and I am notified that SVG files are not allowed.
- If an SVG image is rejected, no images are added to the product.
- I can add multiple images with different types to the same product and receive a success notification.
- When I add multiple images with different types, the product contains each of the specified image types.
- I can add multiple images of the same type to a product and receive a success notification.
- When I add multiple images of the same type, the product stores both images.
- I can add a single image with a specified type to an existing configurable product and receive a success notification.
- When I add a typed image to a configurable product, the product is saved with that image type.
- I can add multiple images of the same type to a configurable product and receive a success notification.
- When I add multiple images of the same type to a configurable product, the product stores both images.
- I can add an image without specifying a type and receive a success notification.
- When I add an image without specifying a type, the product stores exactly one image.
- I can add an image without specifying a type to a configurable product and receive a success notification.
- When I add an image without specifying a type to a configurable product, the product stores exactly one image.
- I can add an image to a configurable product while selecting a variant and receive a success notification.
- When I add an image with a selected variant, the product stores exactly one image.
- When I add an image with a selected variant, the image is associated with the chosen variant."
72,E-commerce,Sylius,"As a Visitor,
I want to view an image on a taxon details page,
So that I can visually identify the taxon and browse products more easily.

Acceptance Criteria:
- The store operates on a single channel in the United States.
- The store classifies products under a taxon named ""Category"".
- The ""Category"" taxon can have an image assigned with type ""main"".
- When I view the details of the ""Category"" taxon, I should see the taxon name.
- When I view the details of the ""Category"" taxon, I should see its main image."
73,E-commerce,Sylius,"As an Administrator,
I want to have promotion coupon usage increased after order placement,
So that I can accurately track how many times each promotion coupon has been used.

Acceptance Criteria:
- When a customer places an order using a promotion coupon, the coupon usage count is increased by 1.
- The updated usage count is visible when browsing all coupons for the related promotion.
- If multiple orders are placed using the same coupon, the usage count reflects the total number of orders using that coupon.
- A coupon used in one order is counted independently for each successful order placement."
74,E-commerce,Sylius,"As an Administrator,
I want to sort payment methods by their positions,
So that I can control the order in which payment methods are displayed to customers.

Acceptance Criteria:
- Payment methods are listed in ascending order by position by default.
- When browsing payment methods, all configured payment methods are shown in the list.
- The payment method with the lowest position appears first in the list.
- The payment method with the highest position appears last in the list.
- A payment method added without a position is placed at the end of the list.
- A payment method added at position 0 is placed at the beginning of the list."
75,E-commerce,Sylius,"As an Administrator,  
I want to add a new checkbox product attribute,  
So that I can display specific product parameters to customers.

Acceptance Criteria:
- I can create a new checkbox product attribute by specifying its code and name.
- After adding the attribute, I am notified that it has been successfully created.
- The newly created checkbox attribute appears in the store with the provided name.
- When creating a checkbox product attribute, the type field is disabled."
76,E-commerce,Sylius,"As a Customer,
I want to have correct taxes applied to my cart for products in the same tax category,
So that I can see and pay the proper total amount for my order.

Acceptance Criteria:
- When I add one taxed product priced at $100.00 with a 23% tax rate, the cart total should be $123.00 and the cart taxes should be $23.00.
- When I add 3 units of the same taxed product priced at $100.00 with a 23% tax rate, the cart total should be $369.00 and the cart taxes should be $69.00.
- When I add 3 units of one taxed product priced at $100.00 and 2 units of another taxed product priced at $30.00, both with a 23% tax rate, the cart total should be $442.80 and the cart taxes should be $82.80.
- When I remove one taxed product from a cart containing 3 units of one taxed product and 2 units of another taxed product, both with a 23% tax rate, the cart total should be $73.80 and the cart taxes should be $13.80.
- When I change the quantity of a taxed product in a cart containing 3 units of one taxed product and 2 units of another taxed product, both with a 23% tax rate, to 1, the cart total should be $196.80 and the cart taxes should be $36.80."
77,E-commerce,Sylius,"As an Administrator,
I want to remove an existing catalog promotion,
So that I can keep catalog promotions under control and ensure affected product prices are no longer discounted.

Acceptance Criteria:
- I can request the removal of a catalog promotion from the system.
- When a catalog promotion is removed, I am notified that the removal operation has started successfully.
- After removal, the catalog promotions list is empty when the removed promotion was the only one present.
- Removing an expired catalog promotion removes it successfully.
- Removing an active catalog promotion without time limits removes it successfully.
- Removing an active catalog promotion within a defined time range removes it successfully.
- Removing a scheduled catalog promotion removes it successfully.
- After a catalog promotion is removed, the associated product variant is no longer discounted."
78,E-commerce,Sylius,"As an Administrator,
I want an order’s payment state to return to ""Awaiting payment"" when an authorized payment is cancelled by the gateway,
So that the customer can retry payment after the authorization is voided.

Acceptance Criteria:
- Given an order with an authorized payment, when that payment is cancelled by the gateway, the order payment state should change to ""Awaiting payment"".
- After the payment cancellation, the order should still be viewable in the orders list with the updated payment state.
- When viewing the order summary after the cancellation, the order should contain only 2 payments."
79,E-commerce,Sylius,"As an Administrator,
I want to prevent duplicate tax category codes,
So that each tax category can be uniquely identified.

Acceptance Criteria:
- Given a tax category already exists with code ""alcohol"", when I create a new tax category and set its code to ""alcohol"", the system should reject the creation.
- The administrator should be notified that a tax category with this code already exists.
- After the failed attempt, there should still be only one tax category with code ""alcohol""."
80,E-commerce,Sylius,"As an Administrator,
I want to ship an order and view its shipment status,
So that I can confirm that an order has been dispatched and prevent shipping it twice.

Acceptance Criteria:
- Given an order exists with a valid shipment, when I view the order summary, I can specify a tracking code and ship the order.
- When I ship an order successfully, I am notified that the order has been successfully shipped.
- After shipping, the shipment state is updated to `shipped`.
- If an order has already been shipped, I cannot ship it again from the order summary.
- When browsing orders, a shipped order is shown with order shipping state `Shipped`."
81,E-commerce,Sylius,"As an Administrator,
I want to archive and restore shipping methods,
So that obsolete shipping methods are hidden from customers while still being manageable in the admin panel.

Acceptance Criteria:
- I can archive an active shipping method from the shipping methods list.
- After archiving a shipping method, it no longer appears in the active shipping methods list.
- I can filter the shipping methods list to show only archived shipping methods.
- When filtering archived shipping methods, only archived methods are displayed.
- I can restore an archived shipping method.
- After restoring a shipping method, I am returned to the non-archived shipping methods list.
- After restoring, the restored shipping method appears again among the active shipping methods.
- The shipping methods list reflects the correct number of active shipping methods after restoration."
82,E-commerce,Sylius,"As an Administrator,
I want to browse shipments from all channels in one place,
So that I can manage shipments regardless of the channel they belong to.

Acceptance Criteria:
- I can browse a list of shipments across multiple channels.
- The shipments list shows shipments from all available channels, not only the current one.
- The shipments list displays the correct number of shipments.
- Each shipment entry shows the related order number.
- Each shipment entry shows the customer email.
- Each shipment entry shows the channel the order belongs to.
- Each shipment entry shows the current shipment state.
- A shipment for order ""#00000001"" placed by ""donald@duck.com"" in the ""United States"" channel is shown as ""Shipped"".
- A shipment for order ""#00000003"" placed by ""iron@man.com"" in the ""Canada"" channel is shown as ""Ready""."
83,E-commerce,Sylius,"As a Customer,
I want to see the items and quantities in my order summary,
So that I can be certain about the contents of my order before placing it.

Acceptance Criteria:
- The checkout summary page displays all products currently in the cart.
- The checkout summary page shows the correct quantity for each product.
- The displayed order summary reflects the items added to the cart during checkout.
- The order summary remains accessible after completing the addressing, shipping, and payment steps."
84,E-commerce,Sylius,"As an Administrator,
I want to see and edit the selected option values of a product variant,
So that I can accurately review and update variant attributes.

Acceptance Criteria:
- When editing an existing product variant, its current option values are displayed.
- The default option values for the variant are shown correctly on the edit form.
- If I change a variant’s option values and save them, the updated values are persisted.
- When I reopen the same variant for editing, the previously saved option values are displayed correctly."
85,E-commerce,Sylius,"As an Administrator,
I want to be prevented from deleting the last available channel,
So that the store remains accessible to customers.

Acceptance Criteria:
- When the store operates on a single channel, attempting to delete that channel is blocked.
- The administrator is notified that the channel cannot be deleted.
- The channel remains in the registry after the delete attempt."
86,E-commerce,Sylius,"As a customer,
I want to receive discounts on my cart when I buy enough products from a promoted taxon,
So that I can pay less for eligible purchases.

Acceptance Criteria:
- A promotion can apply a fixed discount when the cart contains products from a specific taxon and the total value of those products meets or exceeds a minimum threshold.
- If the cart contains an eligible product from the promoted taxon and the threshold is met, the discount is applied to the order total.
- If the cart contains products from a different taxon than the one targeted by the promotion, no discount is applied.
- If the cart contains products from the promoted taxon but their total value does not meet the minimum threshold, no discount is applied.
- If multiple quantities of a product from the promoted taxon make the total value meet the minimum threshold, the discount is applied once.
- If multiple promotions target different taxons and the cart contains eligible products for each promotion, all applicable discounts are applied together."
87,E-commerce,Sylius,"As a Store Owner,
I want catalog promotions to be automatically applied to newly created products and variants when they match the promotion scope,
So that eligible new items immediately display the correct discounted price to visitors.

Acceptance Criteria:
- A catalog promotion that reduces price by a percentage and targets a specific taxon is applied to a newly created simple product assigned to that taxon in the active channel.
- When a new simple product matches the catalog promotion scope, visitors see the discounted price instead of the original price.
- A catalog promotion is applied to a newly created variant of a configurable product when the parent product belongs to the targeted taxon and the variant is created in the active channel.
- When a new variant matches the catalog promotion scope, visitors see the discounted price for the parent product in the active channel.
- A catalog promotion is not applied to a newly created variant when the parent product does not belong to the targeted taxon.
- When a new variant is not eligible for the catalog promotion, visitors see the original price with no discount applied."
88,E-commerce,Sylius,"As a Visitor,
I want to see a themed user interface on each channel website,
So that I can easily distinguish stores.

Acceptance Criteria:
- When a channel does not use any theme, visiting its homepage should not display the homepage from the theme.
- When a channel uses the ""maverick/meerkat"" theme, visiting its homepage should display the themed homepage.
- The theme should be able to change the homepage template contents, such as showing ""Onions and bananas""."
89,E-commerce,Sylius,"As an Administrator,
I want to view an order summary showing item prices with all applicable promotion discounts,
So that I can understand how product-level and order-level promotions affect each order item’s final price.

Acceptance Criteria:
- The order summary displays each product’s original unit price.
- The order summary displays each product’s discounted unit price after applying promotions.
- The order summary displays the quantity of each ordered product.
- The order summary displays the item-level discount applied to each product.
- The order summary displays the allocated order-level discount for each product.
- The order summary displays the subtotal for each product after all discounts.
- Product-specific promotions are reflected in the discounted unit price and item discount.
- Order-wide promotions are proportionally distributed across order items and reflected in the order discount.
- For an order containing 2 PHP T-Shirts and 1 Symfony Mug, the PHP T-Shirt shows:
  - unit price of $60.00
  - discounted unit price of $36.66
  - quantity of 2
  - item discount of -$20.00
  - order discount of ~ -$3.34
  - subtotal of $73.33
- For an order containing 2 PHP T-Shirts and 1 Symfony Mug, the Symfony Mug shows:
  - unit price of $40.00
  - discounted unit price of $36.67
  - quantity of 1
  - item discount of $0.00
  - order discount of ~ -$3.33
  - subtotal of $36.67"
90,E-commerce,Sylius,"As a Administrator,
I want to edit an existing tax category,
So that I can change its tax classification details without altering its code.

Acceptance Criteria:
- An administrator can open an existing tax category for editing.
- The code of an existing tax category cannot be changed during editing.
- The name of an existing tax category can be changed.
- Saving valid changes to a tax category shows a success notification.
- After saving, the tax category reflects the updated name."
91,E-commerce,Sylius,"As a Administrator,
I want to see the customer’s IP address on placed orders,
So that I can know from which IP address a new order was placed.

Acceptance Criteria:
- When a customer confirms and places an order, the order stores the customer’s IP address.
- As an administrator, when I view the summary of a placed order, I can see the customer’s IP address.
- The customer’s IP address is available for newly placed orders in both API and UI contexts."
92,E-commerce,Sylius,"As a Customer,  
I want to only add products and variants that are available in the current channel,  
So that my cart contains only valid items for the store I am browsing.

Acceptance Criteria:
- When I browse a channel and try to add a simple product that belongs to another channel, I am informed that the product does not exist.
- When I browse a channel and try to add a variant of a configurable product that belongs to another channel, I am informed that the product does not exist.
- The cart must not accept products or variants from channels other than the one currently being browsed."
93,E-commerce,Sylius,"As an Administrator,
I want to enable or disable catalog promotions,
So that I can control which promotional discounts are currently applied to products.

Acceptance Criteria:
- I can disable an active catalog promotion.
- When a catalog promotion is disabled, it becomes inactive.
- When a catalog promotion is disabled, its discount is no longer applied to affected product variants.
- I can enable a disabled catalog promotion.
- When a disabled catalog promotion is enabled during its operating period, it becomes active.
- When a disabled catalog promotion is enabled during its operating period, its discount is applied to affected product variants.
- When I enable a catalog promotion before its start date, it remains inactive.
- When I enable a catalog promotion after its end date, it remains inactive.
- When a catalog promotion is inactive because it is outside its operating period, its discount is not applied to affected product variants."
94,E-commerce,Sylius,"As a Customer,
I want to view the exchange rates available in my current channel,
So that I can be aware of the currency conversion rates relevant to the shop I am using.

Acceptance Criteria:
- The store operates on multiple channels, each with its own base currency and allowed shopping currencies.
- When I switch my current channel to a specific channel, I can retrieve the exchange rates for that channel.
- I can see only the exchange rates for currencies available in the current channel.
- For the ""Web-US"" channel, I see 2 exchange rates in the list.
- For the ""Web-US"" channel, I see the exchange rate from ""US Dollar"" to ""British Pound"" with value 0.7.
- For the ""Web-US"" channel, I see the exchange rate from ""Polish Zloty"" to ""US Dollar"" with value 0.23.
- For the ""Web-US"" channel, I do not see the exchange rate from ""British Pound"" to ""Bhutanese Ngultrum""."
95,E-commerce,Sylius,"As a customer,
I want to see shipping fees displayed in the current channel’s base currency during checkout,
So that I can clearly understand the shipping cost before selecting a shipping method.

Acceptance Criteria:
- When I am checking out on the ""Web-US"" channel, shipping methods are shown in USD.
- When I am checking out on the ""Web-GB"" channel, shipping methods are shown in GBP.
- For a shipment-based shipping method, the displayed fee matches the channel-specific fee configured for that method.
- For a unit-based shipping method, the displayed fee is calculated according to the quantity in the cart and shown in the channel’s base currency.
- On the checkout shipping step, I can see the shipping method name together with its fee.
- The shipping fee shown for each method reflects the current channel and the contents of the cart."
96,E-commerce,Sylius,"As an Administrator,
I want to delete shipping methods,
So that I can remove obsolete, incorrect, or test shipping methods from the store.

Acceptance Criteria:
- An administrator can browse the list of shipping methods.
- An administrator can delete an existing shipping method.
- After deletion, the system shows a success notification confirming the shipping method was deleted.
- A deleted shipping method no longer exists in the shipping methods registry."
97,E-commerce,Sylius,"As a Customer,
I want to see only the countries available for my current channel when entering checkout address details,
So that I can choose my country more easily.

Acceptance Criteria:
- When the current channel defines operating countries, only those countries are available to choose from on the checkout addressing step.
- When the current channel defines a single operating country, only that country is shown on the checkout addressing step.
- When the current channel does not define any operating countries, all store countries are available to choose from on the checkout addressing step."
98,E-commerce,Sylius,"As an Administrator,
I want to select a product’s main taxon only from taxons available in the current panel locale,
So that product categorization stays consistent with the locale I am managing.

Acceptance Criteria:
- When I choose the main taxon for a product, the available taxons are filtered by the currently selected panel locale.
- In the Polish locale, I can select Polish taxons such as `Men-T-Shirts_PL` and `Woman-T-Shirts_PL`.
- In the Polish locale, I cannot select taxons from other locales such as `Woman-T-Shirts_UA`.
- In the French locale, I can select French taxons such as `Men-T-Shirts_FR` and `Woman-T-Shirts_FR`.
- In the French locale, I cannot select taxons from other locales such as `Woman-T-Shirts_UA`.
- In the German locale, I can select German taxons such as `Men-T-Shirts_DE` and `Woman-T-Shirts_DE`.
- In the German locale, I cannot select taxons from other locales such as `Woman-T-Shirts_UA`."
99,E-commerce,Sylius,"As a Visitor,
I want to see catalog promotion prices only in channels where the promotion is available,
So that I see the correct discounted product price for my current storefront channel.

Acceptance Criteria:
- The store supports multiple channels, each with its own hostname and product pricing.
- A configurable product can have different variant prices per channel.
- A catalog promotion can be configured for a specific channel only.
- When a visitor views a product in a channel where a catalog promotion is available, the discounted price is shown.
- When a visitor views a product in a channel where a catalog promotion is available, the original price is also shown.
- When a visitor views a product in a channel where the catalog promotion is not available, the regular channel price is shown.
- When a visitor views a product in a channel where the catalog promotion is not available, no catalog promotion is indicated as applied."
100,E-commerce,Sylius,"As an Administrator,
I want to sort tracked product variants on the inventory list by name or code in ascending or descending order,
So that I can quickly find and review inventory items in the order I need.

Acceptance Criteria:
- Tracked product variants are displayed on the inventory list.
- By default, tracked product variants are sorted by name in ascending order.
- I can sort tracked product variants by name in descending order.
- I can sort tracked product variants by code in ascending order.
- I can sort tracked product variants by code in descending order.
- When sorting by name ascending, the first item is the alphabetically earliest product name and the last item is the latest.
- When sorting by name descending, the first item is the alphabetically latest product name and the last item is the earliest.
- When sorting by code ascending, the first item is the alphabetically earliest product code and the last item is the latest.
- When sorting by code descending, the first item is the alphabetically latest product code and the last item is the earliest."
101,Finance/Banking,Apache Fineract,"As a Finance/Accounting Officer,
I want the system to generate correct General Ledger journal entries whenever a Credit Balance Refund (CBR) is processed on an overpaid Working Capital loan,
So that overpayment liabilities are accurately debited and cleared through the appropriate suspense/clearing account, ensuring the accounting records remain accurate regardless of refund amount, frequency, or timing.

Acceptance Criteria:
- When a partial credit balance refund is processed on an overpaid Working Capital loan, the loan status must remain ""OVERPAID"" and generate a journal entry debiting the ""Other Credit Liability"" account and crediting the ""Suspense/Clearing"" account for the refunded amount.
- When a credit balance refund fully settles the overpaid amount, the loan status must transition to ""CLOSED_OBLIGATIONS_MET"" and the corresponding journal entries must be recorded accurately.
- The system must support multiple credit balance refunds on the same day or across different days, correctly reducing the overpayment balance each time and generating a separate, accurate set of journal entries for each refund transaction, including cases where payment details (such as payment type, account number, check number, routing code, receipt number, and bank number) are provided."
102,Finance/Banking,Apache Fineract,"As a Bank Administrator,
I want to create, view, update, and delete Working Capital Near Breach configurations with proper validation on their fields (name, frequency, frequency type, and threshold),
So that I can accurately manage and enforce early-warning thresholds for working capital loans before they reach an actual breach, while preventing invalid, duplicate, or unsafe configuration changes.

Acceptance Criteria:
- The system shall allow an Admin to create a new Working Capital Near Breach configuration by providing valid values for name, frequency, frequency type, and threshold, and shall persist and correctly return these values upon creation, update, and deletion.
- The system shall reject creation or update of a Near Breach configuration when mandatory fields (nearBreachName, nearBreachFrequency, nearBreachFrequencyType, nearBreachThreshold) are null or empty, returning a clear mandatory-field error message.
- The system shall reject creation or update when nearBreachFrequency is not greater than 0, returning an appropriate validation error.
- The system shall reject creation or update when nearBreachFrequencyType is not one of the allowed values (DAYS, WEEKS, MONTHS, YEARS), returning an appropriate validation error.
- The system shall reject creation or update when nearBreachThreshold is not greater than 0 or exceeds 100, returning an appropriate validation error.
- The system shall prevent creating or updating a Near Breach configuration with a name that already exists, returning a duplicate-name error.
- The system shall prevent deleting a Near Breach configuration that has already been deleted, returning an appropriate error, and shall also prevent retrieval of such a deleted configuration.
- The system shall reject deletion or retrieval requests referencing a Near Breach configuration ID that does not exist or is invalid (e.g., 0 or an unassigned ID), returning a not-found error.
- The system shall prevent deletion of a Near Breach configuration that is still assigned to an active Working Capital Loan Product or a Working Capital Loan Account, returning an appropriate assignment error."
103,Finance/Banking,Apache Fineract,"As a system administrator,
I want the Close of Business (COB) job to automatically process loans and keep the last closed business date accurate for each loan,
So that loan statuses, delinquency classifications, and locking mechanisms remain consistent and up to date without manual intervention.

Acceptance Criteria:
- After the COB job runs, each active loan's ""last closed business date"" must be updated to reflect one day behind the current business date, and this must not change for loans already CLOSED or OVERPAID.
- When the business date advances by multiple days, running ""COB catch up"" must process each missed day sequentially until the loan's last closed business date reaches one day behind the current business date.
- The COB job must correctly calculate and update the loan's delinquency range and delinquency date based on the configured arrears tolerance/settings on the loan product, and must maintain an accurate delinquency history (added/lifted dates) as the loan moves in and out of delinquency ranges.
- If a payment is made on a loan whose last closed business date is behind the current business date, an inline COB run must be triggered automatically before the repayment is processed, so the loan's last closed business date is brought up to date first.
- The COB job must correctly manage loan locks: locks with an error message must remain in place (blocking further processing), while orphaned locks without an error message must be automatically removed once the loan has already been processed for that COB date; locks with a null COB date or a COB date that doesn't match the loan's last closed business date must always be preserved.
- After a successful COB run, no unreleased/orphaned locks should remain on the loan account, and when multiple loans are processed in the same COB run, only the orphaned locks (without errors) should be removed while locks carrying error messages remain intact for their respective loans."
104,Finance/Banking,Apache Fineract,"As a Loan Product Manager,
I want the system to correctly recalculate and amortize the Working Capital loan discount fee across multiple COB runs, repayments, and discount fee adjustments,
So that realized and unrealized income figures remain accurate and consistent throughout the loan lifecycle, without generating duplicate transactions.

Acceptance Criteria:
- When the COB job runs after a new repayment, a new Discount Fee Amortization transaction must be created and the realized/unrealized income amounts must be updated proportionally to the principal paid.
- When the COB job runs again without any new repayment since the last run, no duplicate Discount Fee Amortization transaction should be generated and the loan's financial data must remain unchanged.
- When a Discount Fee Adjustment is applied, the system must generate a corresponding Discount Fee Amortization Adjustment transaction with correct journal entries, and undoing that adjustment must reverse both transactions and restore the loan's previous financial data.
- When the loan is fully repaid and closed, the system must automatically recognize the full remaining discount fee amortization, regardless of whether a prior discount fee adjustment reduced the total discount amount, and post the correct journal entries.
- Subsequent COB runs after an amortization adjustment must not create duplicate adjustment transactions, preserving the accuracy of realized and unrealized income data."
105,Finance/Banking,Apache Fineract,"As a System Administrator,
I want the Spring Batch infrastructure to correctly read job-specific configuration properties (such as partition size, chunk size, and retry limit) for defined jobs, and to fall back to safe default values for undefined jobs,
So that batch jobs like LOAN_COB can be executed with the correct performance and resilience settings, while unrecognized job configurations do not cause failures or unpredictable behavior.

Acceptance Criteria:
- Given the Property Service is initialized, when the partition size, chunk size, and retry limit are fetched for the ""LOAN_COB"" job, the system must return a partition size of 100, a chunk size of 100, and a retry limit of 5.
- Given the Property Service is initialized, when the partition size, chunk size, and retry limit are fetched for a non-existing job (e.g., ""INVALID_JOB""), the system must return default values of 1 for partition size, chunk size, and retry limit.
- The Property Service must be able to distinguish between configured jobs and unconfigured/invalid jobs, applying the appropriate values accordingly without throwing errors."
106,Finance/Banking,Apache Fineract,"As a Finance Officer,
I want the system to automatically generate and record loan accrual transactions for outstanding fees, interest, and penalties whenever the Close of Business (COB) job or periodic accrual job runs,
So that unearned income is accurately recognized and tracked throughout the loan lifecycle, ensuring correct financial reporting regardless of repayments, chargebacks, waivers, overpayments, or multiple disbursements.

Acceptance Criteria:
- When a due-date fee charge exists on a loan's disbursement date, running the COB job (inline or periodic) must create an Accrual transaction reflecting the correct fee amount, and the corresponding LoanAccrualTransactionCreatedBusinessEvent must be raised on that date, regardless of whether a partial or full repayment has already been made.
- Accrual transactions must continue to be generated correctly even when the loan has been fully repaid and closed (CLOSED_OBLIGATIONS_MET), when a chargeback is applied afterward, or when a fee charge is waived and the waiver is later undone.
- For loans using interest recalculation (declining balance, daily recalculation), the periodic accrual job or COB job must generate an Accrual transaction with the correct accrued interest amount, both before and after the loan reaches a closed state.
- When a loan transitions into an OVERPAID status (due to full repayment covering principal, interest, and fees plus an excess amount), a final Accrual transaction must still be created for any outstanding fees, and this must remain consistent even after a Credit Balance Refund (CBR) is applied.
- Accrual transactions must be correctly reconstructed after a repayment undo followed by a new overpayment, including scenarios where an additional fee charge is added between the undo and the repeated overpayment.
- When mult"
107,Finance/Banking,Apache Fineract,"As a Loan Officer,
I want to initiate a delinquency pause on a working capital loan by specifying a start date and end date,
So that the delinquency calculation and repayment schedule can be adjusted to account for periods where the client should not be penalized for non-payment.

Acceptance Criteria:
- When a delinquency pause is initiated on the disbursement day, the pause action is recorded with the correct start and end dates, and the range schedule's ""toDate"" is extended by the paused duration while expected, paid, and outstanding amounts remain unchanged.
- When a delinquency pause is initiated in the middle of the current period (whether the pause is future-dated, backdated, or overlapping the current business date), the system correctly extends the schedule's ""toDate"" by the number of paused days without affecting expected, paid, or outstanding amounts.
- When a delinquency pause is initiated for a period that has already lapsed (e.g., in a subsequent period), the system correctly marks the prior period as delinquent (with the accurate delinquent amount and delinquent days) while still applying the pause extension to the current or future period's range schedule.
- When a delinquency pause overlaps multiple periods, the system correctly splits and recalculates each affected period's range schedule, extending the ""toDate"" of each period according to the number of paused days falling within it.
- When multiple delinquency pauses (past, current, and future) are initiated for the same loan, all pause actions are retained and displayed accurately, and the range schedule reflects the cumulative effect of all applicable pauses as the business date progresses.
- After each business date progression and COB job execution, the delinquency range schedule is recalculated to accurately reflect minimum payment criteria met, delinquent amount, and delinquent days for periods where pauses have expired or are no longer active."
108,Finance/Banking,Apache Fineract,"As a Loan Officer,
I want to apply loan re-aging transactions on a loan before its maturity date, including scenarios where charges (fees/penalties) are already scheduled on installments,
So that I can restructure the remaining repayment schedule into new evenly distributed installments while correctly preserving or reallocating any due charges on the affected periods.

Acceptance Criteria:
- When a re-aging transaction is created before the maturity date, the system must recalculate the repayment schedule starting from the specified start date, distributing the outstanding principal evenly across the specified number of new installments.
- If a charge (e.g., NSF fee) is due on an installment being replaced by the re-aging transaction, the charge must be preserved and correctly reflected either on the re-aged installment or retained on the unaffected ""n+1"" installment as applicable, without loss of due amounts.
- Installments beyond the re-aged range (n+1 and further, such as those containing pre-existing charges scheduled after the new schedule's end date) must remain unmodified by the re-aging transaction.
- The system must correctly generate a preview of the re-aged repayment schedule (via the ""Loan re-aging preview"" action) that matches the actual schedule generated after the re-aging transaction is confirmed.
- After a re-aging transaction, the Loan Transactions tab must record a ""Re-age"" transaction with the correct amount, principal, date, and resulting loan balance, and the totals in the repayment schedule (principal, fees, penalties, due, paid, outstanding) must remain consistent with amounts before re-aging.
- The loan must be payable in full (via Loan Pay-off) after re-aging, resulting in a zero outstanding balance with all installments marked as having obligations met."
109,Finance/Banking,Apache Fineract,"As a Loan Officer,
I want the loan system to correctly handle down payment calculations, allocations, and reversals when loans become overpaid due to multiple disbursements, and to control down payment configurability at the loan level based on product-level settings,
So that overpaid amounts are accurately reallocated against subsequent disbursements, loan balances and repayment schedules remain correct after transaction reversals, and down payment behavior consistently respects the rules defined at the product level.

Acceptance Criteria:
- When a loan becomes overpaid and a subsequent disbursement is made, the system must correctly determine whether the overpaid amount is greater or smaller than both the disbursement amount and the related down payment amount, and allocate the overpaid amount accordingly, generating a new Down Payment transaction only when applicable, updating the loan status, outstanding/overpaid amounts, repayment schedule, and transaction history accurately.
- When a repayment transaction that caused an overpayment is reverted after a subsequent disbursement has already occurred, the system must correctly recalculate the repayment schedule, outstanding balances, in-advance/late amounts, and transaction history, marking the reverted transaction accordingly.
- When multiple disbursements are made on the same day (or across different days) for a loan using advanced payment allocation, the system must correctly create a new repayment period and corresponding Down Payment transaction for each disbursement, updating the schedule and total row balances accurately.
- When a loan is fully paid off after multiple disbursements and down payments, the system must close the loan with a zero outstanding balance and mark all installments as having their obligations met.
- When creating a loan, the system must only allow enabling down payment if the selected loan product has down payment enabled, and must reject loan creation attempts that try to force-enable down payment on a product where it is disabled.
- When creating a loan from a product with down payment enabled, the system must allow specifying a custom auto down payment percentage, and correctly apply this percentage to calculate the down payment amount for each disbursement, reflecting it accurately in the repayment schedule and transaction history."
110,Finance/Banking,Apache Fineract,"As a Loan Officer,
I want the system to automatically generate an additional (N+1) installment when a charge is added to a loan after its maturity date, regardless of whether the loan is already closed or still active with an outstanding balance,
So that fees applied after the original repayment schedule has ended are still properly tracked, billed, and can be collected without disrupting the existing installment history.

Acceptance Criteria:
- When a due date charge is added on a date after the loan's original maturity/last installment date, the system must create a new (N+1) installment period with a due date matching the charge's due date, containing only the fee/penalty amount (zero principal and interest).
- This behavior must be consistent across all supported loan configurations: LP1 products, LP2 products with auto-payment (down payment) enabled, LP2 products with auto-payment disabled, and LP2 products using Advanced Payment Allocation.
- The behavior must apply whether the loan status is CLOSED_OBLIGATIONS_MET (fully paid off) or ACTIVE with a remaining outstanding balance (partial repayment scenario).
- The Loan Repayment Schedule, Total row, Loan Transactions tab, and Loan Charges tab must all correctly reflect the new installment, the added charge amount, and updated outstanding/paid/due totals.
- After the new charge is added, performing a full Loan Pay-off on the charge due date must close the loan with zero outstanding balance and mark all installments (including the new N+1 installment) as obligations met."
111,Finance/Banking,Apache Fineract,"As a Loan Product Manager,
I want the system to correctly recalculate and reverse-replay accrual and accrual activity transactions whenever a repayment is reversed, undone, or backdated relative to installment dates,
So that interest accrual records, repayment schedules, and transaction histories remain accurate and consistent regardless of when repayment adjustments occur.

Acceptance Criteria:
- When a repayment is reversed before its installment due date, the system must restore the original repayment schedule (principal, interest, due/outstanding amounts) and revert the associated Accrual Activity transaction, while keeping the original Accrual transaction unaffected.
- When a repayment is reversed after its installment due date, the system must reverse-replay the Accrual Activity transaction on the correct installment date, recalculate interest for subsequent periods, and preserve the external ID continuity between the original and replayed Accrual Activity transactions.
- When the COB job runs on or after an installment date, the system must generate Accrual and Accrual Activity transactions automatically, and if a backdated repayment is later posted before that installment date, the existing Accrual Activity transaction must be reverse-replayed with updated interest and principal allocations while retaining its external ID.
- When a partial repayment made before an installment date is later undone, the system must fully reverse the related Accrual Activity transaction, restore the original schedule values for all subsequent periods, and ensure the Loan Transactions tab accurately reflects the reverted and replayed transaction statuses.
- In all reversal and replay cases, the Total row of the Loan Repayment Schedule and the Loan Transactions tab must always reflect updated, consistent, and correct principal, interest, fees, penalties, due, paid, in advance, late, and outstanding values."
112,Finance/Banking,Apache Fineract,"As a Loan Officer,
I want the system to correctly process partial and full chargebacks of prior repayments on loans with interest recalculation enabled, applying the configured allocation priority (principal, interest, fees or interest, fees, principal) and recalculating the repayment schedule and outstanding balances accordingly,
So that I can accurately reverse erroneous or returned payments at any point in the loan lifecycle—whether before or after the maturity date—while ensuring the loan schedule, transaction history, and outstanding amounts remain correct and auditable.

Acceptance Criteria:
- When a chargeback (partial or full) is processed for a previously paid installment, the system must recalculate the remaining repayment schedule, redistributing the charged-back amount across principal, interest, and fees according to the loan product's configured allocation priority order.
- The system must correctly recalculate interest for subsequent periods after a chargeback, reflecting the increased outstanding balance from the current business date forward, regardless of whether the chargeback occurs before or after the loan's original maturity date.
- If a chargeback occurs after the loan has been fully repaid and past the original maturity date, the system must generate an additional repayment period to accommodate the outstanding balance resulting from the chargeback.
- The Loan Transactions tab must record each chargeback as a distinct transaction entry, showing the correct date, amount, principal/interest/fee breakdown, and resulting loan balance, while preserving the original disbursement and repayment transaction history.
- The Loan Repayment schedule's Total row must accurately reflect updated aggregate values (principal due, interest, fees, due, paid, outstanding) after each chargeback transaction is applied.
- Multiple sequential chargebacks (e.g., on different installments or on different business dates) must be supported, with each subsequent chargeback correctly building upon the recalculated state left by the previous one."
113,Finance/Banking,Apache Fineract,"As a Developer,
I want to verify that no duplicate classes exist in the classpath,
So that I can prevent potential conflicts and ensure application stability.

Acceptance Criteria:
- A class graph representing the classpath is available for analysis.
- The system scans the class graph to identify any classes present in multiple locations.
- The scan confirms that no duplicate classes are found in the classpath."
114,Finance/Banking,Apache Fineract,"# User Story

As a Working Capital loan operations user (Admin/Customer),
I want backdated repayments to be correctly recorded on their actual transaction date and trigger reprocessing of subsequent transactions when necessary,
So that loan balances, principal allocations, charge allocations, and delinquency tracking remain accurate and consistent regardless of the order in which repayments are recorded.

Acceptance Criteria:
- When a customer makes a repayment dated earlier than an already-recorded repayment (backdated repayment), the system must recompute and reflect the correct principal outstanding, total paid principal, and overpayment amount, independent of the order in which repayments were entered.
- When a loan has no charges, principal-only allocation across multiple repayments (including backdated ones) must be order-independent, leaving previously recorded transactions' allocations unchanged.
- When a backdated repayment causes the total repaid amount to exceed the outstanding principal, the excess must be recorded as an overpayment amount, without redistributing the allocation of other transactions.
- When multiple backdated repayments are made in any sequence (including between two existing repayments), the system must accumulate principal outstanding, total paid principal, and transaction records correctly for all repayments.
- When repayments are made sequentially in chronological order (non-backdated), the system must process balances and allocations normally without triggering unnecessary reprocessing side effects.
- When a backdated repayment is made before a charge's due date, the repayment must be allocated as principal-only, while the later repayment made on or after the charge's due date must settle the charge first per the fee-first allocation order.
- When a single repayment covers multiple lapsed delinquency periods, the system must distribute the paid amount across periods based on each period's remaining outstanding balance, correctly updating expected amount, paid amount, outstanding amount, minimum payment criteria met status, delinquent amount, and delinquent days for each period.
- When a backdated repayment is recorded, the projected amortization schedule structure must remain a static, unaffected projection, while the recalculated principal outstanding must reflect the actual impact of the backdated payment.
- When a backdated repayment is made on a loan configured with a breach schedule, the outstanding balance tracked by the breach schedule must be reduced accordingly after the inline COB job processes the loan.
- When a backdated repayment causes a later transaction's fee allocation to no longer apply (because the earlier backdated transaction now claims the fee), the later transaction must be reprocessed to reallocate its portion fully to principal, following the fee-first allocation order defined by the loan product.
- When a repayment is made against a loan with a due fee, the transaction must split allocation between fee and principal according to the product's configured payment allocation order (e.g., fee before principal), and the charge balance (fee amount, fee paid, fee outstanding) must be updated to reflect the settlement."
115,Finance/Banking,Apache Fineract,"As a Loan System Administrator,
I want the system to automatically execute the Close of Business (COB) process inline (in real-time) whenever a loan transaction occurs after the business date has advanced beyond the loan's last closed business date,
So that loan statuses, delinquency classifications, and overdue calculations remain accurate and up-to-date even when the scheduled batch COB job has not yet run, without requiring manual intervention.

Acceptance Criteria:
- When the inline COB job is manually triggered for a loan, the system correctly updates the loan's delinquency range and delinquent date based on the elapsed business days since disbursement.
- When the business date advances by multiple days, running the inline COB job should cause the loan to ""catch up,"" setting the last closed business date to one day prior to the current business date.
- When a repayment transaction is made on a loan whose last closed business date is behind the current business date, the inline COB process should trigger automatically (via the loan's ID or external ID) to bring the loan's business date up to date before or as part of processing the transaction.
- If no COB process has ever been applied to a loan before, a repayment transaction (whether identified by loan ID or external ID) should NOT trigger an inline COB job, and the loan's last closed business date should remain ""null"" after the transaction.
- If a COB process has previously been applied to a loan, a subsequent repayment transaction (whether identified by loan ID or external ID) SHOULD trigger an inline COB job, updating the last closed business date accordingly (to one day prior to the transaction date).
- Even when a loan account is locked by an administrator, a repayment transaction should still trigger the inline COB execution, correctly closing the business date, updating the loan status to ""CLOSED_OBLIGATIONS_MET,"" clearing the outstanding balance, generating the correct journal entries, and recording accurate delinquency history (added/lifted dates).
- The inline COB and delinquency/lock behavior described above must hold true consistently for both default (simple) loan products and advanced/progressive loan products (e.g., those using Advanced Payment Allocation and interest recalculation rules)."
116,Finance/Banking,Apache Fineract,"As a Loan Administrator,
I want the loan repayment schedule and Interest Refund transactions to be automatically recalculated whenever a repayment or refund transaction is reversed, and post-maturity due date charges to be correctly recognized on the repayment schedule,
So that the loan balances, interest amounts, and outstanding dues remain accurate and consistent regardless of transaction reversals or late-added charges.

Acceptance Criteria:
- When a repayment transaction is undone after an Interest Refund has already been processed, the system must recalculate the repayment schedule, correctly reallocate principal and interest across transactions, and mark the original repayment and related transactions as ""reverted"" while creating replayed counterparts.
- When a Merchant Issued Refund transaction is undone, the system must reverse the associated Interest Refund transaction, recalculate the outstanding schedule with newly accrued interest, and correctly reflect the reverted status on both the Merchant Issued Refund and Interest Refund transactions in the Loan Transactions tab.
- When a due date charge (e.g., NSF fee) is added after the loan's original maturity date, the system must extend the repayment schedule with an additional period reflecting the charge, correctly recalculate the total due/outstanding amounts, and ensure the charge appears properly in the Loan Charges tab whether or not an inline COB job has been run.
- After all recalculations, the loan must still support a full pay-off transaction that results in the ""CLOSED_OBLIGATIONS_MET"" status once all outstanding principal, interest, fees, and penalties are settled."
117,Finance/Banking,Apache Fineract,"As a Financial Administrator,
I want to migrate backdated loans into the system and have the Close of Business (COB) job correctly recalculate schedules, accruals, charges, and delinquency status,
So that historical loan data (with past disbursements, repayments, and charges) is accurately reflected in the system without requiring day-by-day COB execution for every missed business date.

Acceptance Criteria:
- When a loan is created, approved, and disbursed with a backdated submission and disbursement date, the repayment schedule must be generated correctly based on the original terms, showing accurate principal, interest, and due amounts for each period.
- Backdated charges (such as an NSF fee) added to a migrated loan must be correctly reflected in the Loan Charges tab with accurate due, paid, waived, and outstanding amounts as of their specified due date.
- Backdated repayments (full or partial) applied after loan migration must correctly update the repayment schedule, transaction history, and outstanding balances, including proper allocation to principal, interest, fees, and penalties.
- Running a single inline COB job after migration must correctly generate all missing accrual entries (both ""Accrual Activity"" and ""Accrual"" transactions) for each period up to the current business date, without requiring COB to run for each individual missed day.
- After COB execution, the loan's total overdue amount and delinquency status must be accurately calculated based on all recorded transactions and charges.
- The system must correctly record and expose the ""last closed business date"" of the loan after each COB execution.
- When the business date advances further and COB is run again, the system must generate only the incremental accrual entries for the new period(s), without duplicating or recalculating previously settled transactions.
- The final repayment schedule, transaction history, and total row summaries must remain consistent and accurate across multiple COB executions following migration."
118,Finance/Banking,Apache Fineract,"As a Loan Officer,
I want the system to correctly recalculate the repayment schedule, interest amounts, and accounting entries when a multi-disbursement progressive loan with flat interest receives an additional disbursement at various points in the repayment cycle (mid-period or on the installment due date),
So that I can accurately manage tranche disbursements, ensure correct interest accrual and journal postings, and safely reverse repayments or disbursements when corrections are needed without corrupting the loan's financial data.

Acceptance Criteria:
- When a second disbursement is made on a loan with flat interest and multi-disbursement enabled, the repayment schedule must be recalculated to redistribute the additional principal and recompute interest across the remaining installments, regardless of whether the disbursement occurs mid-period or exactly on an installment due date.
- The recalculation behavior must be consistent across different interest calculation conventions (e.g., actual/actual and 360/30), with the schedule reflecting split balance rows for the disbursement date and updated principal, interest, and due amounts for affected installments.
- Each disbursement transaction must generate correct journal entries (debiting Loans Receivable and crediting the Suspense/Clearing account) for the exact disbursed amount, and the Loan Transactions tab must reflect all disbursements with accurate running loan balances.
- When a customer repayment is made via AUTOPAY covering all outstanding dues, the system must correctly allocate the payment across principal and interest for each installment, update paid/in-advance/late/outstanding statuses, and generate an accrual transaction alongside proper repayment journal entries.
- The system must support undoing a repayment and undoing the last disbursement, correctly reverting the loan schedule and transaction history back to the state prior to those actions, with reverted transactions clearly flagged (Reverted = true) while preserving the integrity of prior transactions (Replayed = false)."
119,Finance/Banking,Apache Fineract,"As a Loan Officer,
I want to apply an Interest Payment Waiver transaction on a loan account with different payment allocation strategies, timings, and amounts,
So that I can waive part or all of the interest due for a borrower while accurately reflecting the impact on the repayment schedule, transaction history, and accounting journal entries.

Acceptance Criteria:
- The system must allow an Interest Payment Waiver transaction to be applied on the due date, before the due date, or after the maturity date, with either the exact outstanding interest amount or a partial amount.
- When the waiver amount exceeds the interest due, the system must correctly allocate the remaining amount to principal, fees, or penalties based on the configured payment allocation strategy (e.g., interest-principal, fee-interest-principal, principal-interest).
- The repayment schedule must be updated accurately after the waiver, reflecting correct values for principal due, interest, fees, penalties, paid amount, in advance amount, late amount, and outstanding balance for each period and in the total row.
- The Loan Transactions tab must display the Interest Payment Waiver transaction with the correct date, amount, and breakdown across principal, interest, fees, and penalties, along with the resulting loan balance.
- The system must generate correct journal entries for the Interest Payment Waiver transaction, debiting the Interest Income account and crediting the appropriate receivable accounts (Loans Receivable and/or Interest/Fee Receivable) based on the allocation.
- If the waiver amount results in an overpayment, the loan status must change to ""OVERPAID,"" the overpaid amount must be tracked, and the corresponding journal entries must include the Overpayment account.
- The system must support undoing an Interest Payment Waiver transaction, reverting the repayment schedule, transaction history, and journal entries to their prior state.
- The system must correctly handle scenarios where a waiver is applied before the due date, followed by a subsequent repayment for the remaining due amount on the due date, ensuring accurate calculation of ""in advance,"" ""late,"" and ""outstanding"" values."
120,Finance/Banking,Apache Fineract,"As a Loan Officer,
I want to define interest pause periods on a loan's repayment schedule so that interest does not accrue during the specified pause window,
So that customers are not charged interest for periods where repayment obligations are temporarily suspended, while the loan schedule automatically recalculates to reflect the adjusted interest and outstanding balances.

Acceptance Criteria:
- When an interest pause period is created with a start and end date, the system triggers a LoanScheduleVariationsAddedBusinessEvent reflecting the specified pause range, and a LoanBalanceChangedBusinessEvent is raised on the appropriate transaction date.
- The repayment schedule must recalculate interest for all outstanding periods affected by the pause, reducing the interest due for the paused days while adjusting principal, balance, due, and outstanding amounts accordingly, without altering already paid installments.
- The system must support creating an interest pause period within the same period as an unpaid installment, between multiple future periods, retroactively (backdated) after a repayment has already been made, and support multiple overlapping or sequential pause periods within the same loan, with each new pause correctly recalculating the schedule and marking affected transactions as replayed where applicable.
- After applying one or more interest pauses, the loan must still be payable in full, and performing a pay-off transaction on any given date must close the loan with zero outstanding balance and all installments marked as having their obligations met."
121,Finance/Banking,Apache Fineract,"As a Finance Manager,
I want the Transaction Summary Reports (including the version with Asset Owner details) to accurately capture and display all buydown fee related transaction types—such as Buy Down Fee, Buy Down Fee Amortization, Buy Down Fee Adjustment, and Buy Down Fee Amortization Adjustment—along with their correct allocation across Fees, Interest, Penalty, Principal, and Unallocated Credit categories,
So that I can reliably reconcile loan transactions and verify the correct accounting treatment of buydown fees regardless of whether they are configured as an income type of ""FEE"" or another allocation type.

Acceptance Criteria:
- When a loan is disbursed and a buydown fee transaction is recorded, the Transaction Summary Report for that date must correctly reflect the Disbursement and Buy Down Fee transaction amounts, allocating the fee amount to the appropriate category (Interest or Fees) based on the product's configured buydown fee income type.
- After running the COB (Close of Business) job on a subsequent date, the Transaction Summary Report must include a ""Buy Down Fee Amortization"" entry with the correctly calculated periodic amortization amount allocated to the appropriate category (Interest or Fees) consistent with the product configuration.
- When a buydown fee adjustment (both a direct adjustment and an adjustment referencing an original buydown fee transaction) is applied, the Transaction Summary Report must show both a ""Buy Down Fee Adjustment"" entry and a corresponding ""Buy Down Fee Amortization Adjustment"" entry, with negative transaction amounts correctly reflecting the reduction, allocated to the appropriate category (Interest or Fees).
- The Transaction Summary Report with Asset Owner must mirror all the same transaction entries, dates, types, payment types, and amounts as the standard Transaction Summary Report, additionally exposing Asset Owner ID and From Asset Owner ID columns for reporting purposes.
- All reported transaction amounts must remain consistent whether the loan product's buydown fee income type is configured as default (Interest allocation) or explicitly as ""FEE"" (Fees allocation), with amounts correctly routed to the corresponding column in each case."
122,Finance/Banking,Apache Fineract,"As a Loan Administrator,
I want to configure and apply disbursement charges on interest-bearing progressive loans using different calculation types (Flat amount, Percentage of Amount, and Percentage of Loan Amount plus Interest),
So that I can accurately charge fees at disbursement time and ensure correct accounting, repayment schedules, and loan balances are maintained throughout the loan lifecycle.

Acceptance Criteria:
- When a disbursement charge is configured with a ""Flat"" calculation type and a specified amount, the system must display the correct due charge amount on the Loan Charges tab, deduct it from the disbursement transaction as a ""Repayment (at time of disbursement)"" entry, and post the corresponding Fee Income and Suspense/Clearing account journal entries.
- When a disbursement charge is configured with a ""Percentage of Amount"" calculation type, the system must calculate the charge based on the specified percentage of the transaction amount and reflect it consistently across the Loan Charges tab, Repayment Schedule, Loan Transactions tab, and Journal Entries.
- When a disbursement charge is configured with a ""Percentage of Loan Amount + Interest"" calculation type, the system must calculate the charge based on both principal and total interest, and this value must be reflected consistently across the Loan Charges tab, Repayment Schedule, Loan Transactions tab, and Journal Entries.
- Regardless of the calculation type, the disbursement charge must be fully paid off immediately upon disbursement, with the Loan Charges tab reflecting zero Outstanding and full Paid amount right after disbursement.
- Regular repayments made after disbursement must correctly reduce the outstanding principal and interest balances according to the repayment schedule, without being affected by the disbursement charge once it has been settled.
- Upon full repayment (via Pay-off) of the outstanding principal and interest, the loan must be closed with a zero outstanding balance, and all installments must have their obligations marked as met."
123,Finance/Banking,Apache Fineract,"As an Admin,
I want to enable, configure, and manage the business date within the system,
So that I can control and maintain accurate date-based operations either manually or through scheduled automation.

Acceptance Criteria:
- The system allows enabling or disabling the ""enable-business-date"" global configuration.
- The Admin can manually set the business date to a specific value and verify it is correctly applied.
- The Admin can update the business date multiple times, with each change being correctly reflected.
- The system supports incrementing the business date automatically through a scheduled job (e.g., Increase Business Date by 1 day).
- The system validates business date input and returns an appropriate error message when the value is empty or null.
- The system validates business date input and returns an appropriate error message when the value has an invalid or incorrectly formatted date."
124,Finance/Banking,Apache Fineract,"As a Loan Administrator,
I want to apply and manage Discount Fee Adjustments on Working Capital Loan accounts,
So that I can accurately correct or reduce previously applied discount fees while maintaining reliable loan balances, transaction history, and accounting records.

Acceptance Criteria:
- Admin can successfully add a Discount Fee Adjustment to an active Working Capital Loan for an amount less than or equal to the remaining discount fee balance, updating the loan's totals (discount, totalDiscountFee, totalDiscountFeeAdjustment) and creating a corresponding ""Discount Fee Adjustment"" transaction.
- The system rejects Discount Fee Adjustment attempts when the adjustment amount exceeds the available discount fee amount (single or cumulative), when the amount is zero or negative, when the transaction date precedes the related discount fee date, when the transaction date is in the future, or when the loan is not in an Active status (e.g., closed or overpaid), preserving the existing transaction history unchanged in each failure case.
- Multiple Discount Fee Adjustments can be applied successfully on the same date or different dates, correctly appending each adjustment transaction, raising the appropriate WorkingCapitalLoanDiscountFeeAdjustmentTransactionBusinessEvent with correct amount and date, and generating accurate journal entries (debiting Deferred Interest Revenue and crediting Loans Receivable) for each adjustment made."
125,Finance/Banking,Apache Fineract,"As a Loan Administrator,
I want to re-age interest-bearing loans using equal amortization interest handling methods and reverse those re-aging transactions when necessary,
So that I can accurately adjust repayment schedules for customers while ensuring the loan can be correctly restored to its original state and still reach full repayment if the re-aging is undone.

Acceptance Criteria:
- When a re-aging transaction is applied with a specified interest handling method (e.g., EQUAL_AMORTIZATION_PAYABLE_INTEREST or EQUAL_AMORTIZATION_FULL_INTEREST), the system must recalculate the repayment schedule, splitting the original installment where re-aging starts and generating new installments with recalculated principal and interest amounts based on the outstanding balance.
- The system must correctly record the re-age transaction in the Loan Transactions tab, including the appropriate principal, interest, and outstanding loan balance, without altering previously paid installments.
- When a re-aging transaction is undone, the system must restore the original repayment schedule (matching the state prior to re-aging) and mark the re-age transaction as reverted, while preserving all previous repayment history.
- After undoing a re-aging transaction, the loan must remain payable in full, allowing a pay-off transaction to close the loan with zero outstanding balance and all installments marked as having obligations met."
126,Finance/Banking,Apache Fineract,"# User Story

As a Loan Officer,
I want the loan repayment schedule to accurately recalculate principal, interest, fees, and penalties based on different interest recalculation frequencies, payment strategies, partial/late payments, multi-disbursements, and charges added mid-cycle,
So that I can ensure accurate tracking of outstanding balances, due amounts, and payment allocations for customers under various loan repayment scenarios.

Acceptance Criteria:
- Given a loan with Declining Balance interest type and interest recalculation frequency set to ""Same as Repayment Period"", when a customer makes a partial or late repayment, the system must correctly recalculate the remaining periods' principal, interest, due, paid, in advance, late, and outstanding amounts.
- Given a loan with multiple disbursements, when each disbursement occurs at a different date, the system must recalculate the outstanding loan balance and future installment breakdown (principal and interest) accordingly.
- Given a loan configured with the ""Due-Penalty-Fee-Interest-Principal-In Advance-Principal-Penalty-Fee-Interest"" payment strategy, when a penalty charge with a future due date is added and repayments are made before, on, or after the charge due date, the system must allocate payments in the correct order (due amounts first, then in-advance principal, then remaining penalty/fee/interest) and update the loan transactions, charges, and repayment schedule tabs accurately.
- Given a repayment that fully covers the due installment plus additional charges, when the payment is processed, the system must generate correct transaction records (including accrual entries when applicable) and mark the installment as fully paid with zero outstanding balance.
- In all scenarios, the Loan Repayment Schedule and Total Row must display accurate values for Principal Due, Interest, Fees, Penalties, Due, Paid, In Advance, Late, and Outstanding amounts consistent with the loan’s configured terms and repayment strategy."
127,Finance/Banking,Apache Fineract,"As a Loan Officer/Administrator,
I want the loan management system to accurately track overdue status, repayment history, and support various transaction types (refunds, chargebacks, fraud flags) throughout the loan lifecycle,
So that I can ensure correct delinquency reporting, accurate outstanding balances, and proper handling of financial adjustments for compliance and customer service purposes.

Acceptance Criteria:
- When a Payout Refund or Merchant Issued Refund transaction fully covers the outstanding balance, the delinquency range must reset to ""NO_DELINQUENCY"", the delinquent date must be cleared, the loan status must change to ""CLOSED_OBLIGATIONS_MET"", and the outstanding amount must become zero.
- The system must correctly calculate and report the delinquent date based on the earliest overdue installment, whether a single repayment or multiple repayments are overdue, reflecting the appropriate delinquency range (e.g., RANGE_3, RANGE_30).
- The loan details endpoint must always return the correct ""last payment amount/date"" and ""last repayment amount/date"" fields, updating appropriately after each repayment, goodwill credit, transaction reversal, loan closure, or overpayment event.
- Both closed (""CLOSED_OBLIGATIONS_MET"") and overpaid (""OVERPAID"") loans must be eligible to be flagged as Fraud by an Administrator.
- The repayment schedule must recalculate principal, fees, and outstanding balances correctly when multiple disbursements occur on a loan that already has fees applied.
- When a chargeback transaction is applied after a Goodwill Credit, Payout Refund, or Merchant Issued Refund, the system must reverse the credit correctly, restoring the original due amounts, balances, and reflecting the chargeback in the loan transaction history."
128,Finance/Banking,Apache Fineract,"As a Loan Administrator,
I want to associate one or more loan originators with a Working Capital loan, either inline at submission time or afterward via attach/detach APIs,
So that I can accurately track which originator(s) referred or managed each Working Capital loan throughout its lifecycle while ensuring only valid, active originators are linked.

Acceptance Criteria:
- An originator attached to a Working Capital loan before approval must remain attached and visible in the loan details throughout submission, approval, undo-approval, re-approval, and disbursement.
- A loan can be created with one or more originators attached inline at submission time, either by referencing an existing originator's external ID, by referencing multiple distinct originators, or by creating a new originator on the fly (when enabled by configuration); duplicate inline references to the same originator must result in only a single attachment.
- Originators can be attached to or detached from a loan by internal ID, by originator external ID, by loan external ID, or by both external IDs, and the full originator record (including all fields) must be retrievable through the loan details and dedicated originators endpoints.
- Attaching an inactive/pending originator, attaching a duplicate originator, or modifying originators on an already-approved loan must be rejected with a 403 status, while operations referencing non-existent originators or non-existent loans must be rejected with a 404 status, including rollback of loan creation when an inline originator reference is invalid."
129,Finance/Banking,Apache Fineract,"As a Loan Officer,
I want the system to automatically recalculate interest on the outstanding repayment schedule when installments become overdue, whether fully unpaid or partially paid late,
So that the loan balance, interest accrual, and future installment amounts remain accurate and reflect the actual repayment behavior of the customer.

Acceptance Criteria:
- When a loan is disbursed with an interest recalculation strategy (such as ""till rest frequency date"" or ""till preclose"") and daily interest calculation, the initial repayment schedule must correctly reflect principal, interest, fees, penalties, and outstanding balances for all periods.
- When the first installment is paid in full on its due date, the repayment schedule and transaction history must correctly mark that period as fully paid with zero outstanding balance, without affecting future installments.
- When a subsequent installment becomes overdue (fully unpaid) and the business date passes the due date, running the COB job must trigger interest recalculation and an accrual transaction, updating the remaining installments' principal, interest, and outstanding amounts accordingly, while preserving the total loan balance consistency in the Total row.
- When a subsequent installment is partially paid after its due date (late payment), the system must correctly split the payment between ""Paid"" and ""Late"" amounts for that period, and recalculate interest for the remaining unpaid periods based on the selected recalculation frequency (daily or till rest frequency date).
- After any overdue or partial late payment event, subsequent COB job execution must recalculate interest accurately according to the configured recalculation strategy, ensuring that the Loan Repayment Schedule Total row and the Loan Transactions tab consistently reflect updated principal, interest, due, paid, in advance, late, and outstanding values."
130,Finance/Banking,Apache Fineract,"As a Loan Officer,
I want the system to correctly calculate and manage progressive loan repayment schedules, disbursements, chargebacks, and pay-offs—including edge cases with very small disbursement amounts and various future installment allocation strategies (NEXT_INSTALLMENT, LAST_INSTALLMENT)—under the Advanced Payment Allocation strategy,
So that loan balances, repayment schedules, and transaction records remain accurate and consistent, and improper actions (such as undoing a transaction linked to a chargeback) are correctly blocked with clear error messages.

Acceptance Criteria:
- When a progressive loan is created with a very small total disbursement amount (e.g., less than 1 unit) and disbursed partially, the repayment schedule and loan transactions must accurately reflect the disbursed amount, and a full pay-off must close the loan with zero outstanding balance and all installment obligations met, regardless of whether the loan has 1 or multiple repayment periods.
- When a repayment transaction has a linked chargeback, attempting to undo that repayment transaction must be rejected with a 403 error and the message ""update not allowed as loan transaction is linked to other transactions""; the loan must still be payable off and closed with zero outstanding balance afterward.
- When the loan product's future installment allocation rule is set to NEXT_INSTALLMENT for vertical progressive loan schedules, a full prepayment made before the term ends must correctly reallocate paid amounts across all remaining installments (marking them as paid in advance where applicable), generate the appropriate accrual transaction, and close the loan with zero outstanding balance.
- When the loan product's future installment allocation rule is set to LAST_INSTALLMENT for vertical progressive loan schedules, the system must calculate and apply the repayment schedule, disbursement, and prepayment behavior consistently with the defined allocation rule, ensuring accurate totals for principal, interest, fees, penalties, due, paid, in-advance, late, and outstanding amounts across all periods."
131,Finance/Banking,Apache Fineract,"As a loan officer,
I want to terminate a progressive loan contract with automatic interest recalculation at any point in its lifecycle,
So that I can accurately close out loans early while ensuring the outstanding balance, interest, and repayment schedule are correctly recalculated as of the termination date.

Acceptance Criteria:
- When a contract termination is performed on an installment due date, the system recalculates the repayment schedule to show only the periods up to and including the termination date, with interest accrued and due amounts correctly adjusted, and generates matching Accrual and Contract Termination transactions.
- When a contract termination is performed before an installment date (e.g., mid-period), the system prorates the interest calculation up to the termination date, updates the schedule and total row accordingly, and records the correct Accrual and Contract Termination transactions with zero remaining outstanding balance.
- When a contract termination is performed in the middle of an installment period, the system recalculates the number of days, interest due, and outstanding balance up to that exact date, ensuring the transactions tab reflects accurate Accrual and Contract Termination entries.
- When a contract termination is performed after the loan's maturity date (with prior repayments already made and the ""is-principal-compounding-disabled-for-overdue-loans"" configuration enabled), the system correctly recalculates the remaining schedule, interest, and balances based on payments already applied.
- After any successful contract termination and subsequent loan pay-off on the same date, the loan must be closed with a zero outstanding balance, and all installments must show that their obligations have been fully met."
132,Finance/Banking,Apache Fineract,"As a system integrator managing loan operations,
I want to perform Working Capital Loan operations (create, modify, approve, disburse, reject, withdraw, add discount fee, and fetch details/transactions) through a single Batch API, referencing loans by either internal ID or external ID, and optionally chaining multiple steps within one enclosing transaction,
So that I can efficiently automate and orchestrate complete Working Capital Loan lifecycles in a single request while ensuring data consistency and proper rollback when any step fails.

Acceptance Criteria:
- The Batch API must support individual operations on Working Capital Loans, including creation, modification, approval, disbursement, rejection, withdrawal/deletion, discount fee addition, and fetching loan details or transactions, all returning a 200OK response and correctly updated loan data upon success.
- The Batch API must support referencing a Working Capital Loan by either its internal loan ID or its external ID for all supported operations, with equivalent behavior and correct data returned in both cases.
- The Batch API must support executing multiple chained Working Capital Loan steps (e.g., create, approve, disburse, add discount fee, fetch details) within a single call, correctly reflecting the final loan status and all resulting transactions.
- When enclosingTransaction is set to ""true"" and any step in the chain fails, all previously executed steps within that batch call must be rolled back, and the failing step must return an error with code 400.
- When enclosingTransaction is set to ""false"", each step in the chain must be evaluated independently, allowing prior successful steps to persist even if a later step fails, with each step's individual result status (200 or error code) verifiable."
133,Finance/Banking,Apache Fineract,"As a Loan Officer,
I want to generate and retrieve a projected amortization schedule for a working capital loan,
So that I can review the expected payment breakdown, balances, and discount fee allocation over the life of the loan before disbursement.

Acceptance Criteria:
- Given a client with an approved working capital loan, the system must allow an admin to generate a projected amortization schedule by providing the discount fee amount, net disbursement amount, total payment volume, period payment rate, NPV day count, and expected disbursement date.
- The retrieved amortization schedule must return accurate summary fields, including discount fee amount, net disbursement amount, total payment volume, period payment rate, NPV day count, expected payment amount, and the original number of payments.
- The retrieved amortization schedule must return a detailed list of payments, each including payment number, date, expected payment amount, expected balance, expected amortization amount, and expected discount fee balance, calculated correctly for every installment from disbursement through full repayment."
134,Finance/Banking,Apache Fineract,"As a system administrator,
I want to validate currency configuration updates and reject invalid values,
So that the system maintains valid configuration data and prevents incorrect currency settings.

Acceptance Criteria:
- Updating currency with an empty value must return an error.
- Updating currency with a NULL value must return an error.
- Updating currency with an invalid string value must return an error.
- Updating currency with the literal value ""null"" must return an error."
135,Finance/Banking,Apache Fineract,"As a finance product administrator,
I want to create, update, retrieve, list, and delete Working Capital Loan Products with full validation of their configuration,
So that I can define compliant loan products with correct delinquency, accounting, breach, and payment allocation settings.

Acceptance Criteria:
- Admin can create, update, delete, and verify deletion of a Working Capital Loan Product using its normal identifier.
- Admin can create, update, delete, and verify deletion of a Working Capital Loan Product using its external-id.
- Creating a Working Capital Loan Product fails when mandatory fields are missing or null, including name, shortName, currencyCode, digitsAfterDecimal, amortizationType, npvDayCount, principal, periodPaymentRate, and repaymentFrequencyType.
- Creating a Working Capital Loan Product fails when fields exceed maximum allowed lengths for name, shortName, description, and currencyCode.
- Updating a Working Capital Loan Product fails when fields exceed maximum allowed lengths for name, shortName, description, and currencyCode.
- Creating a Working Capital Loan Product fails when zero values are supplied for npvDayCount, principal, minPrincipal, maxPrincipal, or delinquencyBucketId.
- Updating a Working Capital Loan Product fails when zero values are supplied for npvDayCount, principal, minPrincipal, maxPrincipal, or delinquencyBucketId.
- Creating a Working Capital Loan Product fails with validation errors for invalid values of digitsAfterDecimal, inMultiplesOf, discount, principal, periodPaymentRate, and locale.
- Updating a Working Capital Loan Product fails with validation errors for invalid values of digitsAfterDecimal, inMultiplesOf, discount, principal, periodPaymentRate, and locale.
- Creating a Working Capital Loan Product fails when payment allocation rules are invalid in count, values, or missing the DEFAULT transaction type.
- Updating a Working Capital Loan Product fails when payment allocation rules are invalid in count or values.
- Deleting a Working Capital Loan Product fails when the product id does not exist.
- Retrieving a Working Capital Loan Product fails when the product id does not exist.
- A Working Capital Loan Product can be created with delinquencyGraceDays and delinquencyStartType set to LOAN_CREATION or DISBURSEMENT.
- A Working Capital Loan Product created without delinquencyGraceDays defaults delinquencyGraceDays and delinquencyStartType to null.
- A Working Capital Loan Product can be updated to set delinquencyGraceDays and delinquencyStartType.
- A Working Capital Loan Product can be updated to change delinquencyGraceDays and delinquencyStartType.
- The Working Capital Loan Product template exposes delinquencyStartType options LOAN_CREATION and DISBURSEMENT.
- Creating or updating a Working Capital Loan Product fails when delinquencyGraceDays is negative or delinquencyStartType is invalid.
- A Working Capital Loan Product can be created with breachId.
- Creating or updating a Working Capital Loan Product fails when breachId is invalid or does not exist.
- A Working Capital Loan Product can be created with accounting rule ACC_DEF_REV_AM and the rule is persisted correctly.
- A Working Capital Loan Product can be created with accounting rule NONE and has no accounting mappings.
- Creating a Working Capital Loan Product with ACC_DEF_REV_AM fails when required GL accounts are missing.
- Creating a Working Capital Loan Product with ACC_DEF_REV_AM fails when a GL account id does not exist.
- Creating a Working Capital Loan Product fails when the GL account type for loanPortfolio is incorrect.
- Updating a Working Capital Loan Product can change accounting rule from NONE to ACC_DEF_REV_AM and from ACC_DEF_REV_AM to NONE.
- Updating a Working Capital Loan Product with ACC_DEF_REV_AM can update GL account mappings, including a single mapping such as writeOff.
- Deleting a Working Capital Loan Product created with accounting mappings cleans up the associated GL account mappings.
- The Working Capital Loan Product list includes the accounting rule field for created products.
- The Working Capital Loan Product template exposes accounting options, including NONE and ACC_DEF_REV_AM.
- A Working Capital Loan Product can be created and updated with breach and near breach values when breach frequency is valid and not lower than near breach frequency.
- Creating or updating a Working Capital Loan Product fails when breach frequency is lower than near breach frequency.
- Creating a Working Capital Loan Product fails when near breach is specified without breach.
- Updating a Working Capital Loan Product fails when near breach is specified without breach.
- Creating or updating a Working Capital Loan Product fails when near breach fields contain invalid values such as an invalid nearBreachId.
- The Working Capital Loan Product template exposes the six advanced payment allocation types: DUE_PENALTY, DUE_FEE, DUE_PRINCIPAL, IN_ADVANCE_PENALTY, IN_ADVANCE_FEE, and IN_ADVANCE_PRINCIPAL.
- Creating a Working Capital Loan Product persists the payment allocation order exactly as submitted.
- Updating a Working Capital Loan Product changes the payment allocation order exactly as submitted.
- Creating a Working Capital Loan Product fails when payment allocation rules contain duplicates."
136,Finance/Banking,Apache Fineract,"As a loan operations manager,
I want the loan delinquency and next-payment calculations to correctly reflect repayments, payoffs, refunds, chargebacks, pauses, and COB recalculations,
So that overdue status, next due amount, and delinquency dates are accurate for progressive loans with daily interest recalculation.

Acceptance Criteria:
- The system must calculate the loan repayment schedule for a progressive loan with daily interest recalculation and advanced payment allocation.
- The system must set the initial loan-level next payment due date and next payment amount correctly after disbursement.
- When an overpayment is made before the first installment, the repayment schedule must be recalculated and the loan-level next payment amount must reflect the remaining amount due on the next unpaid installment.
- After COB runs on later dates, the repayment schedule and next payment amount must remain consistent with the recalculated schedule.
- When a payoff is made after an overpayment scenario, all installments must be marked as obligations met.
- When the loan reaches the last installment, the loan-level next payment amount must reflect the remaining amount due on the last installment.
- When a repayment is made before the last installment, the system must recalculate the remaining installments and update the next payment amount accordingly.
- When the future installment allocation rule is set to LAST_INSTALLMENT, a payoff must allocate the remaining amount to the last installment as expected.
- When the future installment allocation rule is set to NEXT_INSTALLMENT, a payoff must allocate the remaining amount to the next installment as expected.
- When a payoff is made on the first installment, the system must close the loan and mark all installments as obligations met.
- When a loan has a down payment, the repayment schedule must include the down payment installment and the loan-level next payment amount must reflect the first scheduled installment.
- When a merchant-issued refund is posted, the system must create the refund and interest refund transactions and recalculate the repayment schedule accordingly.
- After a refund and subsequent COB run, the loan-level next payment amount must reflect the updated outstanding installment amount.
- When a payoff is made after a refund scenario, all installments must be marked as obligations met.
- The system must support delinquency pause periods and exclude paused days from installment-level delinquency calculations.
- The system must calculate loan delinquent days correctly when graceOnArrearsAgeing is configured at the loan product level.
- The system must override graceOnArrearsAgeing at the loan level when provided and use the loan-level value for delinquency calculations.
- The system must return the correct pastDueDate for an overdue loan.
- The system must return a null pastDueDate when the loan is not overdue.
- When a chargeback creates overdue, the system must set pastDueDate to the chargeback date.
- The LoanBalanceChangedBusinessEvent must include the correct pastDueDate for overdue loans.
- The LoanBalanceChangedBusinessEvent must include a null pastDueDate when the loan is not overdue.
- When a chargeback creates overdue, the LoanBalanceChangedBusinessEvent must include the chargeback date as pastDueDate."
137,Finance/Banking,Apache Fineract,"As a loan operations user,
I want to re-age delinquent loans and have the repayment schedule, transactions, delinquency status, and related events updated correctly,
So that overdue loans can be restructured accurately while preserving accounting integrity and supporting payoff, undo, chargeback, and replay scenarios.

Acceptance Criteria:
- A loan re-aging transaction can be created successfully for a delinquent loan using a specified start date, frequency, frequency type, and number of installments.
- Creating a re-aging transaction recalculates the repayment schedule into the expected number of periods and updates principal due, due amounts, outstanding amounts, paid amounts, and installment dates correctly.
- Re-aging can be performed on loans with advanced payment allocation and produces the correct repayment schedule for the chosen loan product and payment strategy.
- Re-aging can be created using the loan external ID as well as directly on the loan.
- Re-aging updates the loan transactions tab with a Re-age transaction showing the correct amount, principal allocation, loan balance, and reverted status.
- Re-aging clears delinquency for the loan when appropriate and updates delinquency range and delinquent date correctly.
- Inline COB processing updates delinquency range before re-aging and reflects the correct delinquency state afterward.
- A loan re-aging transaction can be undone, restoring the prior repayment schedule and transaction state.
- Undoing a re-aging transaction restores delinquency status to the pre-re-age state.
- Re-aging can be replayed after undoing, and the loan transactions tab reflects reverted and replayed states correctly.
- Re-aging works correctly when there are prior repayments, including autopay repayments and backdated repayments.
- Re-aging works correctly when there are prior chargebacks, including chargebacks before maturity and after maturity.
- Re-aging works correctly when there are charge adjustments or NSF fees added before or after the re-aging date.
- Re-aging works correctly when there are backdated disbursements or additional disbursements before or after the re-aging date.
- Re-aging works correctly when there is a merchant issued refund before re-aging.
- Re-aging works correctly when there are multiple disbursements on the loan, including second disbursements before or after the re-aging date.
- Re-aging can merge or remove normal installments as required when the re-aging start date falls before maturity, on maturity, or within an installment bucket.
- Re-aging can create additional installments when the re-aging start date and frequency require them, including N+1 installment scenarios.
- Re-aging can be previewed before creation, and the preview shows the expected repayment schedule without committing the transaction.
- The re-aging preview and the committed re-aging transaction produce consistent repayment schedule totals.
- Loan payoff after re-aging closes the loan with zero outstanding balance and all installment obligations met.
- Loan payoff after undoing or replaying re-aging still closes the loan correctly.
- Re-aging transaction business events are emitted, including LoanReAgeTransactionBusinessEvent with changedTerms set appropriately.
- Delinquency range change business events are emitted when delinquency status changes due to COB or re-aging.
- Loan disbursement business events reflect whether changed terms are true or false as expected in re-aging-related scenarios.
- Re-aging preserves correct totals for principal due, due, paid, in advance, late, penalties, fees, and outstanding amounts across all tested scenarios."
138,Finance/Banking,Apache Fineract,"As a loan operations administrator,
I want advanced payment allocation to correctly distribute repayments, credits, refunds, disbursements, reschedules, and reversals across progressive and fixed-length loan schedules,
So that loan balances, installment statuses, charges, and transaction histories remain accurate in all edge cases.

Acceptance Criteria:
- The system must generate correct progressive loan repayment schedules for both horizontal and vertical processing types with advanced payment allocation.
- When due-date charges are added before or after maturity, the schedule must recalculate installment due amounts, outstanding balances, and total penalties/fees correctly.
- Autopay repayments on due dates must allocate amounts to principal and charges according to advanced payment allocation rules.
- Late goodwill credit transactions must allocate amounts to past-due charges first, then to installment principal, with behavior varying by transaction amount.
- Goodwill credit on a charge due date must allocate to that charge and update paid, late, and outstanding amounts accordingly.
- Merchant issued refund transactions must allocate amounts across due and future installments according to the configured future installment allocation rule.
- Refund transactions must create the correct related interest refund transaction when applicable.
- Reversing a repayment, merchant issued refund, or payout refund must restore the loan schedule and transaction history correctly.
- Interest refund transactions linked to merchant issued refund or payout refund must be reversible only when the parent transaction is reversible; otherwise reversal must be forbidden.
- The system must support overpaid loans and allow subsequent disbursements against overpaid balances according to the configured future installment allocation rule.
- A second disbursement on an overpaid loan must reduce overpaid amount and update the repayment schedule correctly.
- The system must allow fraud flags to be set and unset on loans in submitted, approved, active, overpaid, and closed obligations met states.
- Disbursement must be blocked when the actual disbursement date is earlier than the allowed repayment start date.
- Fixed-length loan products must inherit the fixed length value into the loan account when not overridden.
- Fixed-length loan accounts must allow overriding the inherited fixed length at creation time.
- Fixed-length loan schedules must calculate installment dates correctly for day-, week-, and month-based terms.
- Fixed-length loan creation must fail when the fixed length is incompatible with the loan term and repayment frequency.
- Loan rescheduling by date must recalculate installment dates and amounts correctly for fixed-length loans.
- Loan rescheduling by extra terms must extend the schedule and recalculate future installments correctly.
- EMI amount variations must be recorded when a fixed EMI amount is used at disbursement.
- Loan term variations must be recorded when repayment dates are adjusted at disbursement.
- Early repayment must recalculate future interest and principal correctly for daily interest loans using the TILL_PRECLOSE strategy.
- Early repayment must also work correctly for the TILL_REST_FREQUENCY_DATE strategy.
- Inline COB must recalculate overdue daily interest correctly based on business date progression.
- The system must support repayment reversal on overpaid interest-bearing loans without restriction.
- The system must correctly close loans when all installment obligations are met after repayments, pay-offs, and accruals."
139,Finance/Banking,Apache Fineract,"As a loan administrator,
I want to manage and update the Working Capital period payment rate on active loan accounts,
So that repayment calculations reflect the correct rate over time and invalid changes are prevented.

Acceptance Criteria:
- A working capital loan can be created with an initial period payment rate and the loan account stores that rate correctly before approval and disbursement.
- After approval and disbursement, the working capital loan becomes Active and retains the initial period payment rate on the loan account.
- An admin can update the period payment rate on an active working capital loan, and the change is recorded in the rate change history with effective date, previous rate, new rate, and reversed flag.
- When the period payment rate is updated on a later business date, the loan account reflects the latest rate after COB processing.
- When multiple rate updates occur on the same business date, the history marks earlier same-day entries as reversed and keeps only the latest rate effective.
- When rate updates occur on different business dates, each change is tracked separately in history with the correct effective date and reversal status.
- A rate update made on the first day of disbursement is applied correctly and reflected in the loan account after COB processing.
- Updating the period payment rate with a value below the loan product minimum is rejected with a validation error and does not change the loan account rate.
- Updating the period payment rate with a value above the loan product maximum is rejected with a validation error and does not change the loan account rate.
- Updating the period payment rate on a non-active loan is rejected and does not change the loan account rate.
- Updating the period payment rate with zero is rejected because the rate must be greater than 0.
- Updating the period payment rate with the same value as the current rate is rejected because the new rate must differ from the current rate.
- The period payment rate can be updated by externalId, and the change is recorded correctly in the history.
- COB processing applies the latest valid period payment rate to the active loan account after updates."
140,Finance/Banking,Apache Fineract,"As a loan operations user,
I want loan accruals and accrual activity to be calculated, posted, reversed, and replayed correctly across repayments, charges, pre-closures, backdated transactions, and configuration options,
So that loan balances, repayment schedules, transaction history, and accounting events remain accurate in all repayment and accrual scenarios.

Acceptance Criteria:
- The system shall calculate daily accruals for active loans and post an Accrual Activity transaction when the accrual period is completed.
- The system shall raise `LoanAccrualTransactionCreatedBusinessEvent` whenever an accrual transaction is created.
- The system shall raise `LoanTransactionAccrualActivityPostBusinessEvent` whenever an accrual activity transaction is posted.
- For loans with advanced payment allocation and no payments, accrual activity shall be posted on the installment due date and reflected in the repayment schedule and transaction tab.
- For loans with advanced payment allocation and no payments, due-date charges added before an installment due date shall be included in that installment’s fees/penalties and affect the due amount.
- For loans with advanced payment allocation and no payments, due-date charges added after the next installment due date shall be allocated to the next installment and reflected in the schedule and transactions.
- For loans with cumulative payment strategy and no payments, accrual activity shall be posted on the installment due date and reflected in the repayment schedule and transaction tab.
- For loans with cumulative payment strategy and no payments, due-date charges shall be allocated according to the repayment strategy and reflected in the schedule totals.
- When a customer makes an on-time repayment, the repayment shall be allocated correctly across principal, interest, fees, and penalties according to the loan’s payment strategy.
- When a customer makes an on-time repayment, the repayment shall update the installment’s paid date, paid amount, outstanding amount, and the loan’s total outstanding balance.
- When a customer makes an autopay repayment equal to the installment due amount, the installment shall be fully paid and the remaining schedule shall remain unchanged.
- When a customer makes an autopay repayment that includes charges, the repayment shall settle the installment charges and principal/interest in the correct order.
- When a customer makes a partial repayment before the first installment due date, the repayment shall be reflected as in-advance payment and reduce outstanding balance accordingly.
- When a customer makes a repayment before the first installment due date that fully closes the loan, the loan status shall become `CLOSED_OBLIGATIONS_MET` and outstanding amount shall become zero.
- When a customer overpays before the first installment due date, the loan status shall become `OVERPAID` and the overpaid amount shall be tracked.
- When a fully paid loan is reopened by undoing a repayment, the loan status shall return to `ACTIVE` and the repayment schedule shall be recalculated.
- When a partially paid loan is reopened by undoing a repayment, the loan status shall return to `ACTIVE` and the repayment schedule shall be recalculated with the correct outstanding amount.
- When a repayment is undone, the reversed repayment transaction shall be marked as reverted and the repayment schedule shall be restored accordingly.
- When a repayment is undone after accrual activity has been posted, the accrual activity shall be reversed/replayed as needed and the transaction history shall preserve external IDs.
- When a repayment is reversed and replayed, the system shall create the appropriate accrual adjustment transaction if the recalculated accrual differs from the original accrual activity.
- When a repayment is reversed and replayed, the system shall not create an accrual adjustment transaction if the recalculated accrual matches the original accrual activity.
- When a backdated repayment is entered, the system shall recalculate accruals and accrual activity for the affected dates and update the repayment schedule accordingly.
- When a backdated charge is added, the system shall recalculate the repayment schedule and transaction history to include the charge on the correct date.
- When a backdated charge is added after a repayment, the repayment schedule shall reflect the charge allocation and any resulting accrual activity adjustments.
- When a backdated repayment is reversed, the system shall reverse and replay accrual activity as needed while preserving the original external ID on the replayed accrual activity transaction.
- When a backdated repayment is reversed and replayed, the system shall raise `LoanAccrualAdjustmentTransactionBusinessEvent` when an accrual adjustment is created.
- When a backdated disbursement is added to an existing loan, the repayment schedule and accruals shall be recalculated to include the additional disbursement amount.
- When a disbursement is later undone, the repayment schedule and accrual transactions shall be recalculated accordingly.
- The system shall support periodic accrual posting jobs independently of inline COB and produce the same accrual activity results.
- The system shall support loans with interest recognition on disbursement date and include disbursement-day interest in accrual calculations.
- When `interestRecognitionOnDisbursementDate` is enabled, the loan product response shall expose that flag as true.
- When `charge-accrual-date` is set to `due-date`, accruals for charges on closed or overpaid loans shall be recognized based on the charge due date.
- When `charge-accrual-date` is set to `submitted-date`, accruals for charges on closed or overpaid loans shall be recognized based on the loan submitted date.
- For closed or overpaid loans, accrual activity shall still be posted correctly for charge accruals according to the configured accrual date.
- For closed or overpaid loans, repayment after accrual activity shall update the repayment schedule and transaction history without creating negative accrual activity amounts.
- For loans with interest recognition on disbursement date, early repayments shall recalculate future interest and repayment amounts correctly.
- For loans with interest recognition on disbursement date, repayments on the disbursement date shall allocate principal immediately and accrue no interest for that day.
- For loans with interest recognition on disbursement date, repayments on installment dates shall still produce correct accrual activity and repayment schedule totals.
- For loans with interest recognition on disbursement date, the system shall calculate fractional-period interest correctly for partial periods.
- When a repayment is made and later undone, the system shall preserve transaction external IDs for accrual activity transactions that were reverse-replayed.
- When an accrual activity transaction is reversed and replayed, the replayed transaction shall retain the original external ID.
- When an interest payment waiver is applied, the waiver transaction shall be recorded and the loan balance shall be reduced accordingly.
- When an interest payment waiver is applied after accrual activity exists, the repayment schedule shall be recalculated without reversing the waiver transaction.
- When a loan is fully repaid, the loan status shall become `CLOSED_OBLIGATIONS_MET` and outstanding amount shall become zero.
- When a loan is overpaid, the loan status shall become `OVERPAID` and the overpaid amount shall be tracked.
- When an overpaid loan receives a repayment reversal, the loan status and repayment schedule shall be recalculated correctly.
- When an accrual activity transaction is reversed without changing its external ID, the system shall preserve the external ID on the replayed transaction.
- When an accrual activity transaction is replayed after a repayment reversal, the replayed transaction shall keep the same external ID as the original accrual activity transaction."
141,Finance/Banking,Apache Fineract,"As a loan administrator,
I want to verify that the loan lifecycle, repayment allocation, and delinquency tracking remain correct after database changes,
So that regressions in loan state transitions and repayment schedule calculations are detected across different Fineract instances.

Acceptance Criteria:
- The system must allow setting the business date, creating a client, creating a default loan, approving it, and disbursing it on the same date.
- After disbursement, the loan must be ACTIVE with the full outstanding amount reflected in the loan and transaction tab.
- The repayment schedule must correctly show the initial disbursement period and the first installment due on the expected due date.
- A repayment made before the installment due date must be recorded as an in-advance repayment.
- An in-advance repayment must reduce the outstanding amount and update the repayment schedule totals accordingly.
- The loan must remain ACTIVE after a partial in-advance repayment when the loan is not fully paid off.
- Running COB after the arrears threshold is reached must assign the correct delinquency range and delinquent date.
- A repayment made after the installment due date must be recorded as a late repayment.
- When a late repayment completes the remaining balance, the repayment schedule must show the installment as fully paid with both in-advance and late amounts allocated correctly.
- The repayment schedule totals must reflect the full principal due, total paid amount, in-advance amount, late amount, and zero outstanding balance after full repayment.
- The loan transactions tab must list disbursement and repayment transactions with correct dates, types, amounts, principal allocation, and resulting loan balances.
- Once the loan is fully repaid, the outstanding amount must be zero and the loan status must become CLOSED_OBLIGATIONS_MET."
142,Finance/Banking,Apache Fineract,"As a loan operations admin,
I want payout refund transactions to optionally create and manage linked interest refund transactions,
So that loan balances, repayment schedules, accounting entries, and transaction reversals are updated correctly based on product configuration and refund lifecycle.

Acceptance Criteria:
- A payout refund can be posted against an active loan after disbursement and repayment activity.
- When `interestRefundCalculation` is `false`, no interest refund transaction is created automatically.
- When `interestRefundCalculation` is `true`, an interest refund transaction is created automatically and linked to the payout refund transaction.
- If `interestRefundCalculation` is not provided, the system falls back to the loan product configuration to determine whether an interest refund should be created.
- Payout refund posting updates the loan repayment schedule, including period balances, principal due, interest due, paid amounts, in-advance amounts, and outstanding amounts.
- Payout refund posting updates the loan transactions tab with a `PAYOUT_REFUND` transaction and correct principal allocation, loan balance, and reverted/replayed flags.
- When interest refund is created automatically, the loan transactions tab includes an `INTEREST_REFUND` transaction with the correct amount and interest allocation.
- The `PAYOUT_REFUND` transaction posts the expected journal entries to Loans Receivable and Suspense/Clearing accounts.
- The `INTEREST_REFUND` transaction posts the expected journal entries to Interest/Fee Receivable and Interest Income accounts.
- A payout refund can be reversed, and its linked interest refund is also reversed.
- Reversing a payout refund with a linked interest refund restores the repayment schedule and transaction history accordingly.
- Subsequent transactions after a payout refund are recalculated correctly when the refund or linked interest refund is created or reversed.
- Manual interest refund creation is allowed for a payout refund when no automatic interest refund exists.
- Manual interest refund creation updates the repayment schedule and transaction tab correctly.
- Manual interest refund creation is not allowed if an interest refund already exists for the same payout refund.
- Manual interest refund creation is not allowed after the related payout refund has been reversed.
- Manual interest refund creation is not allowed for transaction types other than payout refund.
- Undoing a payout refund with a manually created interest refund reverses both transactions and recalculates the loan schedule correctly."
143,Finance/Banking,Apache Fineract,"As a finance system administrator,
I want to create, update, retrieve, and delete Working Capital Breach configurations with proper validation and dependency checks,
So that I can manage breach rules safely and ensure they cannot be misconfigured or removed while in use.

Acceptance Criteria:
- An admin can retrieve the breach template and use it to create a Working Capital Breach configuration.
- An admin can successfully create a Working Capital Breach configuration with valid values.
- A created Working Capital Breach configuration can be retrieved and its stored values verified.
- An admin can successfully update an existing Working Capital Breach configuration with valid values.
- An updated Working Capital Breach configuration can be retrieved and its updated values verified.
- An admin can delete an existing Working Capital Breach configuration.
- Creating a Working Capital Breach configuration fails when `name` is null or empty, with an error stating that `name` is mandatory.
- Creating a Working Capital Breach configuration fails when `breachFrequency` is null, with an error stating that `breachFrequency` is mandatory.
- Creating a Working Capital Breach configuration fails when `breachFrequency` is 0, with an error stating that `breachFrequency` must be greater than 0.
- Creating a Working Capital Breach configuration fails when `breachFrequencyType` is null, with an error stating that `breachFrequencyType` is mandatory.
- Creating a Working Capital Breach configuration fails when `breachFrequencyType` is invalid, with an error stating it must be one of `DAYS`, `WEEKS`, `MONTHS`, or `YEARS`.
- Creating a Working Capital Breach configuration fails when `breachAmountCalculationType` is null, with an error stating that `breachAmountCalculationType` is mandatory.
- Creating a Working Capital Breach configuration fails when `breachAmountCalculationType` is invalid, with an error stating it must be one of `PERCENTAGE` or `FLAT`.
- Creating a Working Capital Breach configuration fails when `breachAmount` is null, with an error stating that `breachAmount` is mandatory.
- Creating a Working Capital Breach configuration fails when `breachAmount` is negative, with an error stating that `breachAmount` must be greater than or equal to 0.
- Creating a Working Capital Breach configuration fails when the name already exists.
- Updating a Working Capital Breach configuration fails when `name` is null or empty, with an error stating that `name` is mandatory.
- Updating a Working Capital Breach configuration fails when `breachFrequency` is 0, with an error stating that `breachFrequency` must be greater than 0.
- Updating a Working Capital Breach configuration fails when `breachFrequencyType` is invalid, with an error stating it must be one of `DAYS`, `WEEKS`, `MONTHS`, or `YEARS`.
- Updating a Working Capital Breach configuration fails when `breachAmountCalculationType` is invalid, with an error stating it must be one of `PERCENTAGE` or `FLAT`.
- Updating a Working Capital Breach configuration fails when `breachAmount` is negative, with an error stating that `breachAmount` must be greater than or equal to 0.
- Updating a Working Capital Breach configuration fails when the name already exists.
- Deleting a Working Capital Breach configuration that has already been deleted fails.
- Retrieving a Working Capital Breach configuration that has already been deleted fails.
- Deleting a Working Capital Breach configuration fails when the provided id does not exist.
- Retrieving a Working Capital Breach configuration fails when the provided id is not found.
- Deleting a Working Capital Breach configuration fails when it is assigned to a Working Capital Loan Product.
- Deleting a Working Capital Breach configuration fails when it is assigned to an active Working Capital Loan Account."
144,Finance/Banking,Apache Fineract,"As a loan administrator,
I want to record goodwill credit transactions on working capital loans,
So that I can apply principal-only credits to eligible active loans and keep delinquency schedules and transaction history accurate.

Acceptance Criteria:
- A working capital loan can be approved and disbursed successfully before a goodwill credit is allowed.
- A goodwill credit transaction with a positive amount can be posted to an active working capital loan.
- A goodwill credit transaction updates the loan delinquency schedule by reducing the outstanding amount and marking the minimum payment criteria as met when the expected amount for the period is fully covered.
- A goodwill credit transaction is recorded in the loan transaction history as type `Goodwill Credit` with the full amount applied to principal and no fee or penalty portion.
- When payment details are provided with a goodwill credit transaction, the payment type is stored and exposed on GET as `AUTOPAY`.
- A goodwill credit transaction with zero amount is rejected with HTTP 400 and message `The parameter \`transactionAmount\` must be greater than 0.`
- A goodwill credit transaction with a negative amount is rejected with HTTP 400 and message `The parameter \`transactionAmount\` must be greater than 0.`
- A goodwill credit transaction dated in the future is rejected with HTTP 400 and message `Failed data validation due to: cannot.be.a.future.date.`
- A goodwill credit transaction can be posted on the disbursement day.
- A goodwill credit transaction can be posted after the disbursement day.
- If a goodwill credit fully covers the expected amount for a delinquency period, the delinquency schedule shows the period as fully paid with zero outstanding amount.
- If a goodwill credit is posted on the last day of a period, the delinquency schedule remains correct when COB runs on the next day and the next period is created.
- If a goodwill credit is posted on the first day of the next period, the previous period is marked delinquent until the credit is applied, and the delinquency tag history records the delinquency classification and later its lift.
- Multiple goodwill credit transactions on the same day can be combined to fully cover the expected amount for a period.
- Multiple goodwill credit transactions on different days can be combined to fully cover the expected amount for a period.
- Goodwill credit can be combined with regular repayment within the same period and the delinquency schedule reflects the total paid amount.
- Goodwill credit can be combined with regular repayment across different periods and each period’s delinquency schedule is updated independently.
- A goodwill credit cannot be initiated before the loan is active, including immediately after loan creation.
- A goodwill credit cannot be initiated immediately after approval before disbursement.
- Goodwill credit is allowed only for active or closed obligations met/overpaid loans."
145,Finance/Banking,Apache Fineract,"As a loan operations administrator,
I want re-amortization on interest-bearing loans to correctly recalculate schedules, accruals, and related transactions across repayments, chargebacks, fees, capitalized income, interest pauses, disbursements, and charge-off scenarios,
So that loan balances, repayment schedules, and accounting entries remain accurate after mid-term loan changes.

Acceptance Criteria:
- Re-amortizing a standard interest-bearing loan recalculates the repayment schedule, total due amounts, and accrual postings correctly after repayments and COB processing.
- Accrual transactions are generated daily up to the re-amortization date and are reflected correctly in the loan transactions tab.
- Re-amortization creates a re-amortize transaction with the correct principal, interest, and total amount, and updates future installments accordingly.
- Backdated repayments before re-amortization reverse or replay accrual activity as needed and update the schedule and transaction history correctly.
- Chargebacks before re-amortization restore the loan balance, reverse repayment effects, and recalculate future installments and accruals correctly.
- Chargebacks after re-amortization recalculate the schedule based on the reversed repayment and preserve correct accrual behavior.
- Adding a due-date fee before re-amortization includes the fee in the affected installment, accrual activity, and re-amortized schedule totals.
- Re-amortization after a charge-off is forbidden.
- Re-amortization after an overpayment correctly carries forward the overpaid amount into future installments and updates outstanding balances.
- Re-amortization after a second disbursement increases the loan balance and recalculates the repayment schedule for the new total principal.
- Re-amortization after capitalized income correctly incorporates the capitalized amount and its amortization into the schedule and accruals.
- Re-amortization after capitalized income undo/replay correctly updates transaction replay status and accrual postings.
- Re-amortization after a down payment correctly recalculates the remaining schedule from the reduced principal balance.
- Re-amortization after an interest pause correctly reduces or removes interest during the paused period and updates future installments.
- Re-amortization with equal amortization interest split distributes interest correctly across remaining installments.
- Re-amortization with equal amortization interest split and extra terms adds the correct number of installments and recalculates due amounts.
- Re-amortization with equal amortization interest split and a reschedule from a later date recalculates future installments from that date onward.
- Re-amortization with equal amortization interest split and a backdated repayment correctly replays accruals and updates the schedule.
- Re-amortization with equal amortization interest split and a backdated interest pause correctly adjusts accruals, accrual activity, and future installment interest.
- Re-amortization with equal amortization interest split and a backdated capitalized income correctly recalculates the schedule and amortization of the capitalized amount.
- Re-amortization with equal amortization interest split and a charge-off correctly recalculates the remaining schedule and closes the loan when paid off.
- Re-amortization with equal amortization interest split and a maturity-accelerating charge-off shortens the schedule to the charge-off date.
- Re-amortization with equal amortization interest split and a zero-interest charge-off stops further interest accrual after charge-off.
- Re-amortization with equal amortization interest split and a later disbursement correctly re-ages the loan and recalculates the schedule for the increased balance.
- Re-amortization with equal amortization interest split and a later capitalized income transaction correctly updates the schedule, accrual activity, and amortization of the capitalized amount.
- Undoing a re-amortization transaction restores the prior repayment schedule, transaction state, and accrual behavior.
- Undoing a capitalized income transaction restores the prior schedule and marks the capitalized income as reverted.
- Re-amortization is forbidden once the loan has been charged off.
- Loan payoff after re-amortization closes the loan with zero outstanding balance and all obligations met."
146,Finance/Banking,Apache Fineract,"As a loan operations manager,
I want to charge off loans and have the system correctly recalculate balances, schedules, transactions, and accounting entries across different repayment and interest-recalculation scenarios,
So that charged-off loans are handled consistently, recoveries and reversals are tracked accurately, and downstream accounting and collections processes remain correct.

Acceptance Criteria:
- Charge-off must prevent any further disbursement on the loan.
- Charge-off must create a loan balance changed business event on the charge-off date.
- Charge-off must update the repayment schedule to reflect all accrued interest, fees, penalties, and outstanding principal up to the charge-off date.
- Charge-off must create a charge-off transaction with correct principal, interest, fee, and penalty allocation.
- Charge-off must post the correct journal entries for principal, interest income, fee income, credit loss/bad debt, and related receivable accounts.
- Repayments made after charge-off must be accepted and recorded as recoveries, with correct journal entries and outstanding balance reduction.
- Charge-off undo must restore the loan to its pre-charge-off state and revert the charge-off transaction.
- Reversed repayments must be marked as reverted and must trigger schedule recalculation correctly.
- Backdated repayments made after charge-off must be handled correctly when allowed, including recalculation of charge-off amounts and schedule balances.
- Backdated charge-off after later charges or waivers must be forbidden when the business rules do not allow it.
- Scheduled COB jobs must exclude charged-off loans from further accrual processing unless the loan is reverted.
- If a charged-off loan is reverted, COB accrual processing must resume and generate accrual entries again.
- For loans with interest recalculation enabled, charge-off must recalculate the repayment schedule up to the charge-off date.
- For loans with interest recalculation enabled, charge-off on a due date, before an installment date, in the middle of an installment period, after maturity, or after overdue installments must each produce the correct adjusted schedule.
- For loans with interest recalculation disabled, charge-off must not recalculate future interest after the charge-off date.
- For zero-interest charge-off products, charge-off must allocate only the remaining principal and any accrued interest/fees according to the configured behavior.
- For zero-interest charge-off products, charge-off must correctly handle future installment allocation rules such as NEXT_INSTALLMENT and LAST_INSTALLMENT.
- Charge-off must correctly handle additional charges added before, on, or after the charge-off date, including snooze fees and waived charges.
- Charge-off must correctly handle credit balance refunds after full repayment and before/after charge-off.
- Charge-off must correctly handle repayment reversals and repayment transactions occurring after charge-off.
- Charge-off must preserve correct outstanding, paid, in-advance, late, waived, and total amounts in the repayment schedule after every state change."
147,Finance/Banking,Apache Fineract,"As a loan officer,
I want to preview and apply loan re-amortization for interest-bearing loans under different repayment, charge, and reversal scenarios,
So that I can accurately determine the payoff amount and updated installment schedule before closing the loan.

Acceptance Criteria:
- The system must generate a re-amortization preview for a fully disbursed declining-balance loan using default interest handling.
- The preview must preserve already paid installments and recalculate only unpaid and future installments based on the loan’s current state.
- When a repayment is made on an installment due date, the preview must reflect the paid installment as settled and recalculate the remaining schedule accordingly.
- When a due-date charge is added before re-amortization, the preview must include the charge in the affected installment and update totals.
- When a loan has an extra future installment charge added after the original schedule end date, the preview must expand to include the additional installment.
- When a repayment is charged back before re-amortization, the preview must reverse the repayment impact and recalculate the remaining installments from the restored balance.
- When a loan has a down payment, the preview must include the down payment in the repayment schedule and recalculate subsequent installments correctly.
- When a partially paid installment exists, the preview must allocate the partial payment correctly across principal and interest and carry forward any in-advance amount.
- When multiple past-due installments exist at the time of preview, the preview must mark those installments as settled and recalculate only the remaining future installments.
- When a repayment is undone before re-amortization, the preview must restore the original unpaid schedule and recalculate future installments from the corrected balance.
- When a repayment and a charge are backdated before re-amortization, the preview must reflect both transactions in the affected past installment and update the remaining schedule totals.
- The preview must calculate and display correct totals for principal due, interest, fees, penalties, due amount, paid amount, in-advance amount, late amount, and outstanding balance.
- The system must allow loan payoff after preview generation and close the loan with zero outstanding balance when all obligations are met.
- The system must reject re-amortization preview creation with a 403 error when no overdue principal exists for the requested re-amortization context."
148,Finance/Banking,Apache Fineract,"As a product owner,
I want to control when loan re-amortization is allowed and how it behaves across repayments, disbursements, capitalized income, interest pauses, reschedules, charge-offs, write-offs, and contract termination,
So that loan schedules, balances, and accounting entries remain accurate and compliant in all lifecycle states.

Acceptance Criteria:
- Re-amortization is forbidden on loans that are charged off, contract terminated, closed, or written off.
- Re-amortization is forbidden on the same day as disbursement when there are no overdue installments.
- Re-amortization is forbidden if it has already been performed for the current business date.
- Re-amortization can be created successfully on eligible active loans with the configured interest handling.
- Re-amortization recalculates the repayment schedule from the current business date onward and updates installment amounts, due dates, balances, and totals correctly.
- Re-amortization preserves already paid installments and marks the re-amortization installment as paid on the business date.
- Re-amortization supports equal amortization with interest split and default interest handling.
- Re-amortization supports loans with multiple disbursements, including disbursements before and after re-amortization.
- Re-amortization supports backdated second disbursements and recalculates the schedule accordingly.
- Re-amortization supports capitalized income transactions before and after re-amortization.
- Re-amortization supports undoing capitalized income transactions and recalculates the schedule accordingly.
- Re-amortization supports interest pause term variations created before re-amortization.
- Re-amortization supports interest pause term variations created after re-amortization.
- Re-amortization supports overlapping and backdated interest pause periods, including multiple variations.
- Re-amortization supports rescheduling after re-amortization with extra terms.
- Re-amortization supports rescheduling after re-amortization with an adjusted due date.
- Re-amortization supports rescheduling after re-amortization with a new interest rate.
- Re-amortization supports charge-off after re-amortization and creates the correct loan balance change event.
- Re-amortization supports write-off after re-amortization and closes the loan with the correct written-off transaction.
- Re-amortization supports contract termination after re-amortization and creates the correct termination transaction.
- Re-amortization supports pay-off after re-amortization and closes the loan with zero outstanding balance.
- Re-amortization supports additional disbursements after re-amortization on active loans.
- Re-amortization supports additional disbursements after maturity when the loan is still active.
- Re-amortization supports non-interest-bearing multidisbursement loans.
- Re-amortization supports capitalized income accounting entries and deferred capitalized income balances.
- Re-amortization supports multiple re-amortizations on the same loan when separated by valid business events.
- Re-amortization updates loan transaction history with correct principal, interest, balance, reverted, and replayed values.
- Re-amortization updates loan repayment schedules and totals correctly after repayments, disbursements, capitalized income, charge-offs, write-offs, contract termination, and interest pauses."
149,Finance/Banking,Apache Fineract,"As a loan officer,
I want to manage full-term tranche progressive loans with advanced payment allocation across multiple disbursements and loan events,
So that loan schedules, balances, and payoff outcomes are recalculated correctly for disbursements, repayments, prepayments, re-aging, rescheduling, charge adjustments, charge-offs, write-offs, contract termination, and related reversals.

Acceptance Criteria:
- A progressive loan with full-term tranche setup must generate the correct repayment schedule after the first disbursement, including installment count, principal, interest, totals, and transaction records.
- A second disbursement on an installment date must extend the schedule correctly, create an additional disbursement transaction, and recalculate all future installments and totals.
- A second disbursement mid-period must recalculate the schedule correctly, including the impact on the next installment and total outstanding amounts.
- A second disbursement before the first repayment date must not extend the term count incorrectly and must recalculate future installments based on the new balance.
- Customer repayments on installment dates must allocate amounts correctly between principal and interest, update paid dates, reduce outstanding balances, and record repayment transactions.
- Early repayments must be applied as advance payments and reduce future installment obligations according to advanced payment allocation rules.
- Merchant-issued refunds must be treated as repayment-like allocations and update the schedule and transaction tab accordingly.
- Down payment transactions must reduce principal immediately, update active term count, and be reflected in both schedule and transaction history.
- Auto down payments must be recorded as down payment transactions and affect the schedule the same way as manual down payments.
- A loan payoff must close the loan with zero outstanding balance and all installment obligations met after partial repayments and additional disbursements.
- Undoing the last disbursement must revert the schedule back to the prior state and remove the effect of the latest disbursement transaction.
- Re-aging a loan must create a re-age transaction, extend or restructure the schedule as configured, and preserve prior paid installments.
- Re-aging with different interest handling modes must recalculate future installments and totals according to the selected handling rule.
- Interest pause periods must reduce or eliminate interest accrual during the paused dates and recalculate affected installments.
- Backdated repayments must trigger reverse-replay behavior and recalculate the schedule from the backdated payment date forward.
- Backdated charges must trigger reverse-replay behavior and update repayment allocations, schedule totals, and transaction replay flags.
- Chargebacks must reverse prior repayment allocations, restore balances, and recalculate the schedule correctly.
- Charge-off must create accrual and charge-off transactions, update the schedule, and allow payoff of the remaining balance.
- Charge-off with zero-interest behavior must close the loan without accruing additional interest at charge-off.
- Contract termination must close the loan and move the remaining balance into a termination transaction with the correct accrued interest.
- Re-amortization must recalculate the remaining schedule from the re-amortization date using the configured interest handling rule.
- Rescheduling must adjust due dates, optionally add extra terms, and recalculate installment amounts and totals from the reschedule date.
- Payment holidays must shift due dates and recalculate the schedule correctly after the holiday period.
- Charges due before or between disbursements must appear in the schedule and charges tab with correct due, paid, waived, and outstanding amounts.
- Waiving a charge must reduce outstanding charge amounts, update the repayment schedule, and record a waive transaction.
- Undoing a waived charge must restore the charge outstanding amount and revert the waive transaction.
- Due date charges added before or after disbursements must be allocated to the correct installment or final installment depending on maturity rules.
- Snooze fees and NSF fees must be reflected in the repayment schedule and charges tab with correct fee and penalty allocation.
- Multiple charges after maturity must be grouped and allocated correctly across the final installment or N+1 installment as configured.
- Capitalized income transactions must increase loan balance, create capitalized income transactions, and recalculate future installments.
- Chargeback after maturity must still reverse the original repayment and preserve correct outstanding balances.
- Write-off must close the loan as written off and create the correct close transaction with principal and interest components.
- Loan status must reflect closed written-off state after write-off.
- Loan balance changed business events and schedule variation events must be created when applicable.
- Loan transactions tab must accurately reflect all disbursements, repayments, refunds, chargebacks, accruals, waives, re-ages, re-amortizations, terminations, charge-offs, and closures with correct amounts and replay/revert flags."
150,Finance/Banking,Apache Fineract,"As a loan administrator,
I want loan override fields to either use product defaults or accept provided values depending on whether overrides are allowed,
So that loan creation always applies the correct configuration for each loan product.

Acceptance Criteria:
- When creating a loan for a product that does not allow overrides, nullable override fields default to the loan product values if no values are provided.
- When creating a loan for a product that does not allow overrides, any provided values for nullable override fields are ignored and the loan product values are used instead.
- When creating a loan for a product that allows overrides, nullable override fields default to the loan product values if no values are provided.
- When creating a loan for a product that allows overrides, provided values for nullable override fields are saved on the loan details.
- The following fields are covered by this behavior: inArrearsTolerance, graceOnPrincipalPayment, graceOnInterestPayment, and graceOnArrearsAgeing."
151,Finance/Banking,Apache Fineract,"As a loan administrator,
I want to create, approve, disburse, reverse, and manage loan transactions with correct date, amount, status, and idempotency rules,
So that loan processing, repayment allocation, and accounting remain accurate and compliant.

Acceptance Criteria:
- A loan can be created for a client on the business date.
- A customised loan can be created when the submitted date is on or before the business date.
- A loan cannot be created when the submitted date is after the business date.
- A loan can be approved on the business date.
- A loan cannot be approved with a future approval date.
- A loan can be disbursed on the business date after approval.
- A loan cannot be disbursed with a future disbursement date.
- A loan can be approved and disbursed for up to 50% over the applied amount.
- A loan cannot be approved for more than 50% over the applied amount.
- A loan cannot be disbursed for more than the approved over-applied amount.
- For progressive loans with percentage over-applied calculation, available disbursement amount with over-applied value is tracked correctly after approval and partial disbursement.
- For progressive loans with flat over-applied calculation, available disbursement amount with over-applied value is tracked correctly after approval and partial disbursement.
- For loans expecting tranches, tranche details are created and updated correctly as disbursement details are added.
- For loans expecting tranches, disbursement details cannot exceed the remaining available amount.
- Loan pay-off can be performed and all installments are marked as obligations met.
- Loan repayment schedule amounts are distributed equally when the loan is approved and after disbursement.
- Loan approval can be undone.
- Loan disbursal can be undone, and approval can then be undone as well.
- The submitted on date of a loan can be edited after creation.
- Fraud flag can be set on an active loan.
- Fraud flag can be unset on a loan.
- Fraud flag actions are not allowed on loans that are not in the correct active state.
- Idempotency keys are supported for loan-related customer transactions.
- Idempotency works whether the Idempotency-Key header is provided by the client or generated by the system.
- Replaying the same idempotency key returns the cached response and does not create duplicate transactions.
- Idempotency is enforced per loan, so the same key on a second loan does not duplicate the transaction on the second loan.
- Idempotency is enforced per client/loan context, so the same key on a second client’s loan behaves independently.
- REPAYMENT, GOODWILL_CREDIT, PAYOUT_REFUND, and MERCHANT_ISSUED_REFUND transactions are recorded correctly.
- Loan status changes correctly between ACTIVE, OVERPAID, CLOSED_OBLIGATIONS_MET, APPROVED, REJECTED, and CHARGED_OFF based on repayments, goodwill credits, chargebacks, and reversals.
- Backdated repayments can change loan status and outstanding balance correctly.
- Chargeback transactions can move a loan from OVERPAID to ACTIVE or CLOSED_OBLIGATIONS_MET depending on the amount.
- Undoing repayments can move a loan from OVERPAID or CLOSED back to ACTIVE or CLOSED_OBLIGATIONS_MET as appropriate.
- Goodwill credit transactions can move a loan from ACTIVE to OVERPAID or CLOSED_OBLIGATIONS_MET depending on whether the amount exceeds or equals the remaining balance.
- Loan overdue and delinquency calculations are updated correctly after inline COB and goodwill credit transactions.
- Transaction journal entries are created correctly for disbursement, repayment, goodwill credit, payout refund, merchant issued refund, and chargeback transactions.
- Loan status change events are raised only when the status actually changes, including during transaction replaying."
152,Finance/Banking,Apache Fineract,"As a loan operations user,
I want to charge off loans under different charge-off reasons and repayment timing scenarios,
So that loan balances, accruals, journal entries, and related transactions are correctly recalculated and recorded.

Acceptance Criteria:
- A loan can be charged off after an installment date with FRAUD, DELINQUENT, or OTHER reasons, and the charge-off transaction must reflect the correct principal and interest split.
- When charge-off occurs after a repayment, the repayment schedule must be recalculated correctly, including updated outstanding amounts, accrued interest, and charge-off totals.
- Charge-off must create a LoanBalanceChangedBusinessEvent on the charge-off date.
- Charge-off journal entries must use the correct GL mappings based on the charge-off reason, including fraud-specific and standard bad debt accounts.
- When interest recalculation is enabled, charge-off must accelerate maturity to the charge-off date and include any due fees and penalties up to that date.
- When interest recalculation is disabled, charge-off must still accelerate maturity correctly, but without recalculating interest beyond the configured behavior.
- Due-date charges added before charge-off must be included in the repayment schedule and charge-off amount.
- Due-date charges added after charge-off must be handled by extending or adjusting the final installment as required by the loan behavior.
- Waiving a charge after charge-off must update the repayment schedule, outstanding amounts, and transaction replay/reversion state correctly.
- NSF fees and snooze fees must be reflected in the repayment schedule and charge-off totals when they exist before charge-off.
- Backdated repayments made after charge-off must be allowed and must recalculate the repayment schedule correctly.
- Backdated repayments with excess amounts must allocate amounts across installments correctly, including advance payments and revised outstanding balances.
- Backdated full repayments after charge-off must update accruals and charge-off amounts correctly, including replayed or reverted repayment transactions where applicable.
- Charge-off must be blocked when there is monetary activity dated after the intended charge-off date.
- Charge-off reversal must restore the loan state correctly and reverse the associated journal entries.
- For loans with interest recognition from disbursement date enabled, accruals must be created from disbursement date and reversed or adjusted correctly when charge-off is backdated.
- For loans with interest recognition from disbursement date disabled, accruals must start from the next day and charge-off must reflect that accrual pattern.
- Charge-off on loans with zero-interest behavior must still record accruals, accrual adjustments, and charge-off transactions correctly.
- Charge-off must work correctly when a loan has been externally transferred or bought back, preserving the correct ownership transfer and journal entry behavior.
- Merchant issued refunds, goodwill credits, and repayment reversals after charge-off must correctly update the repayment schedule, transaction history, and interest refund amounts.
- Undoing a repayment after charge-off must replay the loan schedule correctly and update the charge-off balance and related accruals.
- Charge-off must respect loan product configuration for accounting rules, payment allocation strategy, and principal compounding settings."
153,Finance/Banking,Apache Fineract,"As a product owner,
I want to create and manage delinquency reschedule actions for Working Capital loans,
So that delinquency schedules can be recalculated correctly when repayment rules change, while preserving history, validations, and related breach/pause behavior.

Acceptance Criteria:
- A delinquency reschedule action can be created only for active Working Capital loans.
- A delinquency reschedule action cannot be created if a delinquency range schedule already exists in an invalid state or before the loan is active.
- Reschedule creation validates that at least one of minimumPayment or frequency is provided.
- Reschedule creation validates that minimumPayment, when provided, is greater than 0.
- Reschedule creation validates that frequency, when provided, is greater than 0.
- Reschedule creation validates that minimumPaymentType is mandatory when minimumPayment is provided.
- Reschedule creation validates that frequencyType is mandatory when frequency is provided.
- Reschedule creation rejects invalid minimumPaymentType values.
- Reschedule creation rejects invalid frequencyType values.
- Reschedule supports minimumPayment changes only, frequency changes only, or both together.
- Reschedule supports PERCENTAGE and FLAT minimumPayment types.
- Reschedule supports DAYS, WEEKS, and MONTHS frequency types.
- Reschedule supports decimal minimumPayment values.
- Reschedule minimumPayment values above 100% are capped at the remaining balance.
- Reschedule minimumPayment values are capped by the remaining balance when the remaining balance is lower than the configured minimum payment.
- Reschedule expected amounts are calculated from the correct base, including loans with discounts.
- Adding or adjusting discount fees after disbursement recalculates the remaining balance cap correctly.
- A reschedule action created on the disbursement date is recorded and applied without shifting the original current period boundaries.
- A reschedule action created on the first day of a new period updates subsequent periods correctly.
- A reschedule action created after a PAUSE preserves the pause-adjusted period boundaries.
- A PAUSE created after a RESCHEDULE preserves the rescheduled parameters.
- Multiple reschedule actions are retained in history.
- When multiple reschedules exist, the latest action wins for the parameter group it changes.
- When a reschedule changes only one parameter group, the other parameter group is inherited from the latest action that set it, or from the original product configuration if none exists.
- Two identical reschedules produce the same delinquency schedule as a single reschedule.
- Multiple partial reschedules on the same day or different days inherit parameters correctly from the latest applicable action.
- Creating a reschedule action returns the latest reschedule action details when delinquency actions are retrieved.
- COB generates delinquency periods using the rescheduled parameters over time as business dates advance.
- COB generates new periods using the updated frequency and/or minimum payment after rescheduling.
- Rescheduled periods correctly reflect expectedAmount, paidAmount, outstandingAmount, and minPaymentCriteriaMet values.
- Rescheduled periods correctly reflect delinquentAmount and delinquentDays based on the evaluated schedule.
- Backdated repayments trigger delinquency schedule reprocessing against the rescheduled periods.
- Repayment reversals trigger delinquency schedule reprocessing against the rescheduled periods.
- Backdated goodwill credits trigger delinquency schedule reprocessing against the rescheduled periods.
- Backdated repayments are allocated to the oldest open past-due periods first.
- Undoing a repayment restores the delinquency schedule to the prior uncured state.
- When a period is fully paid, its delinquency tag history is lifted correctly.
- Delinquency tag history is preserved across reschedule reprocessing and is not duplicated.
- Delinquency tag history is updated correctly when backdated repayments cure past-due periods.
- Delinquency rescheduling does not change breach schedules or breach actions.
- When delinquency-only rescheduling occurs, breach schedule data remains unchanged.
- When delinquency-only rescheduling occurs, breach actions remain unchanged.
- Reschedule behavior works correctly when the loan has a custom breach configuration.
- Reschedule behavior works correctly when the loan has a discount applied at disbursement.
- Reschedule behavior works correctly when a discount is added later and when that discount adjustment is undone.
- Reschedule behavior correctly handles same-day reschedules where the later action wins for the same parameter group.
- Reschedule behavior correctly handles same-day reschedules where one action sets only payment and another sets only frequency.
- Reschedule behavior correctly handles same-day reschedules where one action sets percentage and a later action switches to flat payment.
- Reschedule behavior correctly handles same-day reschedules where one action sets frequency and a later action changes frequency again.
- Closing the loan with full repayment finalizes the delinquency schedule correctly after rescheduling and reprocessing."
154,Finance/Banking,Apache Fineract,"As a loan operations user,
I want to recalculate repayment schedules when a loan interest rate is changed backdated or mid-loan,
So that repayments, accruals, charge-offs, payoffs, refunds, and closures remain accurate across all loan lifecycle events.

Acceptance Criteria:
- The system must generate an initial repayment schedule for a newly disbursed loan using the configured interest rate, repayment frequency, and allocation rules.
- When a backdated interest rate change is approved before any repayments are made, the repayment schedule must be recalculated from the specified effective date.
- When a backdated interest rate change is approved after one or more repayments have already been made, the schedule must preserve paid installments and recalculate only the affected future and/or partially paid installments.
- When the interest rate change is submitted on an installment due date, the schedule must correctly handle the due installment and any subsequent installments.
- When the interest rate change is submitted in the middle of an installment period, the schedule must recalculate interest proportionally from the effective date.
- When a repayment is reversed/undone after an interest rate change, the repayment schedule and transaction history must be replayed and updated consistently.
- When a repayment is reversed/undone before any interest rate change has occurred, the schedule must be recalculated from the reversal date and reflect the restored outstanding balance.
- When a loan is paid off after a backdated interest rate change, all installments must be marked as obligations met and the loan must close correctly.
- When a loan is charged off after a backdated interest rate change, the charge-off amount must include the correct principal, accrued interest, and any applicable adjustments.
- When a charged-off loan has a backdated interest rate change approved, the repayment schedule must be rebuilt to reflect the new interest rate and the charge-off transaction must be replayed accordingly.
- When a charged-off loan is later paid off, the loan must close with obligations met and zero outstanding balance.
- When a loan is written off and then a backdated interest rate change is approved, the written-off close transaction must be replayed with the correct recalculated amount.
- When a loan has an external asset owner and a backdated interest rate change is approved, the asset externalization details must remain consistent and reflect the correct effective dates and status transitions.
- When a loan has a zero-interest product and a backdated interest rate change is approved, the schedule must recalculate interest from zero to the new rate and update totals accordingly.
- When a loan has a backdated interest rate change and a credit balance refund is applied, the loan must move from overpaid to closed with obligations met once the excess is refunded.
- When a loan is already closed with obligations met, a backdated interest rate change must still recalculate the schedule correctly without reopening the loan.
- When a loan is overpaid and then a backdated interest rate change is approved, the system must preserve the overpaid amount and loan status until any required refund is processed.
- When a loan product defines minimum and maximum allowed interest rates, rescheduling with a new interest rate outside those bounds must fail with a validation error.
- When a loan product allows a minimal positive interest rate, rescheduling must succeed and calculate interest using the minimum allowed rate.
- When a loan uses weekly repayments, backdated interest rate changes must recalculate weekly installment amounts and interest correctly.
- When a loan has a merchant-issued refund or credit balance refund after a backdated interest rate change, the repayment schedule must update paid, in-advance, late, and outstanding amounts correctly.
- When a repayment is reversed after a merchant-issued refund and backdated interest change, the schedule must rebuild overdue balances and interest correctly.
- When a loan has overdue installments and COB runs after a backdated interest rate change, overdue balance correction amounts must be recalculated correctly.
- When COB runs after a reversal on a loan with overdue installments, overdue balance correction amounts must be rebuilt for all overdue periods.
- When a loan is finally paid off after these recalculations and reversals, it must close with zero outstanding balance and all obligations met."
155,Finance/Banking,Apache Fineract,"As a loan operations admin,
I want to post, backdate, and undo goodwill credit transactions on working capital loans,
So that delinquency, breach, fee allocation, balances, and loan status are recalculated correctly.

Acceptance Criteria:
- A backdated goodwill credit can clear a delinquent period and update the delinquency range schedule accordingly.
- A backdated goodwill credit and its undo must recalculate both delinquency and breach schedules.
- A backdated goodwill credit that fully settles the loan must close the loan and recognize any configured discount.
- A backdated goodwill credit that exceeds the outstanding principal must move the loan to OVERPAID and calculate the overpayment amount.
- Posting an additional goodwill credit on an already overpaid loan must increase the overpayment amount while keeping the loan OVERPAID.
- Undoing a goodwill credit must create the appropriate discount fee amortization adjustment on the next COB run when discount accounting is enabled.
- Undoing a goodwill credit that closed the loan must reopen the loan to ACTIVE and restore outstanding principal.
- Undoing a goodwill credit that caused overpayment on a closed loan must return the loan to CLOSED_OBLIGATIONS_MET.
- A goodwill credit dated before the disbursement date must be rejected with a validation error.
- When a loan has fees and a payment allocation order that prioritizes fees, a backdated goodwill credit must reallocate later transaction amounts between fee and principal correctly.
- Undoing a goodwill credit on a fee-bearing loan must reallocate the remaining transaction’s fee portion correctly and update principal outstanding and total paid principal.
- A backdated goodwill credit posted after a loan is already closed must reprocess payments and move the loan to OVERPAID when it creates excess payment.
- A goodwill credit that only settles outstanding fees on a closed loan must keep the loan CLOSED_OBLIGATIONS_MET.
- Transaction history must reflect goodwill credits, reversals, and any generated amortization or adjustment entries with correct dates and amounts.
- Balance payloads must reflect correct principal outstanding, overpayment amount, total paid principal, and realized income after goodwill credit posting or undo."
156,Finance/Banking,Apache Fineract,"As a loan operations admin,
I want to disable and re-enable working capital breach evaluation on active loans,
So that I can temporarily suspend breach processing during specific periods and resume it later without losing breach history or corrupting loan status.

Acceptance Criteria:
- I can create a breach disable action for an active working capital loan on the current business date.
- When breach evaluation is disabled, COB runs do not evaluate or update breach/near-breach flags for the disabled period.
- When breach evaluation is re-enabled, COB recomputes breach status from the enable date onward and applies any repayments or reversals correctly.
- A breach disable action can only be created once while it is active; attempting to disable again before enabling returns a validation error.
- A breach enable action is rejected if there is no active breach disable to reverse.
- Breach disable and enable actions must be created on the current business date; backdated requests are rejected.
- Breach disable and enable requests must not include an end date; providing one returns a validation error.
- While breach evaluation is disabled, pause, reschedule, near-breach reschedule, reset, resume, and related breach actions are rejected with a “breach is disabled” validation error.
- Undo reset is allowed while breach evaluation is disabled and is retained in breach action history.
- Repayments made during a disable window do not update the breach schedule immediately, but their effect is reflected when breach evaluation is re-enabled.
- Undoing a repayment made during a disable window is also honored when breach evaluation is re-enabled.
- Disabling breach suppresses near-breach evaluation during the disable window.
- Re-enabling breach resumes near-breach evaluation on the next COB run.
- A loan can be disabled again after a previous disable has been enabled.
- Breach disable is rejected for loans that do not have breach configuration.
- Breach disable is rejected for loans that are not yet active.
- Breach disable can be created and retrieved using the loan external ID.
- Creating a breach disable requires the CREATE_WC_BREACH_DISABLE permission.
- Retrieving breach action history requires the READ_WC_BREACH_ACTION permission.
- COB breach evaluation is skipped during the disable window and resumes correctly after enable.
- Disable and enable history is preserved across multiple disable-enable cycles.
- Enabling on the same business day as disabling is accepted and closes the disable window appropriately.
- A near-breach flag set before disable remains unchanged during the disable window and is not altered until re-enabled.
- Working capital loans can still be fully repaid and closed with status CLOSED_OBLIGATIONS_MET after disable/enable processing."
157,Finance/Banking,Apache Fineract,"As a loan officer,
I want to process working capital loan repayments against a daily amortizing schedule,
So that repayments are correctly applied, balances are updated, and delinquency is tracked accurately.

Acceptance Criteria:
- A working capital loan can be created, approved, and disbursed successfully with the expected loan account data stored correctly.
- After disbursement, the loan status becomes Active.
- When a repayment is made on a scheduled date for an amount greater than the expected installment, the repayment is accepted and applied to the loan.
- The delinquency range schedule is updated to reflect the repayment date, expected amount, paid amount, outstanding amount, minimum payment criteria, delinquent amount, and delinquent days.
- The amortization schedule is generated for the full loan term with the correct number of periods.
- The initial amortization schedule entry reflects the disbursed principal and zero discount fee balance.
- Each daily schedule period shows the correct expected payment amount and decreasing expected balance over time.
- On the repayment date, the actual payment amount is recorded against the corresponding schedule period.
- After repayment, the actual balance is reduced by the repayment amount while future periods remain consistent with the amortization plan.
- The loan account retains the correct principal, approved principal, total payment volume, period payment rate, and discount values throughout approval and disbursement."
158,Finance/Banking,Apache Fineract,"As a [role],
I want to [action],
So that [benefit].

Acceptance Criteria:
- Admin can create, update, and delete a Working Capital loan charge.
- The Working Capital Loan charge template returns only the allowed options:
  - chargeTimeTypeOptions: Specified due date
  - chargeCalculationTypeOptions: Flat
  - chargePaymentModeOptions: Regular
- When the charge template is requested with charge time type `SPECIFIED_DUE_DATE`, the only allowed chargeCalculationType option is Flat.
- Admin can create a Working Capital loan charge as a penalty and retrieve it as a penalty.
- If payment mode is not provided when creating a Working Capital loan charge, it defaults to Regular.
- Creating a Working Capital loan charge with chargeTimeType `DISBURSEMENT` and chargeCalculationType `FLAT` returns HTTP 400 with error message: `The parameter \`chargeTimeType\` must be one of [ 2 ] .`
- Creating a Working Capital loan charge with chargeTimeType `SPECIFIED_DUE_DATE` and chargeCalculationType `PERCENTAGE_AMOUNT` returns HTTP 400 with error message: `The parameter \`chargeCalculationType\` must be one of [ 1 ] .`
- Creating a Working Capital loan charge with chargeTimeType `INSTALLMENT_FEE` and chargeCalculationType `FLAT` returns HTTP 400 with error message: `The parameter \`chargeTimeType\` must be one of [ 2 ] .`
- Admin can add a specified due date fee to a Working Capital loan account and it is stored with the correct due date, amount, currency, penalty flag, charge time type, calculation type, and payment mode.
- Admin can add a specified due date penalty to a Working Capital loan account and it is stored with the correct due date, amount, currency, penalty flag, charge time type, calculation type, and payment mode.
- A specified due date charge can be added with a future due date and is stored correctly.
- A specified due date charge can be added on the disbursement date and is stored correctly.
- A specified due date charge can be added on the disbursement date with a future due date and is stored correctly.
- Multiple charges can be added to the same Working Capital loan account.
- Fee and penalty charges can be added to the same loan with different amounts.
- A Working Capital loan charge can be added with the minimum amount of 1.0.
- A Working Capital loan charge can be added with a large amount."
159,Finance/Banking,Apache Fineract,"As a [loan administrator],
I want to pause and resume loan delinquency processing for active loans,
So that I can temporarily stop and later continue delinquency actions during special business periods.

Acceptance Criteria:
- The delinquency pause action can be initiated for an active loan by loanId.
- The delinquency pause action can be initiated for an active loan by loanExternalId.
- Only PAUSE and RESUME are supported as delinquency actions; any other action value returns an error.
- A PAUSE action can be created with a start date equal to the current business date.
- A PAUSE action can be created with a start date later than the current business date.
- A PAUSE action can be created with a start date earlier than the current business date.
- A PAUSE action stores both start date and end date.
- A RESUME action can be created after a PAUSE action and stores the resume start date.
- Delinquency actions are returned in sequence and include both PAUSE and RESUME entries when applicable.
- PAUSE and RESUME actions are allowed only for active loans.
- Initiating a PAUSE on a non-active loan returns an error.
- Initiating a RESUME on a non-active loan returns an error.
- A loan in SUBMITTED_AND_PENDING_APPROVAL status is considered non-active for delinquency pause/resume actions.
- A loan in APPROVED status is considered non-active for delinquency pause/resume actions.
- A loan in OVERPAID status is considered non-active for delinquency pause/resume actions.
- A loan in CLOSED_OBLIGATIONS_MET status is considered non-active for delinquency pause/resume actions."
160,Finance/Banking,Apache Fineract,"As a product owner,
I want to control loan re-aging behavior for equal amortization loans after charge-off or write-off,
So that the system enforces the correct repayment schedule, transaction posting, and closure rules for charged-off and written-off loans.

Acceptance Criteria:
- A fully customized equal-installment loan with advanced payment allocation can be created, approved, and disbursed with a 6-month monthly repayment schedule and daily declining-balance interest.
- The repayment schedule must calculate the expected installment amounts, principal, interest, and totals correctly after disbursement.
- When an AUTOPAY repayment is made on the first due date, the repayment must be allocated correctly between principal and interest, and the schedule and loan transaction tab must reflect the payment.
- When a charged-off loan is re-aged using equal amortization with payable interest handling, the system must create a LoanBalanceChangedBusinessEvent on charge-off.
- After charge-off, the repayment schedule must be recalculated so that only the remaining unpaid installment periods are retained and the charged-off balance is reflected correctly.
- After charge-off, the loan transaction tab must include the accrual transaction and the charge-off transaction with the correct amounts and balances.
- After a loan has been charged off, the system must reject creation of a loan re-aging transaction using equal amortization with payable interest handling.
- A loan that has been charged off must still be payable off, and payoff must close the loan with zero outstanding balance and all installment obligations met.
- A fully customized equal-installment loan with advanced payment allocation can also be created for the zero-interest charge-off behavior.
- When a repayment is made before write-off, the repayment must be allocated correctly and reflected in both the repayment schedule and transaction tab.
- When a written-off loan is re-aged with equal amortization and outstanding full interest handling, the system must forbid the re-aging action.
- After write-off, the loan status must become CLOSED_WRITTEN_OFF.
- After write-off, the repayment schedule must remain consistent with the loan’s written-off state and not allow forbidden re-aging behavior."
161,Finance/Banking,Apache Fineract,"As a product owner,
I want datatables to automatically enforce correct key/index behavior and support validated querying and null handling for datatable entries,
So that datatable metadata is consistent, queries are safe, and client data can be stored, updated, and cleared reliably.

Acceptance Criteria:
- When a single-row datatable for Loan is created, its primary key column loan_id is marked as primary key, unique, and indexed.
- When a multirow datatable for Loan is created, its primary key column id is marked as primary key, unique, and indexed.
- When a multirow datatable for Loan is created, its foreign key column loan_id is indexed.
- When a datatable for Loan is created with an extra column marked unique, that column is also indexed.
- When a datatable for Loan is created with an extra column marked indexed, that column is indexed.
- When querying a datatable with an invalid integer filter value for loan_id, the API returns HTTP 400 with validation.msg.invalid.integer.format.
- When querying a datatable with an invalid date filter value for created_at, the API returns HTTP 400 with validation.msg.invalid.dateFormat.format.
- When querying a datatable with an invalid column name, the API returns HTTP 400 with validation.msg.validation.errors.exist.
- When a datatable entry is created with a null value in a client JSON body, the null value is persisted and can be fetched as null.
- When an existing datatable entry is updated with a null value in a client JSON body, the stored value is cleared and can be fetched as null."
162,Finance/Banking,Apache Fineract,"As a loan administrator,
I want the Working Capital loan repayment process to correctly handle overpayments, goodwill credits, penalties, and credit balance refunds,
So that loan accounts reflect the correct status, balances, and transaction history when customers pay more than is due.

Acceptance Criteria:
- A fully repaid Working Capital loan can accept an additional repayment after closure and move to `OVERPAID`.
- When a loan is fully repaid, its status becomes `CLOSED_OBLIGATIONS_MET`.
- An overpaid Working Capital loan can accept further repayments and remain `OVERPAID`.
- A repayment on an active loan that exceeds the outstanding amount must set the loan status to `OVERPAID` and record the excess as `overpaymentAmount`.
- A credit balance refund on an overpaid loan must reduce the overpayment and can return the loan status to `CLOSED_OBLIGATIONS_MET` when the overpayment is fully refunded.
- A goodwill credit transaction must be applied to the loan and reflected in the loan account totals and transaction history.
- After a goodwill credit, a subsequent repayment must correctly combine with prior credits to determine overpayment and loan status.
- The loan transaction history must record disbursement, goodwill credit, repayment, and credit balance refund transactions with correct amounts and principal portions.
- Inline COB processing must update delinquency schedule data correctly for the Working Capital loan.
- A specified due date penalty charge can be added to a Working Capital loan and must appear in the loan charges list with the correct charge details.
- A repayment that covers principal plus penalty charges must close the loan with status `CLOSED_OBLIGATIONS_MET`."
163,Finance/Banking,Apache Fineract,"As a bank administrator,
I want to create new clients with mandatory name details and optionally include their address when address capture is enabled,
So that I can register clients in the system and maintain their contact information when required.

Acceptance Criteria:
- The system allows an admin to create a client by providing a first name and last name.
- When a client is created with valid first name and last name, the client is created successfully.
- If the global configuration `enable-address` is enabled, the admin can create a client with address details.
- When a client is created with valid first name, last name, and address details, the client is created successfully."
164,Finance/Banking,Apache Fineract,"As a loan operations administrator,
I want loan accruals and accrual activity to be generated correctly for re-aged equal-amortization loans with advanced payment allocation,
So that interest is recognized accurately over time and repayment schedules and transaction history remain correct after payments and COB processing.

Acceptance Criteria:
- A fully customized declining-balance loan with equal installments, daily interest calculation, advanced payment allocation, and a 6-month term can be created, approved, and disbursed successfully.
- After disbursement, the repayment schedule is generated with 6 periods and the expected principal, interest, due, and outstanding amounts for each installment.
- The loan transaction tab initially shows only the disbursement transaction after loan disbursement.
- When COB is run shortly after disbursement, daily accrual transactions are posted for each business day up to the COB date with the expected interest amounts.
- When the first scheduled repayment is made on the due date, the repayment is allocated correctly between principal and interest according to the schedule.
- After repayment, the repayment schedule reflects the installment as paid and updates the total paid and outstanding amounts correctly.
- After repayment and COB processing, the transaction tab shows the repayment transaction without accruals and includes the corresponding accrual activity entry for the installment interest.
- Daily accrual transactions continue to be generated correctly for the remaining days in January after the first repayment, with the expected daily interest amounts.
- When COB is run on a later date, the transaction tab includes accrual activity entries for the relevant installment periods and the corresponding daily accrual transactions for the elapsed days.
- The accrual activity entries reflect the total accrued interest for each completed installment period.
- The transaction history distinguishes between repayment transactions, accrual transactions, and accrual activity transactions correctly.
- Replayed/reverted flags remain false for the generated disbursement, repayment, accrual, and accrual activity transactions."
165,Finance/Banking,Apache Fineract,"As a loan administrator,
I want to apply flat tranche disbursement charges to each loan disbursement and have them collected immediately at disbursement,
So that disbursement fees are correctly charged, posted, and reflected in the repayment schedule and loan accounting.

Acceptance Criteria:
- A flat tranche disbursement charge can be configured for a loan product and assigned to a loan with tranche-based disbursements.
- When a loan is created with tranche disbursement charges, the charge appears on the Loan Charges tab as due at tranche disbursement with the configured flat amount.
- When the loan is approved and the first tranche is disbursed, the tranche disbursement charge is collected at disbursement time as a repayment-at-disbursement transaction.
- The repayment-at-disbursement transaction posts the fee amount to the correct income and suspense/clearing journal accounts.
- The initial repayment schedule includes the disbursement fee in the total due and shows the fee as paid after disbursement.
- Regular installment repayments reduce principal and interest according to the repayment schedule while leaving the tranche fee unaffected once paid.
- After each customer repayment, the repayment schedule and loan transactions tab reflect the correct allocation of principal and interest paid.
- When a second tranche is added and disbursed later, a second tranche disbursement charge is created and collected at that disbursement time.
- The loan charges tab shows both tranche disbursement charges separately, each tied to its own due-as-of disbursement date and marked as paid.
- The repayment schedule is recalculated after the additional disbursement so that future installments reflect the increased principal and updated due amounts.
- The loan transactions tab records each disbursement and each repayment-at-disbursement transaction with the correct amounts and resulting loan balance.
- The loan disbursement business event indicates that loan terms were not changed during tranche disbursement processing."
166,Finance/Banking,Apache Fineract,"As a admin,
I want to process repayment chargebacks on loans and have the loan balance, status, and delinquency/overdue treatment updated correctly,
So that reversed or adjusted repayments are reflected accurately in loan servicing and collections.

Acceptance Criteria:
- A chargeback of type `REPAYMENT_ADJUSTMENT_CHARGEBACK` on a closed loan reopens the loan and restores the charged-back amount as outstanding.
- A chargeback of type `REPAYMENT_ADJUSTMENT_REFUND` on a closed loan reopens the loan and restores the refunded amount as outstanding.
- If a loan is fully repaid and closed, a later chargeback makes the loan active again with the chargeback amount outstanding.
- If a loan becomes active again after a chargeback, a subsequent repayment can close the loan again when the outstanding amount is fully paid.
- A second chargeback after the loan has been repaid again reopens the loan and sets the new outstanding amount accordingly.
- If an NSF fee is added after a repayment undo and the loan is repaid again, a later chargeback still reopens the loan and restores the charged-back amount as outstanding.
- If a loan is overpaid and the chargeback amount is greater than the overpaid amount, the loan becomes active with the remaining amount outstanding.
- If a loan is overpaid and the chargeback amount is less than the overpaid amount, the loan remains overpaid and no outstanding amount is created.
- If a loan is overpaid and the chargeback amount exactly matches the overpaid amount, the loan returns to closed obligations met with no outstanding amount.
- Chargebacks must be reflected correctly in delinquency and overdue calculations after COB processing.
- After a chargeback on a partially repaid loan, the delinquency range and delinquent date must be recalculated correctly.
- After a chargeback on a partially repaid loan, total overdue amount must include the reversed repayment amount."
167,Finance/Banking,Apache Fineract,"As a product owner,
I want the system to generate and evaluate working capital loan breach schedules based on product breach configuration, loan lifecycle state, disbursement date, and business date,
So that I can monitor repayment risk and identify breach periods accurately for active working capital loans.

Acceptance Criteria:
- No breach schedule is created for a working capital loan that is still in ""Submitted and pending approval"" state.
- No breach schedule is created for a working capital loan that is only ""Approved"" and not yet disbursed.
- A breach schedule is created on the disbursement date for an active working capital loan using a breach-enabled product.
- On the last day of the first period, the breach schedule remains unevaluated and does not mark breach.
- On the first day after the first period ends, the first period is evaluated as breached and the next period is generated.
- As business date advances across multiple periods, all completed periods are marked breached and the current open period remains unevaluated.
- The minimum payment amount is calculated correctly when a discount is applied at disbursement.
- A custom breach configuration using 7-day periods, 3 delinquency grace days, and 3 breach grace days generates the expected 10 weekly periods and evaluates breaches according to business date.
- No breach schedule is generated when the loan product does not have breach configuration enabled.
- A custom breach configuration using WEEKS frequency generates a single weekly period on the disbursement day with the expected breach schedule behavior."
168,Finance/Banking,Apache Fineract,"As a loan operations administrator,
I want to apply and amortize buy down fees on loans with automated payment allocation,
So that fee income is recognized correctly over time and loan repayment schedules, transactions, and accounting entries remain accurate.

Acceptance Criteria:
- A fully customized loan can be created, approved, and disbursed with the buy down fee-enabled loan product.
- When a buy down fee is added with AUTOPAY payment type, the loan repayment schedule is recalculated to include the fee impact and the expected installment amounts.
- The loan repayment schedule must show the correct period breakdown, totals, and outstanding amounts after the buy down fee is applied.
- The loan transactions tab must record the disbursement and buy down fee transactions with the correct principal, interest, fee, penalty, and loan balance values.
- The buy down fee transaction must create the correct journal entries, debiting Buy Down Expense and crediting Deferred Capitalized Income.
- The buy down fee details must be stored with the correct fee amount, amortized amount, not-yet-amortized amount, adjusted amount, and charged-off amount.
- A LoanBuyDownFeeTransactionCreatedBusinessEvent must be published when the buy down fee is created.
- When the business date advances and COB runs, buy down fee amortization transactions must be generated according to the configured amortization behavior.
- Daily amortization must create a buy down fee amortization transaction for each business day with the correct amount.
- Each buy down fee amortization transaction must create the correct journal entries, debiting Deferred Capitalized Income and crediting Income From Buy Down.
- The buy down fee details must be updated as amortization occurs, reducing the not-yet-amortized amount and increasing the amortized amount.
- Repayments made on scheduled dates must allocate amounts correctly between principal and interest while keeping the loan active until fully repaid.
- After all scheduled repayments and required accruals/amortizations are processed, the loan must close with status CLOSED_OBLIGATIONS_MET.
- A LoanBuyDownFeeAmortizationTransactionCreatedBusinessEvent must be published when buy down fee amortization is created."
169,Finance/Banking,Apache Fineract,"As a loan officer,
I want repayment transactions on working capital loans to allocate amounts correctly across principal, fees, and penalties according to the configured allocation rule,
So that loan balances, charge balances, and transaction records remain accurate for different repayment scenarios.

Acceptance Criteria:
- The system must support repayment allocation using `DUE_FEE_PENALTY_PRINCIPAL`, applying repayment amounts to due fee, due penalty, then principal.
- The system must support repayment allocation using `DUE_PENALTY_FEE_PRINCIPAL`, applying repayment amounts to due penalty, due fee, then principal.
- The system must support repayment allocation using `DUE_PRINCIPAL_FEE_PENALTY`, applying repayment amounts to principal first, then due fee, then due penalty.
- The system must support repayment allocation using `DUE_FEE_PRINCIPAL_PENALTY`, applying repayment amounts to due fee first, then principal, then due penalty.
- The system must support repayment allocation using `IN_ADVANCE_PENALTY_FEE_PRINCIPAL`, applying repayment amounts to advance penalty, advance fee, then principal.
- When specified due date fee and penalty charges are added to a working capital loan, they must be stored with the correct charge metadata, including due date, amount, currency, penalty flag, charge time type, calculation type, and payment mode.
- When a repayment is posted on the charge due date, the repayment transaction must be split into the correct principal, fee, and penalty portions based on the configured allocation rule.
- The loan account summary must update correctly after repayment, including total paid principal, realized income, unrealized income, and overpayment amount.
- Fee and penalty charge balances must update correctly after repayment, including outstanding and paid amounts.
- The loan transaction history must record both the disbursement and repayment transactions with the correct transaction date, amount, allocation portions, and reversal status.
- For the `DUE_PRINCIPAL_FEE_PENALTY` allocation, if repayment is made before the charge due date, the repayment must apply only to principal and leave fee and penalty outstanding.
- For the `DUE_PRINCIPAL_FEE_PENALTY` allocation, if repayment is made on the charge due date, the repayment must allocate to principal first and then to fee and penalty as applicable.
- For the `DUE_FEE_PENALTY_PRINCIPAL` allocation, if repayment is made on the charge due date, the repayment must allocate to fee and penalty before principal.
- For the `DUE_PENALTY_FEE_PRINCIPAL` allocation, if repayment is made on the charge due date, the repayment must allocate to penalty before fee and principal.
- For the `IN_ADVANCE_PENALTY_FEE_PRINCIPAL` allocation, if repayment is made before the charge due date, the repayment must allocate to penalty and fee in advance before principal."
170,Finance/Banking,Apache Fineract,"As a [loan administrator],
I want to manage loan repayments, reversals, refunds, multi-disbursements, and loan product configuration details,
So that I can accurately track outstanding balances and expose the correct loan product options and flags.

Acceptance Criteria:
- A fully disbursed loan can be repaid in full on time using an AUTOPAY repayment, creating a repayment transaction and reducing outstanding amount to 0.
- A loan that has been disbursed in multiple parts can be fully repaid with a single AUTOPAY repayment covering the total outstanding balance.
- A loan can be partially repaid, then receive an additional disbursement, and later be fully repaid with AUTOPAY.
- A loan that was fully repaid can receive a later additional disbursement and then be repaid again.
- A full repayment can be reversed, restoring the loan outstanding amount to the prior balance.
- After a repayment reversal, an NSF fee can be added and the outstanding amount increases accordingly.
- A partial repayment can be reversed, restoring the original outstanding amount.
- A repayment reversal can still be followed by an NSF fee and a subsequent repayment that clears the loan.
- A full repayment can be reversed after the loan’s 1-month period, then an NSF fee can be added, and the loan can be repaid again.
- A partial repayment can be refunded, reducing the outstanding amount to 0.
- A refund can be reversed after a partial repayment, restoring the outstanding amount to the pre-refund balance.
- A refund reversal can be applied after a repayment reversal, restoring the original outstanding amount.
- The loan product template response must include exactly 3 charge-off reason options.
- The charge-off reason options in the loan product template response must be Fraud, Delinquent, and Other with positions 0, 1, and 2 respectively.
- The charge-off reason options in a specific loan product response must also include exactly 3 options with the same values and attributes.
- The loan product response must contain the interestRecognitionOnDisbursementDate flag set to false."
171,Finance/Banking,Apache Fineract,"As a finance administrator,
I want to run a year-end retained earnings close for loan income accounts,
So that income balances are zeroed into retained earnings at fiscal year end while accounting remains correct, repeatable, and reportable.

Acceptance Criteria:
- The year-end retained earnings job uses the configured income/expense GL account range, retained earnings GL account, and report name.
- When the job is run for a fiscal year end, all income GL accounts in scope are closed out to retained earnings.
- The retained earnings GL account shows a non-zero ending balance after the close.
- Balance-sheet accounts outside the income/expense range are not affected by the close.
- The close creates exactly one annual summary journal entry row for the retained earnings GL code for the fiscal year end.
- Re-running the retained earnings job for the same fiscal year is idempotent and does not create duplicate retained earnings entries or reopen closed income accounts.
- After the close, the next fiscal year starts clean, and new income accruals appear normally in the trial balance.
- Income from loans externalized to an asset owner is still included in the year-end close and retained in the originator’s retained earnings.
- The year-end close must not fail when the trial balance contains non-numeric GL codes such as written-off expense accounts.
- The trial balance summary report must continue to display GL codes correctly after the year-end close."
172,Finance/Banking,Apache Fineract,"As a product owner,
I want to allow credit balance refunds on overpaid working capital loans and enforce the correct validation and status transitions,
So that excess customer repayments can be refunded accurately while protecting loan integrity and transaction data.

Acceptance Criteria:
- A working capital loan that becomes overpaid after repayment can accept a credit balance refund.
- A partial credit balance refund on an overpaid loan reduces the overpayment but keeps the loan status as OVERPAID until the full overpayment is refunded.
- A credit balance refund equal to the remaining overpayment closes the loan with status CLOSED_OBLIGATIONS_MET.
- A credit balance refund cannot be initiated for a loan that is not overpaid; the API returns HTTP 400 with the message ""Credit balance refund is allowed only for overpaid loans"".
- A credit balance refund amount cannot exceed the available overpayment; the API returns HTTP 400 with the message ""Credit balance refund amount cannot exceed overpayment amount"".
- A credit balance refund cannot be dated in the future; the API returns HTTP 400 with the message ""cannot.be.a.future.date"".
- Credit balance refund transactions can include payment details such as payment type, account number, check number, routing code, receipt number, and bank number.
- When payment details are provided for a credit balance refund, they are persisted on the transaction and the transaction exposes the selected payment type.
- Multiple partial credit balance refunds can be applied sequentially, and the loan remains OVERPAID until the total refunded amount equals the overpayment.
- Multiple repayments that exceed the total payable amount accumulate into a single overpayment balance.
- The overpayment amount is tracked accurately and exposed on the loan balance.
- A valid credit balance refund classification code can be used and is persisted on the refund transaction."
173,Finance/Banking,Apache Fineract,"As a loan operations manager,
I want discount fees on working capital loans to be recorded and amortized correctly during COB,
So that deferred revenue and income are recognized accurately based on whether a discount exists and whether repayments have been made.

Acceptance Criteria:
- A working capital loan can be created, approved, and disbursed with the expected principal, status, and accounting fields.
- When a discount is added on the same disbursement date after disbursement, the loan principal increases by the discount amount and a Discount Fee transaction is recorded.
- If a repayment exists before COB, COB creates a Discount Fee Amortization transaction for the appropriate amortized amount.
- The Discount Fee Amortization transaction posts journal entries debiting Deferred Interest Revenue and crediting Interest Income.
- The original Discount Fee transaction posts journal entries debiting Loans Receivable and crediting Deferred Interest Revenue.
- If a discount is added after disbursement and a repayment exists, COB updates the loan’s realized income, unrealized income, and total paid principal accordingly.
- If a discount is added after disbursement and no repayment exists, COB does not create any Discount Fee Amortization transaction.
- If a discount is added after disbursement and no repayment exists, COB leaves realized income at 0.0 and keeps the full discount amount as unrealized income.
- If no discount is added to the loan, COB does not create any Discount Fee Amortization transaction.
- If no discount is added to the loan, COB does not change the loan’s principal, realized income, or unrealized income during COB."
174,Finance/Banking,Apache Fineract,"As a loan administrator,
I want to add, backdate, partially adjust, and undo discount fee adjustments on working capital loans while preserving repayment and accounting integrity,
So that loan balances, transaction history, and journal entries remain accurate across business dates and COB processing.

Acceptance Criteria:
- A backdated discount fee adjustment must preserve principal already repaid before the adjustment date.
- When a backdated discount fee adjustment is applied after repayments, the loan account must reflect the correct remaining discount, principal, and total paid principal.
- A backdated discount fee adjustment must be recorded as a transaction on the specified transaction date, not only on the current business date.
- Undoing the last discount fee adjustment must restore the original discount and principal values on the loan account.
- Undoing a discount fee adjustment must reverse the adjustment transaction in the transaction history.
- A partial discount fee adjustment must be allowed.
- When a partial discount fee adjustment is applied, the remaining discount and principal must be reduced by the adjusted amount.
- A partial discount fee adjustment must be recorded as a transaction on the specified backdated transaction date.
- When a backdated discount fee adjustment is applied after COB has recognized income, the system must post a discount fee amortization adjustment on the current business date for the income already recognized up to the previous COB.
- The amortization adjustment must create the correct journal entries between Interest Income and Deferred Interest Revenue.
- When a full discount fee adjustment is applied after COB has recognized income, the system must post a discount fee amortization adjustment on the next COB date.
- The amortization adjustment for a full discount fee adjustment must create the correct journal entries between Interest Income and Deferred Interest Revenue.
- Undoing a full discount fee adjustment must also reverse the related amortization adjustment.
- After undoing a full discount fee adjustment, the loan account must restore the original discount and principal values while preserving prior repayments."
175,Finance/Banking,Apache Fineract,"As a finance/banking administrator,
I want to create, retrieve, update, and delete Working Capital Delinquency Buckets with proper validation and dependency checks,
So that delinquency configurations can be managed safely and consistently for Working Capital loan products.

Acceptance Criteria:
- Admin can call the delinquency template and use it to create a Working Capital Delinquency Bucket with valid values.
- A created Working Capital Delinquency Bucket can be retrieved and its values match the submitted configuration.
- An existing Working Capital Delinquency Bucket can be updated and the updated values are persisted correctly.
- An existing Working Capital Delinquency Bucket can be deleted successfully.
- Creating a Working Capital Delinquency Bucket fails when `name` is null or empty, with an error stating that `name` is mandatory.
- Creating a Working Capital Delinquency Bucket fails when `ranges` is empty, with an error stating that at least one range must be selected.
- Creating a Working Capital Delinquency Bucket fails when `bucketType` is invalid, with an error stating it must be one of `REGULAR` or `WORKING_CAPITAL`.
- Creating a Working Capital Delinquency Bucket fails when `minimumPayment` is less than or equal to 0, with an error stating it must be greater than 0.
- Creating a Working Capital Delinquency Bucket fails when `minimumPaymentType` is invalid, with an error stating it must be one of `PERCENTAGE` or `FLAT`.
- Creating a Working Capital Delinquency Bucket fails when `frequencyType` is invalid, with an error stating it must be one of `DAYS`, `WEEKS`, `MONTHS`, or `YEARS`.
- Creating a Working Capital Delinquency Bucket fails when `minimumPaymentPeriodAndRule` is missing, with an error stating it is mandatory.
- Creating a Working Capital Delinquency Bucket fails when the bucket name already exists.
- Updating a Working Capital Delinquency Bucket fails when `ranges` is empty, with an error stating that at least one range must be selected.
- Updating a Working Capital Delinquency Bucket fails when `bucketType` is invalid, with an error stating it must be one of `REGULAR` or `WORKING_CAPITAL`.
- Updating a Working Capital Delinquency Bucket fails when `minimumPayment` is less than or equal to 0, with an error stating it must be greater than 0.
- Updating a Working Capital Delinquency Bucket fails when `minimumPaymentType` is invalid, with an error stating it must be one of `PERCENTAGE` or `FLAT`.
- Updating a Working Capital Delinquency Bucket fails when `frequencyType` is invalid, with an error stating it must be one of `DAYS`, `WEEKS`, `MONTHS`, or `YEARS`.
- Updating a Working Capital Delinquency Bucket fails when the bucket name already exists.
- Deleting a Working Capital Delinquency Bucket that has already been deleted fails.
- Retrieving a Working Capital Delinquency Bucket that has already been deleted fails.
- Deleting a Working Capital Delinquency Bucket fails when the provided id does not exist.
- Retrieving a Working Capital Delinquency Bucket fails when the provided id does not exist.
- Deleting a Working Capital Delinquency Bucket fails when it is assigned to a Working Capital Loan Product.
- A Working Capital Loan Product using a delinquency bucket can be deleted, after which the delinquency bucket can be deleted successfully."
176,Finance/Banking,Apache Fineract,"As a loan operations administrator,
I want to manage discount fee amortization and discount fee adjustments on working capital loans during COB processing,
So that deferred revenue, realized income, and loan balances are updated accurately when discounts are added or adjusted after disbursement.

Acceptance Criteria:
- A working capital loan with a discount fee must create a Discount Fee transaction at disbursement and track it against the loan’s amortization schedule.
- When COB runs after disbursement and a repayment is made, the system must create a Discount Fee Amortization transaction for the applicable business date.
- The Discount Fee Amortization transaction must generate the correct journal entries, debiting Deferred Interest Revenue and crediting Interest Income for the amortized amount.
- The loan account must update principal, total paid principal, realized income, unrealized income, and overpayment amount correctly after amortization.
- When a Discount Fee Adjustment is added on a later transaction date, the loan account must reduce the principal and unrealized income accordingly while keeping realized income unchanged.
- The loan transaction history must include the Discount Fee Adjustment transaction with the correct date, amount, principal portion, and reversal status.
- After a Discount Fee Adjustment, the next COB run must recalculate the amortization schedule based on the adjusted discount balance.
- The amortization schedule must reflect the correct number of periods and updated expected payment, actual payment, expected balance, actual balance, expected amortization amount, actual amortization amount, and expected discount fee balance for each period.
- The schedule must preserve prior repayment and amortization activity while applying the discount fee adjustment from its transaction date forward."
177,Finance/Banking,Apache Fineract,"As a product owner,
I want to configure breach reschedule actions for Working Capital loans,
So that breached loan repayment schedules can be adjusted dynamically based on business rules and the latest reschedule settings.

Acceptance Criteria:
- The system allows an admin to create a Working Capital loan breach reschedule action that changes only the minimum payment.
- When only minimum payment is changed, the breach schedule recalculates future periods using the new minimum payment while keeping the existing repayment frequency unchanged.
- The system allows an admin to create a Working Capital loan breach reschedule action that changes only the repayment frequency.
- When only frequency is changed, the breach schedule recalculates future periods using the new frequency while keeping the existing minimum payment unchanged.
- The system allows an admin to create a Working Capital loan breach reschedule action that changes both minimum payment and frequency.
- When both minimum payment and frequency are changed, the breach schedule recalculates future periods using both updated values.
- If multiple breach reschedule actions are created, the latest reschedule action takes precedence in the resulting breach schedule.
- If multiple breach reschedule actions are created on the same date, all actions are stored in breach action history.
- The system must reject creation of a breach reschedule action when no change parameters are provided.
- The system must reject creation of a breach reschedule action when minimum payment is negative."
178,Finance/Banking,Apache Fineract,"As a loan officer,
I want to reschedule loans and have repayment schedules recalculate correctly for disbursement changes and installment date changes,
So that loan repayment plans remain accurate after operational adjustments.

Acceptance Criteria:
- When a loan is rescheduled through the batch API, a loan changed event is triggered and the repayment schedule is updated to reflect the new due date and period length.
- When a disbursed loan is undone, the repayment schedule is recalculated so the outstanding balance and totals reflect the reversal correctly.
- When a loan has multiple disbursements and the second disbursement occurs within the existing repayment period, the repayment schedule is updated to include the additional amount in the same installment period.
- When a loan has multiple disbursements and the second disbursement occurs after the existing repayment period, the repayment schedule is extended with a new repayment period for the additional disbursement.
- When the last disbursement is undone on a loan with multiple disbursements, the repayment schedule is recalculated to remove the effect of that disbursement.
- When a single-installment loan is rescheduled, the installment due date is changed and the repayment period is extended accordingly.
- When a multi-installment loan is rescheduled, all repayment periods are recalculated to reflect the new installment date while preserving the correct principal allocation and totals."
179,Finance/Banking,Apache Fineract,"As a product owner,
I want working capital loan and loan product datatables to be correctly registered, scoped, and managed,
So that working capital entities can use datatables safely without conflicting with standard loan datatables or reserved schema fields.

Acceptance Criteria:
- A single-row datatable for `WC_Loan` exposes `wc_loan_id` as the primary key, unique, and indexed.
- A multi-row datatable for `WC_Loan` exposes `wc_loan_id` as a non-primary, non-unique, indexed foreign key.
- A single-row datatable for `WC_Loan_Product` exposes `wc_product_loan_id` as the primary key, unique, and indexed.
- A multi-row datatable for `WC_Loan_Product` exposes `wc_product_loan_id` as a non-primary, non-unique, indexed foreign key.
- Datatables created for `WC_Loan` are listed only under `m_wc_loan` and not under `m_loan`.
- Datatables created for `WC_Loan_Product` are listed only under `m_wc_loan_product` and not under `m_product_loan`.
- Single-row datatable entries for `WC_Loan` and `WC_Loan_Product` support create, read, update, and delete operations.
- Multi-row datatable entries for `WC_Loan` and `WC_Loan_Product` support create, read, update, and delete operations by entry id.
- Single-row datatables allow only one entry per parent record and reject a second entry for the same `WC_Loan` or `WC_Loan_Product`.
- Deregistering a datatable hides it from listings, and re-registering it restores it to the correct working capital apptable listing.
- Deleting a datatable removes it from all relevant listings.
- Working capital datatables support adding, renaming, and dropping non-reserved columns.
- Reserved column names such as `id`, `wc_loan_id`, and `wc_product_loan_id` are rejected when creating datatables.
- Reserved column names are also rejected when adding, renaming, or dropping columns on existing working capital datatables.
- Datatables created for standard `LOAN` and `LOAN_PRODUCT` entities remain listed under their standard apptables and are not listed under working capital apptables.
- A specific multi-row datatable entry for `WC_Loan_Product` can be fetched by id and returns the correct row."
180,Finance/Banking,Apache Fineract,"As a loan officer/admin,
I want to retrieve working capital loan action templates for approve and disburse actions,
So that I can see the correct default values and validation errors when processing working capital loans.

Acceptance Criteria:
- When retrieving an approve template for a submitted working capital loan, the template returns the loan’s current principal as `approvalAmount`.
- When retrieving an approve template for a submitted working capital loan, the template returns the expected disbursement date as both `approvalDate` and `expectedDisbursementDate` in `YYYY-MM-DD` format.
- If the submitted loan’s principal amount is modified before approval, the approve template reflects the updated principal as `approvalAmount`.
- If the submitted loan’s expected disbursement date is modified before approval, the approve template reflects the updated date as both `approvalDate` and `expectedDisbursementDate`.
- If only the principal amount is modified before approval, the approve template reflects the updated `approvalAmount` while retaining the original expected disbursement date.
- If only the expected disbursement date is modified before approval, the approve template reflects the updated date as both `approvalDate` and `expectedDisbursementDate` while retaining the original principal amount.
- When retrieving an approve template for a submitted working capital loan, the template returns the correct approval amount even when the loan is created with same-day disbursement.
- When retrieving a disburse template for an approved working capital loan, the template returns the approved amount as `expectedAmount`.
- When retrieving a disburse template for an approved working capital loan, the template returns the approved expected disbursement date as `expectedDisbursementDate` in `YYYY-MM-DD` format.
- When retrieving a disburse template for an approved working capital loan, payment type options are present.
- If the approved principal amount is reduced before disbursement, the disburse template reflects the reduced approved amount as `expectedAmount`.
- Retrieving a working capital loan action template with an invalid `templateType` returns an error.
- Retrieving a working capital loan action template without providing a `templateType` returns an error.
- Retrieving a working capital loan action template for a non-existent loan ID returns a 404 error."
181,Finance/Banking,Apache Fineract,"As a loan officer/admin,
I want to process credit balance refunds on overpaid loans and support repayment reversals,
So that overpaid balances are cleared correctly, loan status is updated accurately, and reversed repayments restore the correct outstanding balance.

Acceptance Criteria:
- A loan that becomes overpaid through repayments can receive a Credit Balance Refund transaction for the full overpaid amount.
- When a Credit Balance Refund is posted for an overpaid loan, the loan status becomes `CLOSED_OBLIGATIONS_MET` and outstanding amount becomes 0.
- If a Credit Balance Refund amount is greater than the current overpaid balance, the excess is applied to the loan balance and the loan can move from `OVERPAID` to `ACTIVE`.
- If a Credit Balance Refund amount exactly equals the overpaid balance, the loan becomes `CLOSED_OBLIGATIONS_MET`.
- A repayment that creates overpayment must generate the correct journal entries between Loans Receivable, Suspense/Clearing account, and Overpayment account.
- A Credit Balance Refund must generate the correct journal entries, debiting either Loans Receivable or Overpayment account as applicable and crediting Suspense/Clearing account.
- Undoing a repayment after a Credit Balance Refund must recalculate the loan correctly and restore the appropriate loan status and outstanding amount.
- Undoing a repayment that contributed to overpayment must restore the loan to `ACTIVE` when outstanding balance remains.
- Undoing a repayment after a refund on a closed loan must restore the loan to `ACTIVE` with the correct outstanding amount.
- Single repayment reversals must be supported after a credit balance refund.
- Multiple repayment reversals must be supported after a credit balance refund.
- Reversing only the paid portion of an overpaid repayment must restore the correct outstanding amount and loan status.
- Loan transaction history must retain the original DISBURSEMENT, REPAYMENT, and CREDIT_BALANCE_REFUND entries with their corresponding journal entries."
182,Finance/Banking,Apache Fineract,"As a loan officer,
I want the system to calculate EMI repayment schedules for interest-bearing declining-balance loans using different day-count conventions and principal formats,
So that I can generate accurate repayment schedules and totals for customized loan products.

Acceptance Criteria:
- The system must generate a 6-period repayment schedule for a fully customized declining-balance loan with equal installments, monthly repayments, and advanced payment allocation.
- For an Actual/Actual loan with integer principal and 12% annual interest, the schedule must calculate the correct principal, interest, installment amount, and total interest across all periods.
- For an Actual/Actual loan with decimal annual interest (9.4822%) and integer principal, the schedule must calculate the correct repayment schedule and total interest.
- For an Actual/Actual loan with decimal principal and decimal annual interest, the schedule must correctly iterate repayment calculations across 5 periods and produce the expected totals.
- For a 360/30 loan with integer principal and 12% annual interest, the schedule must calculate repayments using the 360/30 day-count convention and produce the expected period and total values.
- For a 360/30 loan with integer principal and decimal annual interest (9.4822%), the schedule must calculate repayments using the 360/30 day-count convention and produce the expected period and total values.
- The repayment schedule must reflect the correct number of days in each installment period based on the actual calendar month lengths.
- The first row of the schedule must represent the disbursement date with the full principal balance and zero due amounts.
- Each installment period must show the correct remaining loan balance after principal repayment.
- Each installment period must show zero fees, zero penalties, zero paid amounts, zero in-advance amounts, and zero late amounts for these scenarios.
- The final installment must adjust the due amount as needed to fully close the loan balance.
- The total row must correctly sum principal due, interest, due, paid, in advance, late, and outstanding amounts for each schedule."
183,Finance/Banking,Apache Fineract,"As a loan administrator,
I want to manage capitalized income, its amortization, and reversals correctly even when repayments create overpayments,
So that loan balances, repayment schedules, accounting entries, and overpayment handling remain accurate.

Acceptance Criteria:
- A loan can be created, approved, and disbursed with a capitalized income-enabled product and become ACTIVE after disbursement.
- When capitalized income is added to an active loan, it increases the loan balance and is recorded in the loan transactions tab.
- When a repayment is made after capitalized income has been added, the repayment is allocated correctly across principal and interest and the loan remains ACTIVE if not fully settled.
- When additional capitalized income is added before a later repayment, the system continues to track the loan balance and transaction history correctly.
- When a repayment exceeds the remaining loan balance after capitalized income and amortization, the loan status becomes OVERPAID.
- The loan transactions tab must show disbursement, capitalized income, repayment, accrual, and capitalized income amortization transactions with correct amounts, balances, and reverted/replayed flags.
- Undoing a capitalized income transaction must revert that capitalized income and recalculate subsequent repayment allocation and loan balance correctly.
- Undoing a capitalized income transaction after an overpayment must generate the appropriate capitalized income amortization adjustment and accrual adjustment transactions.
- After undoing capitalized income, the loan must show the correct outstanding amount and overpaid amount.
- A credit balance refund can be made for the overpaid amount.
- After the credit balance refund, the loan must be closed with zero outstanding balance and all installments marked as obligations met.
- Capitalized income must be reflected in the repayment schedule as a separate balance component and included in the total loan balance.
- Inline COB processing must generate the correct repayment schedule for loans with capitalized income and amortization.
- The repayment schedule must correctly show principal due, interest, due, paid, outstanding, and balance of loan across all periods.
- Capitalized income must create the correct accounting journal entries, debiting Loans Receivable and crediting Deferred Capitalized Income.
- Scheduled accrual and capitalized income amortization must be posted over time as COB runs and repayments are made.
- When repayments fully settle scheduled installments and a later repayment causes excess payment, the loan must move to OVERPAID and the overpayment amount must be tracked.
- The repayment transaction that causes overpayment must post correct journal entries to Loans Receivable, Interest/Fee Receivable, Overpayment account, and Suspense/Clearing account.
- The repayment schedule totals must remain consistent with the sum of all periods after repayments and overpayment handling."
184,Finance/Banking,Apache Fineract,"As a product administrator,
I want to configure and maintain advanced accounting mappings for Working Capital Loan Products,
So that loan products can support deferred revenue amortization and related accounting integrations with proper validation.

Acceptance Criteria:
- The Working Capital Loan Product template includes advanced accounting options.
- An admin can create a Working Capital Loan Product with accrual with deferred revenue amortization accounting and advanced mappings, and the mappings are persisted.
- An admin can update an existing Working Capital Loan Product with advanced mappings, and the mappings are persisted.
- If a Working Capital Loan Product is updated with advanced mappings more than once, the latest mappings override the previous ones.
- Creating a Working Capital Loan Product with a null `paymentTypeId` in payment channel mappings returns a 400 validation error with message `paymentTypeId is mandatory`.
- Creating a Working Capital Loan Product with a null `fundSourceAccountId` in payment channel mappings returns a 400 validation error with message `fundSourceAccountId is mandatory`.
- Creating a Working Capital Loan Product with a null `chargeOffReasonCodeValueId` in charge-off mappings returns a 400 validation error with message `chargeOffReasonCodeValueId is mandatory`.
- Creating a Working Capital Loan Product with a null `expenseAccountId` in charge-off mappings returns a 400 validation error with message `expenseGlAccountId is mandatory`.
- Creating a Working Capital Loan Product with a null `writeOffReasonCodeValueId` in write-off mappings returns a 400 validation error with message `writeOffReasonCodeValueId is mandatory`.
- Creating a Working Capital Loan Product with a null `expenseAccountId` in write-off mappings returns a 400 validation error with message `expenseGlAccountId is mandatory`.
- Creating a Working Capital Loan Product with duplicate `paymentTypeId` values in payment channel mappings returns a 400 validation error with message `Duplicated entry for paymentChannelToFundSourceMappings.paymentTypeId`.
- Creating a Working Capital Loan Product with unique payment channel mappings succeeds and stores both mappings."
185,Finance/Banking,Apache Fineract,"As a loan administrator,
I want to pause and resume delinquency tracking on working capital loans,
So that delinquency schedules reflect temporary pauses accurately and prevent invalid resume actions.

Acceptance Criteria:
- A delinquency pause can be created for a working capital loan with a start date and end date.
- When a pause is active, the delinquency action history records the PAUSE action with its start and end dates.
- When a pause is active, the delinquency range schedule is generated and reflects the paused delinquency period.
- Resuming delinquency during an active pause is allowed when the resume start date is the current business date.
- A valid resume action is recorded in the delinquency action history with action RESUME and the resume start date.
- Resuming during an active pause shortens the delinquency range schedule end date based on the resume date.
- If the resume date is earlier than the planned pause end date, the delinquency range schedule is shortened accordingly.
- A resume can be initiated by loan ID.
- A resume cannot be created if there is no active pause.
- A resume cannot be backdated before the current business date.
- A resume cannot occur on the same date as the pause start date.
- A second resume cannot be created for the same pause once the pause has already been resumed.
- When delinquency is resumed, delinquency recalculation happens immediately and updates the delinquency range schedule.
- The delinquency range schedule after resume must reflect updated period boundaries and delinquent day calculations.
- The working capital loan can be fully repaid and closed after pause/resume processing."
186,Finance/Banking,Apache Fineract,"As a finance operations user,
I want goodwill credit transactions on working capital loans to post the correct general ledger entries and loan status outcomes,
So that loan accounting remains accurate across partial payments, fee and penalty allocations, and overpayment scenarios.

Acceptance Criteria:
- A goodwill credit on a working capital loan posts a debit to Goodwill Expense Account and a credit to Loans Receivable for the transaction amount when the amount is fully applied to principal.
- Multiple goodwill credit transactions on the same day each create their own journal entries with the correct debit and credit amounts.
- Multiple goodwill credit transactions on different days are recorded separately with journal entries dated to each transaction date.
- If a goodwill credit exceeds the outstanding loan balance, the loan status becomes OVERPAID.
- When a goodwill credit exceeds the outstanding loan balance, the excess amount is posted to Other Credit Liability while the outstanding principal is credited only up to the remaining loan balance.
- If a working capital loan has a specified due date fee, a goodwill credit allocates part of the transaction to Fee Charge Off and posts the corresponding credit to Interest/Fee Receivable.
- If a working capital loan has a specified due date penalty, a goodwill credit allocates part of the transaction to Fee Charge Off and posts the corresponding credit to Interest/Fee Receivable.
- If a goodwill credit must cover principal, fees, penalties, and still has remaining excess, the journal entries must allocate amounts in this order: principal to Loans Receivable, fees and penalties to Fee Charge Off and Interest/Fee Receivable, and any remainder to Other Credit Liability.
- A partial goodwill credit that does not exceed the outstanding balance posts only the corresponding debit to Goodwill Expense Account and credit to Loans Receivable.
- A goodwill credit on a closed loan posts the appropriate expense debit and overpayment liability credit according to the remaining unapplied amount."
187,Finance/Banking,Apache Fineract,"As a loan operations administrator,
I want the system to evaluate Working Capital loans for near breach conditions alongside breach conditions,
So that I can identify loans that are approaching delinquency and manage them before they fully breach.

Acceptance Criteria:
- The system shall calculate near breach for a Working Capital loan period when the configured near breach evaluation date has passed and the cumulative paid amount is strictly less than the configured near breach threshold amount.
- The system shall not set near breach before the configured near breach evaluation date.
- The system shall keep near breach as null when the product has no near breach configuration.
- The system shall keep near breach as true once triggered, even if later repayments reduce or clear the outstanding balance.
- The system shall calculate near breach using the configured near breach frequency and frequency type, including day-based and week-based schedules.
- The system shall support near breach evaluation when the breach amount calculation type is FLAT.
- The system shall support near breach evaluation when the breach amount calculation type is PERCENTAGE.
- The system shall treat the near breach threshold as a strict greater-than comparison, so outstanding or unpaid amounts equal to the threshold do not trigger near breach.
- The system shall continue to evaluate and populate breach schedule entries for subsequent periods after the current period ends, with near breach remaining null for periods not yet evaluated.
- The system shall still calculate breach independently of near breach, including cases where near breach is null and breach becomes true after the period ends."
188,Finance/Banking,Apache Fineract,"As a loan operations user,
I want the repayment schedule for a full-term tranche progressive loan to recalculate correctly when disbursements and due-date charges are added,
So that I can accurately track installments, charges, penalties, and payoff status across multiple disbursements.

Acceptance Criteria:
- A fully customized progressive loan can be created, approved, and partially disbursed with an initial tranche, producing a 6-period repayment schedule with correct principal, interest, due, and outstanding amounts.
- When a due-date penalty charge is added before its due date, the repayment schedule updates to include the penalty in the correct installment and in the total outstanding amounts.
- When a second disbursement is made after the original schedule has already been generated, the repayment schedule is recalculated to include the additional disbursement as a new schedule line and to adjust all subsequent installment amounts and totals accordingly.
- When a due-date fee charge is added after the second disbursement, the repayment schedule updates to include the fee in the correct installment and to reflect the revised total due and outstanding amounts.
- The loan charges tab must display both the fee and penalty charges with the correct charge type, due date, calculation type, paid amount, waived amount, and outstanding amount.
- When the loan is paid off after the first disbursement, the loan must close with zero outstanding balance and all installment obligations met.
- When a snooze fee is added with a due date before the second disbursement date, the repayment schedule must recalculate so the fee is applied to the correct installment and the total due/outstanding amounts are updated.
- The repayment schedule totals must always reflect the sum of principal, interest, fees, penalties, due, paid, in-advance, late, and outstanding amounts after each transaction or charge event."
189,Finance/Banking,Apache Fineract,"As a loan administrator,
I want to reset and undo working capital breach calculations on a loan,
So that I can correct breach status when repayments or business decisions change without losing breach history.

Acceptance Criteria:
- The system shall calculate working capital breach periods based on the configured breach frequency and minimum payment amount.
- When a loan is in breach, the breach schedule shall show the breached period with breach = true and subsequent future periods as not breached.
- Creating a breach reset action shall clear the breach state for all breach periods up to the reset date.
- After a breach reset, the reset period’s minPaymentAmount and outstandingAmount shall be cleared, and breach shall be null.
- After a breach reset, future breach periods shall remain available and retain their calculated amounts until they are re-evaluated.
- Running COB after a breach reset shall recalculate breach status from the reset point forward and may mark a later period as breached again if conditions still apply.
- A repayment posted after a breach reset shall not retroactively restore or change breach status for periods already reset.
- A repayment backdated before the reset date shall be ignored for breach schedule recalculation after the reset.
- Multiple breach reset actions shall be recorded in breach action history with their respective start dates.
- Multiple breach resets shall cumulatively clear breach state for all affected prior periods while preserving later periods for recalculation.
- Undoing a breach reset shall restore the prior breach state and breach schedule values that existed before the reset."
190,Finance/Banking,Apache Fineract,"As a loan operations administrator,
I want loan repayment schedules and repayment-related events to be calculated correctly for different loan products, payment strategies, and disbursement modes,
So that installment dates, rounding, prepayments, and event notifications are accurate and consistent.

Acceptance Criteria:
- A loan with advanced payment allocation must correctly allocate an autopay repayment across future installments, fully paying the loan balance when the payment covers all remaining principal.
- When a loan balance is fully prepaid through advanced payment allocation, no `LoanRepaymentDueEvent` or `LoanRepaymentOverdueEvent` must be raised on subsequent COB runs for any remaining scheduled installment dates.
- For a flat-interest loan with equal installments and installment amounts rounded to multiples of 1, the repayment schedule must calculate installment principal, interest, due, and outstanding amounts with correct rounding.
- For a declining-balance loan with equal installments and installment amounts rounded to multiples of 1, the repayment schedule must calculate decreasing interest and correctly rounded principal, due, and outstanding amounts.
- When a loan is disbursed using the `disburseWithoutAutoDownPayment` command, no automatic down payment must be created.
- A loan disbursed without auto down payment must generate a repayment schedule with the full principal outstanding and no amounts paid in advance.
- For monthly equal-installment loans starting on the last day of a month, the first installment due date must remain on the same calendar day when possible.
- If a monthly installment date falls in February from a last-day-of-month start date, the due date must adjust to the last valid day of February.
- Subsequent monthly installment due dates must continue to follow last-day-of-month logic across varying month lengths.
- The final installment must adjust principal due so that the total principal repaid equals the original loan principal exactly.
- The repayment schedule total row must correctly summarize principal due, interest, fees, penalties, due, paid, in advance, late, and outstanding amounts for each loan scenario."
191,Finance/Banking,Apache Fineract,"As a loan administrator,
I want to add, waive, reverse, and adjust loan charges with locale-aware dates and accrual handling,
So that loan balances, repayment schedules, and accounting entries remain accurate across charge, waiver, bounce, and payoff scenarios.

Acceptance Criteria:
- A processing charge can be added to a disbursed loan using locale-specific date formats in English and German.
- A 10% processing charge on a 6000 EUR loan is calculated as 600 EUR and added successfully to the loan.
- After adding the processing charge, the loan can still be paid off and closed with zero outstanding balance and all obligations met.
- An NSF fee can be added after the maturity date of a loan when a repayment bounces, and the loan can still be closed with zero outstanding balance after a corrected repayment.
- An NSF fee can be added after maturity on a loan with an N+1 scenario caused by chargeback, and the loan can still be closed with zero outstanding balance after repayment correction.
- An NSF fee added after maturity can be waived, reducing the outstanding balance accordingly.
- A waived NSF fee can be unwaived, restoring the outstanding balance accordingly.
- After waiver reversal, the loan can still be paid off and closed with all obligations met.
- Adding an NSF fee increases the loan outstanding amount and creates the expected accrual transaction.
- Running the periodic accrual job updates the repayment schedule to reflect the NSF fee in the correct period totals and outstanding amounts.
- The loan charges tab shows the NSF fee as a penalty charge with correct due, paid, waived, and outstanding values.
- The loan transactions tab records disbursement, accrual, and charge adjustment transactions with correct amounts and balances.
- The accounting journal entries for disbursement are created correctly for the loans receivable and suspense/clearing accounts.
- The accounting journal entries for accrual are created correctly for interest/fee receivable and fee income accounts.
- A charge adjustment can be made against the last NSF fee charge using a specified transaction amount and external ID.
- After a charge adjustment, the loan outstanding amount is reduced correctly.
- Running the periodic accrual job after a charge adjustment updates the repayment schedule totals, paid amounts, in-advance amounts, and outstanding amounts correctly.
- The loan charges tab reflects partial payment against the NSF fee after charge adjustment.
- The loan transactions tab records the charge adjustment transaction with the correct amount and fee allocation."
192,Finance/Banking,Apache Fineract,"As a product owner,
I want to allow capitalized income transactions on progressive loans, including multidisbursement and down payment cases, while validating them against the approved loan amount,
So that loan balances, repayment schedules, accounting entries, and payoff behavior remain accurate and compliant.

Acceptance Criteria:
- A capitalized income transaction can be added to an active progressive loan after disbursement.
- For a progressive loan with down payment, adding capitalized income updates the repayment schedule to reflect the down payment, the capitalized income amount, and the revised outstanding balance.
- For a progressive loan with down payment, the capitalized income transaction is recorded in the loan transactions tab with the correct amount, principal allocation, loan balance, and non-reverted status.
- For a capitalized income transaction, the system creates the correct journal entries: debit Loans Receivable and credit Deferred Capitalized Income for the transaction amount.
- For a capitalized income transaction, the Deferred Capitalized Income ledger reflects the correct amount as unrecognized capitalized income.
- A loan can be paid off after capitalized income is added, and the loan closes with zero outstanding balance and all installment obligations met.
- For a progressive loan without down payment, adding capitalized income after disbursement recalculates the repayment schedule using the capitalized income amount and the loan’s interest rules.
- For a progressive loan without down payment, the repayment schedule reflects the correct principal due, interest due, total due, and outstanding balance after capitalized income is added.
- For a progressive loan without down payment, the capitalized income transaction is recorded in the loan transactions tab with the correct amount, principal allocation, loan balance, and non-reverted status.
- For a multidisbursement progressive loan, capitalized income can be added after multiple disbursements and the repayment schedule is recalculated across all periods.
- For a multidisbursement progressive loan, the repayment schedule reflects each disbursement and the capitalized income transaction in the correct chronological order.
- For a multidisbursement progressive loan, the total principal due remains equal to the approved loan amount and the total interest/outstanding amounts are recalculated correctly after capitalized income is added.
- For a multidisbursement progressive loan, the capitalized income transaction is recorded in the loan transactions tab with the correct amount, principal allocation, loan balance, and non-reverted status.
- For a multidisbursement progressive loan, the capitalized income transaction creates the correct journal entries: debit Loans Receivable and credit Deferred Capitalized Income for the transaction amount.
- Capitalized income cannot exceed the approved loan amount.
- When a capitalized income amount exceeds the approved amount, the system forbids the transaction and returns a validation error.
- A loan remains payable and can still be closed successfully after a forbidden capitalized income attempt, with zero outstanding balance and all installment obligations met."
193,Finance/Banking,Apache Fineract,"As a loan servicing user,
I want to write off loans and have the system enforce correct transaction and accounting behavior afterward,
So that written-off loans are closed correctly and no invalid repayments, reversals, or duplicate accounting entries can be posted.

Acceptance Criteria:
- A loan can be written off after disbursement and partial repayment, and its status becomes `CLOSED_WRITTEN_OFF`.
- When a loan is written off, the loan transactions tab records a `Close (as written-off)` transaction on the write-off date with the expected allocation of principal, interest, fees, penalties, and resulting zero loan balance.
- After a loan has been written off, undoing a repayment transaction made before the write-off is rejected with HTTP 403 and the message `update not allowed as loan status is written off`.
- After a loan has been written off, posting a backdated repayment transaction dated before the write-off is rejected.
- After a loan has been written off, undoing the write-off transaction itself is rejected with HTTP 403 and the message `update not allowed as loan status is written off`.
- If a loan was already charged off before write-off, the write-off does not duplicate accounting journal entries.
- For a charged-off loan that is later written off, the write-off transaction posts the expected journal entries to reverse receivables and recognize the written-off amount.
- If a loan was not charged off before write-off, the write-off transaction posts the expected journal entries without duplicating charge-off entries.
- For a progressive loan that was already charged off, a subsequent write-off does not duplicate accounting journal entries.
- For a progressive loan that was not charged off before write-off, the write-off transaction posts the expected journal entries for loans receivable, interest/fee receivable, and written-off expense."
194,Finance/Banking,Apache Fineract,"As a product owner,
I want to support merchant-issued refund transactions on loans with correct repayment schedule recalculation, transaction replay/reversal handling, and optional interest refund calculation,
So that loan balances, accruals, and overpayment status remain accurate after refunds and related adjustments.

Acceptance Criteria:
- A merchant-issued refund can be posted against an active loan using a system-generated idempotency key.
- When a merchant-issued refund is posted after prior repayments, the loan transaction history must reflect the refund and any required replay/reversal of affected transactions.
- If a repayment is undone after a merchant-issued refund, the loan must recalculate correctly and may become overpaid.
- When a due-date fee such as an NSF fee is added after a merchant-issued refund, the loan transaction history and overpaid amount must update accordingly.
- The loan status must become OVERPAID when the refund and related adjustments result in a negative outstanding balance.
- Merchant-issued refund processing must support penalty charges and interest recalculation, including accrual activity entries and replayed transactions.
- Merchant-issued refund processing must correctly handle loans where the last installment principal has been updated to null, for both 360/30 and Actual/Actual interest calculation conventions.
- Merchant-issued refund processing must work after charge-off and still allow refund posting on the charged-off loan.
- The future installment allocation rule for merchant-issued refund transactions must be configurable per loan product, including LAST_INSTALLMENT and NEXT_INSTALLMENT.
- When interest refund calculation is disabled, posting a merchant-issued refund must not create an Interest Refund transaction.
- When interest refund calculation is enabled, posting a merchant-issued refund must create an Interest Refund transaction.
- When interest refund calculation is disabled, the repayment schedule must be recalculated without refunding interest, and the loan transaction tab must show only the merchant-issued refund principal allocation.
- When interest refund calculation is enabled, the repayment schedule must be recalculated to include refunded interest, and the loan transaction tab must show the Interest Refund transaction alongside the merchant-issued refund."
195,Finance/Banking,Apache Fineract,"As a loan officer,
I want the loan repayment schedule to be recalculated correctly when a progressive declining-balance loan receives a second disbursement on a due date,
So that the repayment plan, accrued interest, and transaction history remain accurate with or without interest recalculation enabled.

Acceptance Criteria:
- A progressive loan with declining-balance interest, same-as-repayment-period interest calculation, equal installments, and advanced payment allocation can be created, approved, and partially disbursed.
- After the initial disbursement and COB run, the repayment schedule is generated with 3 periods and the expected principal, interest, due, and outstanding amounts.
- The total row of the repayment schedule reflects the correct summed principal, interest, due, and outstanding amounts after the initial disbursement.
- The loan transactions tab records the initial disbursement correctly.
- When a second disbursement is made on the first installment due date and COB is run, the repayment schedule is recalculated to include the additional disbursement.
- After the second disbursement, the repayment schedule shows the updated balances, principal due, interest, due, and outstanding amounts for all affected periods.
- The total row is updated to reflect the increased principal and interest totals after the second disbursement.
- The loan transactions tab records the second disbursement correctly.
- Daily accrual transactions are generated between disbursements and are reflected in the loan transactions tab.
- The repayment schedule recalculation behaves correctly when interest recalculation is enabled.
- The repayment schedule recalculation behaves correctly when interest recalculation is disabled."
196,Finance/Banking,Apache Fineract,"As an admin,
I want to run and manage the Working Capital Close of Business job alongside the standard Loan COB job,
So that working capital loans are processed correctly each business day without interfering with other COB processing.

Acceptance Criteria:
- The Working Capital COB business job is registered as `WORKING_CAPITAL_LOAN_CLOSE_OF_BUSINESS`.
- The Working Capital COB business job is configured with the default business steps in this order:
  - `DUMMY_BUSINESS_STEP`
  - `WC_DELINQUENCY_RANGE_SCHEDULE`
  - `WC_LOAN_DELINQUENCY_CLASSIFICATION`
  - `WC_BREACH_SCHEDULE`
  - `WC_NEAR_BREACH_EVALUATION`
  - `WC_DISCOUNT_FEE_AMORTIZATION`
- The scheduler job `WC_COB` has display name `Working Capital Loan COB`.
- The scheduler job `WC_COB` is inactive by default.
- The standard Loan COB job and the Working Capital COB job can coexist in the configured business jobs list.
- Running the Working Capital COB job and the standard Loan COB job on the same business date does not interfere with each other.
- Running the Working Capital COB job on consecutive business dates updates processing correctly across dates.
- Running the Working Capital COB job updates `lastClosedBusinessDate` for active working capital loans to the previous business date.
- Running the Working Capital COB job updates multiple active working capital loans in a single run.
- Running the Working Capital COB job on a later business date advances `lastClosedBusinessDate` accordingly and increments loan version.
- Running the Working Capital COB job twice on the same business date does not reprocess already closed loans.
- Loans with status `CLOSED_OBLIGATIONS_MET` are skipped by the Working Capital COB job.
- Loans with eligible statuses such as `SUBMITTED_AND_PENDING_APPROVAL` and `APPROVED` are processed by the Working Capital COB job.
- Loans with transfer statuses such as `TRANSFER_IN_PROGRESS` and `TRANSFER_ON_HOLD` are processed by the Working Capital COB job.
- Loans already closed for the current business date are not reprocessed and their version remains unchanged.
- A loan exactly one day behind the current business date is advanced to the current prior business date.
- After the Working Capital COB job completes, processed loans have no remaining account locks.
- The Working Capital COB job can process a batch of 10 loans successfully.
- The Working Capital COB job increments loan version after processing.
- In a mixed batch, eligible loans are processed and ineligible loans are skipped.
- The inline COB job for Working Capital Loan processes a single loan and releases locks.
- The inline COB job for all Working Capital Loans processes multiple loans in one request.
- Inline COB and batch Working Capital COB can coexist and continue processing across business dates.
- Inline COB advances `lastClosedBusinessDate` across consecutive business dates.
- Inline COB advances `lastClosedBusinessDate` correctly when business dates are skipped.
- Working Capital COB catch-up advances `lastClosedBusinessDate` across skipped business dates until the current business date.
- Working Capital COB catch-up does not change loans that are already up to date.
- Orphaned locks can be removed from a loan already processed for that COB date without error."
197,Finance/Banking,Apache Fineract,"As a loan officer,
I want installment fee charges to be correctly calculated and allocated in progressive loans with daily interest recalculation and advanced payment allocation,
So that repayments, early repayments, payoffs, reversals, and journal entries are accurately reflected in the loan schedule and accounting.

Acceptance Criteria:
- A progressive loan with a flat installment fee charge, daily interest recalculation, and advanced payment allocation can be created, approved, and disbursed successfully.
- Upon disbursement, the repayment schedule is generated with 6 installments, including correct principal, interest, fee, due, and outstanding amounts for each period.
- The loan charges tab shows the installment flat fee as a non-penalty charge with the correct total due amount and outstanding balance.
- The loan transactions tab records the disbursement transaction with the correct amount and loan balance.
- When a scheduled repayment is made on the installment due date, the repayment is allocated correctly across principal, interest, and fees.
- After a scheduled repayment, the repayment schedule updates the paid installment, remaining outstanding amounts, and total paid/outstanding balances correctly.
- After a scheduled repayment, the loan charges tab updates the paid and outstanding fee amounts correctly.
- The repayment transaction creates the correct journal entries for principal, interest/fee receivable, and suspense/clearing accounts.
- When a repayment is undone, the repayment schedule, totals, loan transactions, and loan charges revert to their pre-repayment state.
- When a repayment is undone, the reversal journal entries are created correctly.
- When a loan payoff is made after a repayment, the loan is closed with zero outstanding balance and all installment obligations met.
- When an early repayment is made before the first installment due date, the repayment is allocated correctly across principal, interest, and fees based on advanced payment allocation.
- After an early repayment, the repayment schedule reflects the installment as paid in advance and updates outstanding balances correctly."
198,Finance/Banking,Apache Fineract,"As a [loan operations admin],
I want to create and retrieve asset externalization requests for active loans using either loan ID or loan external ID, with support for user-generated or system-generated transfer external IDs,
So that I can manage sale and buyback externalizations correctly across request creation, retrieval, and end-of-day processing.

Acceptance Criteria:
- An admin can create an asset externalization request for an ACTIVE loan using either the loan ID or the loan external ID.
- An asset externalization request can be created with either a user-generated transferExternalId or a system-generated transferExternalId.
- For a SALE request, the created externalization details must include the correct loan identifier, transferExternalId, ownerExternalId, settlementDate, purchasePriceRatio, transaction type, and initial status PENDING.
- For a SALE request, the effectiveFrom date must be the business date on which the request was created, and the effectiveTo date must default to 9999-12-31.
- Retrieving asset externalization details by loan ID, loan external ID, or transfer external ID must return the same single SALE record with the correct values.
- When a SALE request is created with a system-generated transferExternalId, the response and stored details must contain the generated transferExternalId.
- After running inline COB on a later business date, a SALE externalization must transition from a single PENDING record to two records: the original record ending on the settlement date and a new ACTIVE record starting on the COB business date.
- A BUYBACK request can be created for an existing SALE externalization using the same settlementDate.
- When a BUYBACK request is created before the SALE settlement date, the BUYBACK record must be stored with status BUYBACK, effectiveFrom equal to the business date of creation, and effectiveTo defaulting to 9999-12-31.
- After running inline COB on the SALE settlement date, both the SALE and BUYBACK records must be updated to CANCELLED with effectiveFrom and effectiveTo set to the settlement date.
- When a BUYBACK request is created on a business date before the SALE settlement date but with a settlementDate after the SALE becomes active, the system must preserve the correct lifecycle of SALE and BUYBACK records through COB processing."
199,Finance/Banking,Apache Fineract,"As a loan administrator,
I want loan interest accruals and re-aging to be recalculated correctly for interest-bearing loans,
So that repayment schedules, accrual activity, and loan transactions remain accurate after payments and re-aging events.

Acceptance Criteria:
- A fully customized declining-balance loan with daily interest calculation and advanced payment allocation can be created, approved, and disbursed on the business date.
- After disbursement and inline COB processing, the loan repayment schedule is generated with the expected 6 installment periods, principal and interest amounts, and total due amounts.
- Daily interest accruals are posted to the loan transactions tab from the day after disbursement through the end of the month, with the expected accrual amounts per day.
- When an autopay repayment is made on the first installment due date, the repayment is allocated correctly between principal and interest, and the installment is marked paid.
- After repayment, the repayment schedule reflects the updated paid amounts, outstanding amounts, and remaining total due.
- The loan transactions tab shows repayment and disbursement transactions without accruals, and separately shows the generated accrual transactions.
- When the business date advances and COB is run again, a loan re-aging transaction can be created with a new start date and installment frequency.
- After re-aging, the repayment schedule is recalculated to include the re-aged periods and updated installment dates, balances, principal due, interest, and total due amounts.
- Re-aging creates the expected re-age transaction in the loan transactions tab with the correct amount split between principal and interest.
- Existing accrual activity transactions are retained and shown in the loan transactions tab alongside the re-age transaction.
- New accrual transactions continue to be generated after re-aging for the subsequent days, with the expected daily accrual amounts."
200,Finance/Banking,Apache Fineract,"As a finance system administrator,
I want to execute batch API requests with support for idempotency, transactional behavior, reference-tree execution, and loan operations,
So that I can process multiple dependent banking actions reliably and ensure correct rollback, caching, and loan state updates.

Acceptance Criteria:
- A sample Batch API call can be executed successfully and all steps return 200 OK.
- Batch API requests using the same idempotency key on repeated repayment calls must reuse the cached response, return the same client/loan identifiers and idempotency key, and create only one repayment transaction.
- Batch API calls with `enclosingTransaction=true` must return 200 OK for all steps when every step succeeds.
- Batch API calls with `enclosingTransaction=true` must roll back all created data when one step fails, and the failing step must return error code 404.
- Batch API calls with `enclosingTransaction=false` must return 200 OK for all successful steps when every step succeeds.
- Batch API calls with `enclosingTransaction=false` must preserve successful steps before and after a failed step, while the failing step returns error code 404.
- Batch API calls with `enclosingTransaction=false` and duplicated steps must execute successfully, with the duplicated step served from cache on the repeated request.
- Batch API calls with `enclosingTransaction=false` and two reference trees must execute all steps successfully when all steps pass.
- Batch API calls with `enclosingTransaction=false` and two reference trees must keep the successful steps from the first tree and the successful steps from the second tree even if one step in the second tree fails, while the failing step returns error code 404.
- A Batch API call that depends on a datatable query response must return 400 for the update step when the query response is empty.
- A Batch API call can create a client, create and approve a loan, disburse it, and apply an interest pause in a single request, and the loan must have an active interest pause period from day 1 to day 2.
- The same loan creation, approval, disbursement, and interest pause flow must also work when steps are referenced by external IDs.
- A Batch API charge-off flow must support creating a client, creating and approving a loan, disbursing it, processing an autopay repayment, and then charging off the loan in a batch call.
- After the charge-off batch call, the repayment schedule must reflect the repayment, accrual, and charge-off correctly.
- After the charge-off batch call, the loan transactions tab must contain the disbursement, repayment, accrual, and charge-off transactions with the expected amounts and balances.
- After the charge-off batch call, the loan must be marked as charged off on the expected business date."
201,Social Network,Diaspora,"As a user,
I want to moderate posts using single post view (SPV) moderation buttons,
So that I can hide, block, report, or delete posts and users as appropriate to control my content and interactions.

Acceptance Criteria:
- When a user opens the show page of a contact's post and confirms the alert after clicking to hide the post, they should be redirected to the stream page.
- When a user opens the show page of a contact's post and confirms the alert after clicking to block the user, they should be redirected to the stream page.
- When a user opens the show page of a contact's post, clicks to report the post, fills in a reason, and submits the form, a flash message confirming the report was successfully created should be displayed.
- When a user opens the show page of their own post and confirms the alert after clicking to delete the post, they should be redirected to the stream page."
202,Social Network,Diaspora,"As a signed-in user,
I want to have media links I post automatically rendered as embedded players,
So that other users can play audio and video content directly without leaving the page.

Acceptance Criteria:
- A registered user must be able to sign in successfully before posting content.
- When a user posts a message containing a link to a video file (e.g., .ogv format) using the publisher, the system should display an HTML5 video player for that content.
- When a user posts a message containing a link to an audio file (e.g., .ogg format) using the publisher, the system should display an HTML5 audio player for that content."
203,Social Network,Diaspora,"As a user of the social network,
I want to follow other users and manage my contact aspects while safely viewing their profiles,
So that I can build meaningful connections and control how I interact with and see people I follow or who follow me.

Acceptance Criteria:
- When a user's profile name contains malicious script content, the system must sanitize/escape it before displaying it in flash messages or elsewhere, preventing script execution.
- When a user adds a contact to a newly created aspect, the contact count for both the new aspect and the original aspect used by the other user must be updated correctly, without duplicating the relationship.
- On a profile page of someone the user follows but who does not follow back, the aspect name they were added to should be visible, a mention option should be available, but no direct messaging option should be shown.
- On a profile page of someone who follows the user but whom the user does not yet follow, an ""Add contact"" option should be shown, and neither mention nor messaging options should be available.
- On a profile page of someone with a mutual follow relationship (added to multiple aspects), the system should indicate ""All aspects"" and display both mention and messaging options."
204,Social Network,Diaspora,"As a signed-in user,
I want to manage my account settings such as email, email notification preferences, preferred language, default post aspects, and profile data export,
So that I can control how my account behaves and how my personal information is used and shared.

Acceptance Criteria:
- When I update my email address on the edit user page and confirm it via the link sent in a confirmation email, my account should reflect the new activated email address.
- When I toggle specific email notification preferences (such as ""mentioned"" or ""mentioned in comment"") and confirm the change, the system should display a success message and persist the updated preference state.
- When I select a different preferred language and confirm the change, the interface should display the confirmation message in the newly selected language and retain that language as the selected option.
- When I change my default post aspects (e.g., selecting ""Family"" or ""Public"" instead of ""All aspects"") and save the change, the publisher on the stream page should reflect the newly selected default aspect the next time it is expanded.
- When I request to export my profile data, the system should notify me that the download is being prepared and send exactly one email containing the export information."
205,Social Network,Diaspora,"As a user,
I want the publisher to automatically detect links I post and render rich media previews (such as embedded video players or images) when the content supports oEmbed and comes from a secure source,
So that I can share and view rich media content directly within the stream without needing to open external links.

Acceptance Criteria:
- When a user posts a link to a video from a secure, supported oEmbed provider, the system should render an embedded video player within the post.
- When a user posts a link to a video from an unsecure source, the system should not render a video player and should instead display the raw link text within the stream element.
- When a user posts an unsecure link that is rich-typed (e.g., video-like content) but not from a secure oEmbed provider, the system should not render a video player and should display the raw link text instead.
- When a user posts a direct photo link, the system should render an image element within the stream element instead of plain text.
- When a user posts a link from a domain that does not support oEmbed, the system should display the link as plain text within the stream element without any embedded preview."
206,Social Network,Diaspora,"As a user,
I want to create a poll and attach it to my post when publishing a status update,
So that I can ask my followers a question and let them vote on the available options.

Acceptance Criteria:
- The poll creator panel is hidden by default and only becomes visible after the publisher is expanded and the user clicks on the poll creator toggle
- When the user fills in values for the first two answer options and loses focus, a third empty option field should automatically appear, and users should be able to remove the last added option (with the remove icon disappearing once only two options remain)
- Submitting the publisher form with a status message, a poll question, and at least two filled-in options should successfully post the update with the poll displayed within the stream element
- A signed-in user should be able to select an option and vote, after which the poll should display a progress bar, a percentage indicator, and a vote count summary (e.g., ""1 vote so far"")
- Clicking the toggle-result control should reveal the percentage breakdown of the poll results
- Attempting to submit a poll with fewer than two filled-in answer options should display a validation error on the empty answer input field"
207,Social Network,Diaspora,"As a user,
I want web+diaspora:// links to resolve directly to the corresponding post,
So that I can access shared content through external links without extra navigation.

Acceptance Criteria:
- A registered user with a public post can be referenced by an external web+diaspora:// link.
- Opening an external link pointing to a specific user's post navigates to that post's content.
- The resolved page correctly displays the text content of the linked post."
208,Social Network,Diaspora,"As a new visitor,
I want to register for an account by filling out a sign-up form,
So that I can create a valid account and start using the getting started experience.

Acceptance Criteria:
- Accessing the new user registration page displays a form for account creation.
- Submitting valid account details (username, email, and password) creates the account and redirects the user to the getting started page, displaying its content.
- Submitting an invalid username containing disallowed special characters prevents account creation and shows validation errors for the username, password, and email fields.
- Submitting a valid username with an improperly formatted email address prevents account creation and shows validation errors for the password and email fields.
- Submitting a valid email with a password that does not meet the required criteria or does not match the confirmation prevents account creation and shows validation errors for the password and password confirmation fields."
209,Social Network,Diaspora,"As a mobile website user,
I want to edit my profile information including personal details, birth date, tags, and profile photo,
So that I can keep my profile accurate and up to date from my mobile device.

Acceptance Criteria:
- The user can update profile fields such as gender, first name, last name, bio, and location, and after saving, the edit profile page should display a confirmation message and reflect all the updated values.
- The user can add multiple tags to their profile using an autocomplete/search selection mechanism, and all previously added tags should remain visible after adding new ones.
- The user can upload a profile photo by attaching a file, with appropriate alert/confirmation handling for invalid and valid file uploads, and the uploaded photo should be displayed and persist when revisiting the edit profile page."
210,Social Network,Diaspora,"As a registered user,
I want to close (delete) my own account from my profile settings,
So that I can permanently remove my access and data from the system when I no longer wish to use it.

Acceptance Criteria:
- When a signed-in user navigates to the edit user page and clicks the ""close account"" selector, a confirmation modal should be displayed containing the message ""Hey, please don't go!"".
- The user must enter their current password into the modal's password field and confirm the action (including a browser confirmation alert) before the account is closed.
- After successfully confirming, the user should be redirected to the new user session (sign-in) page.
- Once the account is closed, attempting to manually sign in with the same credentials should keep the user on the sign-in page and display a warning flash message indicating the sign-in attempt failed."
211,Social Network,Diaspora,"As a mobile website user,
I want to search for hashtags and follow or unfollow them, and manage my followed tags list,
So that I can control which tagged content appears in my home feed.

Acceptance Criteria:
- When searching for a specific hashtag, the search results should display a follow action button for that tag
- Clicking the follow action button on a tag should toggle its state, showing ""Stop following #tag"" when followed and ""Follow #tag"" when not followed
- Posts containing a followed tag should appear on the user's home page, and should disappear from the home page once the tag is unfollowed
- The manage tag followings page should list all tags the user currently follows
- Removing a tag from the manage tag followings page should require a confirmation prompt before deletion
- After removing all followed tags, the manage tag followings page should display a message indicating no tags are being followed, and related posts should no longer appear on the home page"
212,Social Network,Diaspora,"As a user,
I want to see a hovercard with profile information when I hover over a person's name or avatar in posts and reshares,
So that I can quickly view relevant details about that person without navigating away from the current page.

Acceptance Criteria:
- Hovering over a user's name/avatar in a stream displays a hovercard, and moving away from it hides the hovercard again.
- Hovercards are displayed for the original poster of a public post, but not for the person who merely reshared it.
- Hovercards work consistently on the main stream, tag streams, and for both logged-in and logged-out users.
- The hovercard displays the profile's hashtags/tags associated with that user.
- The hovercard shows the aspect (e.g., ""Besties"") the viewed user belongs to, if the viewing user has added them to an aspect.
- The hovercard indicates whether the profile owner is sharing with the current user, showing an appropriate status icon and tooltip message (e.g., ""is sharing with you"" vs ""is not sharing with you"")."
213,Social Network,Diaspora,"As a mobile website user,
I want to add or remove people from my aspects directly from their profile page,
So that I can organize my contacts into meaningful groups and easily manage those relationships.

Acceptance Criteria:
- On a user's profile page, the aspect dropdown within the author info section should display ""Add contact"" when the viewed person is not yet in any of my aspects.
- Selecting an aspect from the dropdown should add the person to that aspect and update the dropdown label to show the selected aspect's name.
- When the person belongs to more than one aspect, the dropdown label should display the total count (e.g., ""In 2 aspects"") instead of individual aspect names.
- Adding a person to an aspect should increase that aspect's contact count accordingly, and this should persist when revisiting the profile page.
- Selecting an aspect the person already belongs to should remove them from that aspect, updating the dropdown label and decreasing that aspect's contact count accordingly."
214,Social Network,Diaspora,"As a new visitor,
I want to register for a new account through the sign-up page,
So that I can create my own account and start using the application.

Acceptance Criteria:
- When a visitor fills in the new user registration form with valid information and submits it by pressing ""Create account"", they should be redirected to the getting started page and see its contents.
- When open registrations are closed, a visitor navigating to the new user registration page should see the message ""Open signups are closed at this time"" instead of being able to sign up.
- When registrations are closed, even if a visitor has already filled in the registration form before submitting, pressing ""Create account"" should still block the registration and display the message ""Open signups are closed at this time"", preventing account creation regardless of how the request is sent."
215,Social Network,Diaspora,"As a mobile user,
I want to send, view, and delete private conversation messages with my connections on the mobile website,
So that I can communicate privately with other users and manage my message history while on a mobile device.

Acceptance Criteria:
- A signed-in user must be able to send a new private message with a subject and text to one of their connections, and after sending, the message subject should appear in the conversation heading, the recipient should be shown as part of the active conversation, and the message text should be visible in the conversation stream.
- When the recipient signs in and replies to the conversation, their reply text should be visible within the conversation after selecting it.
- A user must be able to delete a message from the conversation by clicking the remove action and confirming the deletion prompt, after which the deleted message text should no longer be visible in the conversation."
216,Social Network,Diaspora,"As a user,
I want to manage my contacts by creating, editing, renaming, deleting, and organizing them into aspects,
So that I can easily categorize my contacts and control how I share content with different groups of people.

Acceptance Criteria:
- Users can create a new aspect from both the contacts page and the aspects (homepage) page by providing an aspect name, and the new aspect should immediately appear in the aspect navigation list.
- Users can delete an existing aspect from either the contacts page or the aspects page, with a confirmation prompt before deletion, and the deleted aspect should no longer appear in the aspect navigation list.
- Users can add or remove a contact from a specific aspect, and the contact count for that aspect should update accordingly.
- Users can rename an existing aspect, and the updated name should be reflected immediately on the page.
- Users can reorder aspects by dragging them into a new position, and the new order should persist after navigating away and returning to the contacts page."
217,Social Network,Diaspora,"As a mobile user,
I want to create posts from the mobile main page, including selecting which aspects to share with and attaching photos,
So that I can share updates and images with specific groups of my contacts directly from my mobile device.

Acceptance Criteria:
- A user can enter text into the mobile publisher, select one or more aspects from the aspect dropdown, and share the post so that it appears in the stream for the selected aspects only, remaining hidden from aspects that were not selected.
- A user can delete a posted item from the stream, and after confirming the deletion prompt, the content should no longer be visible.
- A user can upload a photo without any accompanying text; once the upload completes, the photo should appear in the stream after sharing, and it should also be visible to other connected users who view the stream.
- When attempting to attach an invalid file, the system should prompt an alert and not display any uploaded image in the photo drop zone; the user can then attach a valid photo, see the upload complete, and remove the uploaded photo before sharing, resulting in no image shown in the drop zone.
- When a user attaches multiple photos in sequence and removes one of them, the remaining attached photo should still be visible in the drop zone, and the text area should correctly indicate the presence of attachments alongside the text content."
218,Social Network,Diaspora,"As a mobile user,
I want to mark my content as not safe for work (NSFW) and control the visibility of NSFW content from others,
So that I can protect sensitive content and choose whether to view potentially objectionable material from people I follow.

Acceptance Criteria:
- A user must be able to mark their profile as NSFW or safe for work via the edit profile page, and the ""profile[nsfw]"" checkbox state should correctly reflect the chosen setting after submission.
- Posts from an NSFW user (including those containing text, polls, locations, or pictures) must be hidden by default in another user's mobile stream, with their content, poll text, location indicator, and pictures not visible until the user toggles NSFW visibility.
- When a viewing user toggles NSFW visibility, previously hidden NSFW posts (text, polls, locations, pictures) must become visible in the stream.
- Resharing an NSFW post (with a poll, location, or picture) must mark the reshare action as active, and the reshared content should remain hidden by default on the resharer’s home page, while still being counted correctly as an NSFW post."
219,Social Network,Diaspora,"As a registered user,
I want to be able to log in and log out of my account,
So that I can securely access and exit my personal stream page.

Acceptance Criteria:
- A user with valid credentials (username and password) can sign in manually and be redirected to the stream page.
- A signed-in user can click on their name in the header to reveal account options.
- A signed-in user can select the ""Log out"" option from the header menu and be redirected to the new user session (login) page."
220,Social Network,Diaspora,"As a registered user,
I want to edit and update my profile information including personal details, tags, privacy settings, and photo,
So that I can keep my profile accurate, up to date, and personalized.

Acceptance Criteria:
- The user can update profile fields (gender, first name, last name, bio, location, and date of birth) and see a success confirmation after saving, with all updated values correctly reflected in the form.
- The user can add multiple tags to their profile through a search/selection interface, and all added tags remain visible after subsequent updates.
- The user can toggle the ""public details"" switch on or off, and the updated state persists after saving.
- The user can upload a profile photo, receive an error message if an invalid file is uploaded, and successfully crop, preview, and confirm a valid image before it is saved and displayed on their profile page."
221,Social Network,Diaspora,"As a user,
I want to reshare public posts from other users through the stream, their profile page, or a single post view,
So that I can share interesting content with my own contacts and network.

Acceptance Criteria:
- A user can reshare a public post from the stream, from another user's profile page, and from the single post view, with a confirmation prompt before the reshare is executed.
- After a successful reshare, a success flash message containing ""successfully"" is displayed, and the reshare option is no longer shown for that post in the feedback area.
- If a user has already reshared a specific post, the reshare option should not be available again for that same post on the author's profile.
- If the original post of a reshare is deleted by its author, users who see the reshare should instead see a message indicating ""Original post deleted by author""."
222,Social Network,Diaspora,"As a visitor browsing Diaspora on a mobile device,
I want to view a user's public profile page along with their public posts and comments,
So that I can access shared content without needing to log in.

Acceptance Criteria:
- When visiting a user's profile page as a logged-out user, their public post text should be visible within the designated post area.
- Clicking on the ""show comments"" element should reveal the comments associated with the public post.
- Previously submitted comments on the public post should be displayed correctly within the comment section."
223,Social Network,Diaspora,"As a user,
I want to search for other users and hashtags directly from the search input,
So that I can quickly find and navigate to profiles or tag pages relevant to my interests.

Acceptance Criteria:
- When entering a partial username in the search input, matching users should appear in the dropdown results, and clicking a result should navigate to that user's profile page.
- When searching for a username that does not exist and submitting the search, the user should be redirected to a search results page displaying a title indicating no exact match was found, such as ""Users matching [query]"".
- When searching for a user identified only by their federated ID (e.g., ""user@pod.tld"") who is discovered in the background, the search results should display the diaspora handle and provide an option to add them to an aspect.
- Users who have marked their profile as ""not searchable"" should not appear in search results for other users who are not connected to them, but should appear in search results once a connection (aspect membership) is established.
- When entering a hashtag (e.g., ""#Matrix"") in the search input, the matching tag should appear in the dropdown results, and clicking it should navigate to the corresponding tag page."
224,Social Network,Diaspora,"As a QA Engineer,
I want to capture reference and comparison screenshots of the application layout in both logged-out and logged-in states,
So that I can detect unintended visual regressions across different user scenarios and content types.

Acceptance Criteria:
- Test data includes at least two users (e.g., ""B Robertson"" and ""A Aronsdottir"") who are connected to each other, along with sample public posts, a post that mentions another user, and a post containing a hashtag.
- Screenshots can be captured while the user is logged out, saving them into a designated reference or comparison directory depending on the test run type.
- Screenshots can also be captured after signing in as a specific user (e.g., ""alice@alice.alice""), reflecting the logged-in view of the layout.
- The system supports two distinct screenshot-taking modes: one for generating reference screenshots and another for generating comparison screenshots, both following the same logged-out and logged-in capture sequence."
225,Social Network,Diaspora,"As a Moderator,
I want to report posts and comments that violate the terms of use,
So that inappropriate content can be reviewed and addressed by the platform.

Acceptance Criteria:
- When reporting a post or comment, a report modal appears displaying a message about only reporting content that violates the terms of use, along with a reason field to fill in.
- Submitting a report successfully creates the report, displays a success message, and triggers an email notification to the moderator with an appropriate subject line indicating whether a post or comment was flagged as offensive.
- Attempting to report the same post or comment a second time results in an error message stating the report already exists, preventing duplicate reports.
- Reports are correctly linked to the specific post or comment being flagged, and the report page accurately displays the reporter's identity, the reason provided, and the exact content that was reported, even when multiple items exist on the page.
- Closing the report modal without submitting resets the reason field, ensuring no residual text carries over when reporting a different item afterward."
226,Social Network,Diaspora,"As a registered user,
I want to be able to change my password while signed in or reset it via email when I forget it,
So that I can maintain access to my account securely and regain access if I forget my credentials.

Acceptance Criteria:
- A signed-in user can change their password by providing a valid new password and matching confirmation, resulting in a success message and requiring them to sign in again with the new password.
- Attempting to change the password with an invalid or mismatched confirmation displays appropriate validation error messages (e.g., ""Password is too short"", ""Password confirmation doesn't match"") and prevents the change.
- A user can request a password reset by submitting their registered email on the forgot password page, receiving a generic confirmation message regardless of whether the email exists in the system, and an email containing a password reset link is sent when the account exists.
- Following the password reset link allows the user to set a new valid password, after which they can sign in successfully with the new credentials.
- Attempting to reset the password with invalid input (too short or mismatched confirmation) displays validation error messages and keeps the user on the password reset page.
- Submitting the forgot password form with an invalid email format still shows the same generic confirmation message, without revealing whether the email is registered."
227,Social Network,Diaspora,"As a user,
I want to view, share, and manage photos on profile pages,
So that I can control who sees my posted photos and maintain privacy over my content.

Acceptance Criteria:
- A user can view their own posted photos by navigating to their profile page and accessing the photos link
- A user who has not been granted sharing access should not see the ""Photos"" section on another person's profile page
- When a user posts a public status message with a photo, other users who share a connection should see the ""Photos"" section on that profile and be able to access the photos page
- A user can delete their own photo from the photos page, after confirming the deletion action, and the deleted photo should no longer appear in the photo stream
- After all photos are deleted, the ""Photos"" section should no longer be visible on the profile page if there are no remaining shared photos"
228,Social Network,Diaspora,"As a visitor,
I want to view the landing page correctly based on whether I'm on a desktop or mobile view,
So that I have an appropriate and consistent experience regardless of the device I use to access the site.

Acceptance Criteria:
- When visiting the root page in desktop view, the ""LOG IN"" text is displayed.
- When toggling to mobile view and navigating to the root page, the ""Welcome, friend"" text is displayed instead of ""LOG IN"".
- When visiting the root page in mobile view directly, the ""Welcome, friend"" text is displayed.
- When navigating to the mobile-specific path, the ""LOG IN"" text is displayed, regardless of the previously toggled view state."
229,Social Network,Diaspora,"As a mobile website user,
I want to navigate between different pages (stream, notifications, conversations, publisher, profile, contacts, settings, aspects, tags, and admin/moderation areas) using the header menu and the drawer navigation,
So that I can quickly access the content and features relevant to my role and preferences without confusion.

Acceptance Criteria:
- Clicking the header title from the activity stream page navigates the user to the stream page.
- Clicking the notification badge navigates the user to the notifications page.
- Clicking the conversations badge navigates the user to the conversations page.
- Clicking the compose badge navigates the user to the new status message page.
- Opening the drawer displays a search input, and searching for a username shows matching users while searching for a hashtag navigates to the corresponding tag page.
- The drawer provides navigation links to the stream page, my activity page, mentions page, aspects pages, profile page, contacts page, and settings page, each leading to the correct destination.
- When viewing aspects, only posts belonging to the selected aspect are displayed within the main stream, and switching aspects updates the visible content accordingly.
- Following a tag adds it to the ""Followed tags"" section in the drawer, allowing navigation to its tag page, the followed tags stream page, and the manage tag followings page.
- Regular users do not see ""Admin"" or ""Reports"" options in the drawer.
- Moderators see a ""Reports"" option in the drawer (but not ""Admin""), which leads to the reports overview page.
- Admins see an ""Admin"" option in the drawer (but not ""Reports"" or ""Dashboard"" directly), which expands to provide access to Dashboard, User search, Weekly user stats, Pod stats, Reports, Pod network, and Sidekiq monitor pages, each displaying the correct corresponding content."
230,Social Network,Diaspora,"As a registered user,
I want to create posts with text and photos directly from my profile page and control which aspects can see them,
So that I can share updates with the appropriate audience and manage my content before sharing.

Acceptance Criteria:
- When I expand the publisher, write a text message, select a specific aspect, and share the post, the post should appear as the first post both on my profile page and on the home page, but only be visible when filtering by the selected aspect and not visible when filtering by a different aspect.
- When I expand the publisher, write a status message, attach a photo, and submit the post, the post should appear on the home page displaying both the attached image and the text message.
- When I expand the publisher, attach a photo, and then delete the uploaded photo before sharing, the photo should no longer appear in the upload area, and I should be able to close the publisher without posting."
231,Social Network,Diaspora,"As a new user,
I want to register an account and be guided through an initial setup wizard on the getting started page,
So that I can safely personalize my profile, optionally follow tags, and publish my first status message before entering the main stream.

Acceptance Criteria:
- After completing registration, the user is redirected to the getting started page displaying the setup wizard, with the publisher expanded and ready for input.
- Input fields such as the first name must be sanitized against script injection, and the flash message must safely echo the entered name without executing scripts.
- The user can either skip the setup wizard (via a confirmation prompt) or cancel it (via a rejection prompt), with appropriate flash messages and page redirection in each case.
- If the user proceeds without adding tags, the default first post reads ""Hey everyone, I’m #newhere."" while providing tags appends them, e.g., ""Hey everyone, I’m #newhere. I’m interested in #rockstar.""
- The first status message defaults to ""Public"" visibility, and closing popovers or the publisher clears the getting started welcome content.
- Attempting registration with invalid or malformed data (username, email, password) must trigger client-side validation errors and prevent account creation.
- Attempting to register with an already existing username/email must show a failure flash message, while subsequent successful sign-in attempts must not display that failure message."
232,Social Network,Diaspora,"As a mobile user,
I want to view my activity stream showing posts I've created and liked,
So that I can quickly track my own contributions and interactions on the platform.

Acceptance Criteria:
- When a user has not created or liked any posts, the ""My activity"" page should display no posts in the stream.
- When a user likes a post, that post should appear within the user's ""My activity"" stream.
- When a user creates a post, that post should appear within the user's own ""My activity"" stream."
233,Social Network,Diaspora,"As a new user who has received an invitation from an existing member,
I want to accept the invitation and complete my account registration,
So that I can join the platform and immediately connect with the person who invited me.

Acceptance Criteria:
- Given an invitation email has been sent by an existing user (e.g., ""alice@alice.alice""), the invited user can access their acceptance form page.
- Upon filling in the new user form with the required information and pressing ""Create account"", the user should see a ""welcome to diaspora"" confirmation message.
- After account creation, the new user should be able to friend/connect with the person who sent the invitation.
- The new user should be able to select an aspect (e.g., ""Family"") from the ""user_aspects"" dropdown within the ""#hello-there"" section.
- Once an aspect is selected, the aspect dropdown within ""#hello-there"" should correctly display the chosen label (e.g., ""Family"")."
234,Social Network,Diaspora,"As a diaspora user,
I want to use the aspect navigation menu to select and deselect one or more aspects and have my selection remembered across pages,
So that I can filter which posts I see and target posts to specific aspects.

Acceptance Criteria:
- By default, all aspects are selected when I open the aspects page.
- I can select only one aspect, and the page reflects that only that aspect is selected.
- I can add additional aspects to my selection so that multiple aspects can be selected at once.
- My aspect selection is preserved when I navigate away from the aspects page and return via other pages such as the stream or contacts pages.
- I can deselect all aspects using a “Deselect all” action.
- After deselecting all, every aspect is shown as unselected."
235,Social Network,Diaspora,"As a user,
I want to automatically follow back people who add me to an aspect when I have auto follow back enabled,
So that I can reciprocate connections without manually adding each person.

Acceptance Criteria:
- When I have an aspect configured with auto follow back enabled and another user adds me to one of their aspects, I automatically add that user to my auto-follow-back aspect.
- If I have auto follow back enabled and I have previously ignored a user, I do not automatically follow them back when they add me to an aspect.
- When I have auto follow back enabled and I have followed a user back, that aspect is shown as selected/available in the contact aspect dropdown on that user’s profile.
- If I have ignored a user, their profile shows a “Stop ignoring” control instead of allowing auto follow back behavior."
236,Social Network,Diaspora,"As a user,
I want to block another user from my stream or profile,
So that I can stop seeing their posts and mentions in my feed.

Acceptance Criteria:
- I can block a user by clicking the block button from the stream and confirming the action.
- After blocking a user from the stream, my home stream shows no posts from that user or related posts.
- I can block a user from their profile page by clicking the profile block button and confirming the action.
- After blocking a user from their profile page, the button changes to “Stop ignoring” in the unblock area.
- After blocking a user from their profile page, I can still see the blocked user’s public post on their profile page.
- After blocking a user from their profile page, returning to the home page shows no posts in my stream."
237,Social Network,Diaspora,"As a friend of a user,
I want to comment on posts, manage my comments, and interact with comment threads,
So that I can respond to posts, navigate to specific comments, and engage with comments through likes and deletions.

Acceptance Criteria:
- I can view a friend’s post in their stream and add a comment from the inline comment field.
- When I submit a comment, it appears under the post with a recent timestamp.
- I can delete a comment I have made, and it is removed after confirming the deletion.
- The comment form is collapsed by default and expands when I focus the comment field, both in the main stream and in an individual aspect stream.
- I can open a post’s show page from the stream and add a comment there.
- Comments added on a post show up when I return to the user’s stream.
- I can follow a comment’s permalink from the stream to the post’s show page, where the targeted comment is highlighted and the page scrolls to it.
- I can follow a comment’s permalink from a post’s show page to the specific comment, where the targeted comment is highlighted and the page scrolls to it.
- When a post has many comments, only some comments are shown initially and I can reveal more comments after interacting with the post’s likes/comments controls.
- I can like a comment in stream view and see that like reflected on the comment.
- I can expand the likes on a comment to see micro avatars of users who liked it.
- I can unlike a comment and the micro avatar display is removed."
238,Social Network,Diaspora,"As a podmin,
I want to display a donation box on the stream page,
So that visitors can easily support the pod.

Acceptance Criteria:
- When I have configured a Bitcoin address, the home page shows a “Donate” link in the `.info-bar`.
- When I click the “Donate” navbar title, the configured Bitcoin address is displayed.
- When I have configured a Liberapay username, the home page shows a “Donate” link in the `.info-bar`.
- When I click the “Donate” navbar title, the Liberapay donate button is displayed."
239,Social Network,Diaspora,"As a signed-in user,
I want to request, refresh, and download my photos from my account settings,
So that I can retrieve an archive of my uploaded photos.

Acceptance Criteria:
- A signed-in user can navigate to their account settings from the header.
- The account settings page includes a ""Request my photos"" action.
- When a user requests their photos, the system shows a success message containing ""We are currently processing your photos"".
- If a user has already requested their photos, the account settings page includes a ""Refresh my photos"" action.
- When a user refreshes their photos, the system shows a success message containing ""We are currently processing your photos"".
- If a user has already requested their photos, the account settings page includes a ""Download my photos"" action.
- When a user downloads their photos, the system returns a zipped file."
240,Social Network,Diaspora,"As a rock star,
I want to follow and view posts for specific tags,
So that I can keep track of what humanity is saying about topics I care about.

Acceptance Criteria:
- I can follow a tag from its tag page and see that I am following it.
- The publisher on a tag page pre-fills the tag so I can post directly to that tag.
- When I post a message from a tag page, the post appears on that tag’s page.
- When I follow a tag, posts containing that tag appear in my home stream.
- If I post a message containing a tag I follow, that post appears in my home stream.
- I can stop following a tag from the tag page.
- I can stop following a tag from the followed tags stream page.
- When I unfollow a tag, it is removed from my followed tags list.
- Visiting a tag page with no posts shows an empty stream."
241,Social Network,Diaspora,"As a diaspora user,
I want to access the help page and navigate to FAQ topics,
So that I can quickly find answers to common questions about using the network.

Acceptance Criteria:
- The help page displays the heading or content ""diaspora* FAQ"".
- The help page includes a link labeled ""Mentions"".
- When I follow the ""Mentions"" link, I am shown the FAQ question ""What is a “mention”?"" within the mentions section."
242,Social Network,Diaspora,"As a user,
I want to navigate the stream and interact with posts using the keyboard,
So that I can browse Diaspora without relying on the mouse.

Acceptance Criteria:
- Pressing **J** moves the highlight to the next post in the stream and navigates to that post.
- Pressing **K** moves the highlight to the previous post in the stream and navigates to that post.
- Keyboard navigation works from the main stream, after changing to a different stream, and on a profile page.
- Keyboard navigation continues to work when the publisher is expanded, including when **J** is pressed inside the publisher.
- Pressing **C** after navigating to a post opens that post’s first comment field.
- Keyboard navigation works correctly on smaller screens."
243,Social Network,Diaspora,"As a user of the social network,
I want to like and unlike posts,
So that I can show appreciation for content and see when others have liked my posts.

Acceptance Criteria:
- A signed-in user can like a public post from the stream.
- When a post is liked from the stream, the action changes from “Like” to “Unlike”.
- Liking a post increments its like count to 1.
- Liking a post records the liker’s name on the post.
- Liking a post activates notifications for that post.
- A signed-in user can unlike a previously liked post from the stream.
- When a post is unliked from the stream, the action changes back from “Unlike” to “Like”.
- Unliking a post removes all likes from the post.
- A signed-in user can like a post from the single post page.
- When a post is liked from the single post page, the like count is shown in the post interactions area.
- Liking a post from the single post page activates notifications for that post in the single post view.
- A signed-in user can unlike a post from the single post page.
- When a post is unliked from the single post page, the like count is no longer shown in the post interactions area.
- When a user likes someone else’s post, the post owner can see the post has 1 like.
- When a user likes someone else’s post, the post owner can see the liker’s name associated with the like.
- When a user likes someone else’s post, the post owner sees the action available as “Like” on their post."
244,Social Network,Diaspora,"As a user,
I want to mention another user in posts and comments and have their name linked correctly,
So that I can show people that this person exists and make it easy to navigate to their profile.

Acceptance Criteria:
- A mention of a connected user in a post is displayed correctly as a link to that user.
- When composing a post, typing a valid mention shows mention suggestions for matching users.
- Selecting a suggested user inserts the mention into the post and publishing displays the mentioned user in the stream.
- A user can mention the same person multiple times in a post, and each mention is handled correctly.
- After selecting a mention in the publisher, typing additional text and then typing another mention does not incorrectly reopen the mention dropdown unless appropriate.
- Clicking a mentioned user’s name in a post opens that user’s profile and shows their author information.
- A mention of a connected user in a comment is displayed correctly as a link to that user.
- When composing a comment, typing a valid mention shows mention suggestions for matching users.
- Selecting a suggested user inserts the mention into the comment and posting displays the mentioned user in the comment thread."
245,Social Network,Diaspora,"As a user,
I want to mention a contact from their profile page and choose which aspects to share the post with,
So that I can quickly post a message to that person and control its visibility.

Acceptance Criteria:
- I can open a mention modal from a contact’s profile page.
- I can enter a message in the mention modal and share it successfully.
- If I share the mention without changing aspect selection, the post is visible in all aspects the contact is included in.
- I can open the aspect dropdown in the mention modal and toggle individual aspects before sharing.
- If I share the mention with only one aspect selected, the post is visible only in that aspect.
- If an aspect is not selected when sharing, the post does not appear in that aspect’s stream.
- After sharing a mention successfully, I see a success flash message."
246,Social Network,Diaspora,"As a user,
I want to receive and manage notifications for activity related to me,
So that I can stay informed about interactions on my posts, profile, and connections.

Acceptance Criteria:
- When someone starts sharing with me, I receive a notification in the header dropdown and on the notifications page, and I get an email.
- When someone reshared my post, I receive a notification in the header dropdown and I get an email.
- When someone likes my post, I receive a notification in the header dropdown and I get an email.
- When someone comments on my post, I receive a notification in the header dropdown and I get an email.
- When someone comments in reply to a comment in a conversation involving my post, I receive an “also commented on” notification and the correct number of email deliveries is generated.
- When someone mentions me in a post, I receive a notification in the header dropdown and I get an email.
- When someone mentions me in a comment, I receive a notification in the header dropdown and I get an email.
- I can mark a notification as read from the dropdown, and the notification changes from unread to read.
- I can filter notifications by type on the notifications page, such as likes and mentions.
- I can view hovercards from notifications in the dropdown and use them to access the aspect dropdown.
- The notifications dropdown shows a scrollbar when there are more than five notifications.
- The notifications dropdown loads additional notifications when I scroll to the bottom."
247,Social Network,Diaspora,"As a user,
I want to authorize third-party applications to access my account through an auth code flow,
So that I can securely control which apps can access my protected resources.

Acceptance Criteria:
- When a client sends an authorization request with an invalid client id or redirect URI, the user sees an error message containing ""Invalid client id or redirect uri"".
- When I deny authorization to a registered client, no tokens are returned in the redirect URL.
- When I approve authorization for a registered client, an authorization code is issued.
- The authorization code can be exchanged at the token endpoint for access tokens.
- The access tokens can be used to request user info successfully.
- The returned user info includes the authenticated user’s id, username, and email."
248,Social Network,Diaspora,"As a user of Diaspora,
I want to authorize third-party applications to access my account data through the implicit OAuth flow,
So that trusted apps can securely obtain my profile information without sharing my password.

Acceptance Criteria:
- When an application sends an authorization request with an invalid client id or redirect URI, the authorization endpoint returns an error message containing ""Invalid client id or redirect uri"".
- When I deny authorization to an application, no access tokens are included in the redirect URL.
- When I approve authorization for a valid application, the application receives bearer tokens in the redirect response.
- When the application uses the bearer tokens to request user info, it can retrieve my id, username, and email.
- When the authorization request includes a max_age value and my last sign-in is older than that value, I am prompted to sign in again before I can authorize the application.
- After re-authenticating and granting consent, the application can still obtain bearer tokens and access my user info successfully."
249,Social Network,Diaspora,"As a user,
I want to view attached photos in a lightbox and close it when I’m done,
So that I can inspect images without leaving the stream.

Acceptance Criteria:
- When I click an attached image on a status message, the photo lightbox is displayed.
- When the photo lightbox is open, I can close it by clicking the close link.
- After closing the lightbox, it is no longer visible."
250,Social Network,Diaspora,"As a user,
I want to post a message from a tag page,
So that I can share my opinion about a topic and have it appear in the tag stream and my home stream.

Acceptance Criteria:
- A signed-in user can access a tag page and use the publisher there.
- When the user expands the publisher on a tag page, enters text, and shares it, the post is created with the tag included in the content.
- The newly created tagged post appears as the first post on the same tag page.
- The newly created tagged post appears as the first post on the home page.
- The newly created tagged post remains visible as the first post when returning to the same tag page."
251,Social Network,Diaspora,"As a user,
I want to preview my post in the stream before publishing it,
So that I can verify the content and formatting of text, media, mentions, polls, and location without posting it first.

Acceptance Criteria:
- I can expand the publisher and enter a status message, then preview it and see the exact text in the preview.
- If I edit the draft after previewing, the preview updates to show the latest content and no longer shows outdated text.
- A long status message can be previewed without the preview collapsing.
- After publishing a long message, the posted item is collapsed.
- If I attach a photo and add text, the preview shows both the image and the text.
- If I mention a user in the post, the preview preserves the mention and allows me to follow the mentioned user.
- I can preview a post while on a tag page and see the draft content in the preview.
- If I add a poll to the post, the preview shows the poll form and its fields.
- If I add a location to the post, the preview shows the location section and the entered address.
- After closing and reopening the publisher, I am no longer in preview mode."
252,Social Network,Diaspora,"As a visitor or logged-in user,
I want to view the public stream,
So that I can see public posts from other users.

Acceptance Criteria:
- The public stream page displays public posts from users.
- A signed-in user can access the public stream and see public posts.
- A logged-out visitor can access the public stream and see public posts."
253,Social Network,Diaspora,"As a rocket scientist,
I want long posts in my stream to be collapsed by default and expandable on click,
So that I can more easily browse and manage very long status updates.

Acceptance Criteria:
- Extremely long status messages are collapsed when displayed on the home page.
- A collapsed long post can be expanded by clicking it.
- After expansion, the long post is shown in its expanded state."
254,Social Network,Diaspora,"As a user,
I want to unfollow people from an aspect,
So that I can stop seeing their updates and remove them from my contacts list.

Acceptance Criteria:
- I can remove a person from an aspect while viewing their profile page.
- After removing a person from an aspect on their profile page, the aspect no longer contains that contact.
- I can remove a person from an aspect while viewing the contacts page.
- After removing a person from an aspect on the contacts page, the aspect no longer contains that contact.
- When I unfollow someone, they no longer see that I am sharing with them."
255,Social Network,Diaspora,"As a user,
I want to enable, use, regenerate, and disable two-factor authentication,
So that my account is better protected while still allowing secure access and account recovery.

Acceptance Criteria:
- A signed-in user can navigate to the two-factor authentication page and start activation.
- When activation is started, the user is shown a confirmation step with a QR code to scan.
- A valid TOTP token confirms activation successfully.
- After successful activation, the user sees that two-factor authentication is activated and is shown recovery codes.
- After confirming activation, the two-factor authentication settings page shows the feature as activated and offers a Deactivate option.
- A user with two-factor authentication enabled must enter a valid TOTP token after username/password login before accessing the stream page.
- If the user enters an invalid TOTP token, access is not granted and the two-factor authentication prompt remains.
- A user with two-factor authentication enabled can sign in using a valid recovery code and reach the stream page.
- A user with two-factor authentication enabled can generate new recovery codes from the two-factor authentication page.
- When recovery codes are regenerated, the user is shown the new list of recovery codes.
- A user can deactivate two-factor authentication from the two-factor authentication page by entering the correct password.
- After successful deactivation, the user sees that two-factor authentication is not activated.
- If the user enters an incorrect password when attempting to deactivate, two-factor authentication remains activated and the Deactivate option is still available."
256,Social Network,Diaspora,"As a user of Diaspora,
I want to view and revoke applications I have authorized,
So that I can manage which third-party clients have access to my account.

Acceptance Criteria:
- When I sign in and visit my applications page, I can see all authorized applications for my account.
- The applications list shows the correct total number of authorized applications.
- Authorized applications are displayed with their images when provided.
- Authorized applications are displayed without images when no image is provided.
- I can revoke an authorized application from the list.
- After revoking one authorization, the total number of authorized applications decreases accordingly.
- I can revoke multiple authorizations one by one until none remain."
257,Social Network,Diaspora,"As a mobile user,
I want to navigate the stream and load more posts on the mobile website,
So that I can browse my stream easily and know when I have reached the end.

Acceptance Criteria:
- When there are no posts in the stream, the user sees the message ""There are no posts yet.""
- When the stream contains fewer than 15 posts, the user sees the message ""You have reached the end of the stream.""
- When the stream contains 15 posts, the user sees a ""More"" link.
- When the user clicks the ""More"" link, the stream loads the next set of posts and then shows ""You have reached the end of the stream.""
- When the stream contains more than 15 posts, the user sees a ""More"" link.
- When the user clicks the ""More"" link with more than 15 posts available, the stream loads additional posts and then shows ""You have reached the end of the stream."""
258,Social Network,Diaspora,"As a mobile user,
I want to view photos on the mobile main page,
So that I can navigate and inspect photo posts in Diaspora*.

Acceptance Criteria:
- I can upload a photo from the mobile publisher page and see a completion message for the uploaded file.
- After uploading a photo, I can see the uploaded image in the photo drop zone.
- After sharing a photo post and opening it from the stream, I can view the image in full size.
- When viewing a single-photo post, no previous or next photo navigation arrows are shown.
- When I upload multiple photos in one post, the stream shows an additional photo count indicator.
- When opening a multi-photo post, I can see a right navigation arrow to move to the next photo.
- In a multi-photo viewer, after moving forward, I can see a left navigation arrow to move back.
- In a multi-photo viewer, navigation arrows appear and disappear appropriately based on the current photo position."
259,Social Network,Diaspora,"As a mobile user,
I want to react to posts and comments on Diaspora,
So that I can like, comment on, and manage interactions with content while using the mobile site.

Acceptance Criteria:
- I can like a post from the mobile stream, and the post shows as liked with the like count updated to 1.
- A like made on a post from the mobile stream remains visible when I navigate away to the stream page.
- I can like a post from a user’s profile page, and the post shows as liked with the like count updated to 1.
- A like made on a post from a profile page remains visible when I navigate back to the stream page.
- I can add a comment to a post from the mobile view, and the comment appears in the comment container.
- After commenting, the stream shows the correct comment summary and comment count.
- I can expand the comments on a post and delete a comment after confirming the deletion prompt.
- After deleting the comment, the post shows 0 comments.
- I can like a comment I added to a post.
- I can unlike a previously liked comment, and it is shown as unliked."
260,Social Network,Diaspora,"As a mobile social network user,
I want to view my main stream on the mobile website,
So that I can see posts from people I follow with a readable timestamp.

Acceptance Criteria:
- Given users exist and one user is connected with another, when I sign in on the mobile website and go to the stream page, I can see public posts from connected users in the main stream.
- The post content is displayed in the stream.
- The post is shown with the correct relative timestamp, such as “less than a minute ago.”"
261,Social Network,Diaspora,"As a user,
I want to view and revoke my authorized applications,
So that I can manage which third-party apps have access to my account.

Acceptance Criteria:
- When I sign in on the mobile website and open my applications page, I can see all of my authorized applications.
- The applications list shows the correct total number of authorized applications.
- Authorized applications are displayed with their images when provided.
- Authorized applications are displayed without images when no image is provided.
- I can revoke an authorization from the applications page.
- After revoking one authorization, the applications list updates to show one fewer authorized application.
- After revoking all authorizations, the applications list shows zero authorized applications."
