id,domain,project_name,expert_filename,github_file_url,gherkin_content
1,E-commerce,Sylius,preventing_placing_order_with_disabled_shipping_method.feature,https://github.com/Sylius/Sylius/blob/2.3/features/shop/checkout/shipping_order/preventing_placing_order_with_disabled_shipping_method.feature,"@checkout\nFeature: Preventing placing an order with a disabled shipping method\n\n    Background:\n        Given the store operates on a single channel in the ""United States"" named ""US Web Store""\n        And the store has a product ""Ubi T-Shirt"" priced at ""$19.99""\n        And the store has ""Raven Post"" shipping method with ""$4.00"" fee\n        And the store allows paying ""Offline""\n\n    @api @ui\n    Scenario: Being prevented from placing an order with a shipping method that's disabled after completing the shipping method choice step\n        Given I added product ""Ubi T-Shirt"" to the cart\n        And I addressed the cart\n        And I chose ""Raven Post"" shipping method and ""Offline"" payment method\n        But this shipping method has been disabled\n        When I try to confirm my order\n        Then I should not be able to confirm order because the ""Raven Post"" shipping method is not available\n\n    @api @ui\n    Scenario: Being prevented from placing an order with a shipping method that's has been disabled for the customer's country after completing the shipping method choice step\n        Given I added product ""Ubi T-Shirt"" to the cart\n        And I addressed the cart\n        And I chose ""Raven Post"" shipping method and ""Offline"" payment method\n        But this shipping method has been disabled for ""US Web Store"" channel\n        When I try to confirm my order\n        Then I should not be able to confirm order because the ""Raven Post"" shipping method is not available\n"
2,E-commerce,Sylius,being_unable_to_see_cart.feature,https://github.com/Sylius/Sylius/blob/2.3/features/admin/order/managing_orders/order_details/being_unable_to_see_cart.feature,"@managing_orders\nFeature: Being unable to see details of a cart\n\n    Background:\n        Given the store operates on a single channel in ""United States""\n        And the store has a product ""PHP T-Shirt"" priced at ""$12.00""\n        And the customer added product ""PHP T-Shirt"" to the cart\n        And I am logged in as an administrator\n\n    @api @ui\n    Scenario: Being unable to see the details of a cart\n        When I try to view the summary of the customer's latest cart\n        Then I should be informed that the order does not exist\n"
3,E-commerce,Sylius,deleting_zone.feature,https://github.com/Sylius/Sylius/blob/2.3/features/admin/addressing/managing_zones/deleting_zone.feature,"@managing_zones\nFeature: Deleting a zone\n\n    Background:\n        Given the store has a zone ""North America"" with code ""NA""\n        And the store also has a zone ""South America"" with code ""SA""\n        And the store also has a zone ""Central and Eastern Europe"" with code ""CEE""\n        And the store also has a zone ""Europe"" with code ""EU""\n        And it has the zone named ""Central and Eastern Europe""\n        And the store has a tax category ""Sports gear""\n        And the store has ""Sales Tax"" tax rate of 20% for ""Sports gear"" within the ""SA"" zone\n        And I am logged in as an administrator\n\n    @api @ui\n    Scenario: Deleted zone should disappear from the registry\n        When I delete the zone named ""North America""\n        Then I should be notified that it has been successfully deleted\n        And the zone named ""North America"" should no longer exist in the registry\n\n    @api @ui\n    Scenario: Deleting zone with associated tax rates should not be possible\n        When I try to delete the zone named ""South America""\n        Then I should be notified that this zone cannot be deleted\n        And I should still see the zone named ""South America"" in the list\n\n    @api @ui\n    Scenario: Deleting zone that is a zone member should not be possible\n        When I try to delete the zone named ""Central and Eastern Europe""\n        Then I should be notified that this zone cannot be deleted\n        And I should still see the zone named ""Central and Eastern Europe"" in the list\n"
4,E-commerce,Sylius,applying_only_exclusive_catalog_promotion.feature,https://github.com/Sylius/Sylius/blob/2.3/features/shop/promotion/applying_catalog_promotions/applying_only_exclusive_catalog_promotion.feature,"@applying_catalog_promotions\nFeature: Applying only exclusive catalog promotion\n\n    Background:\n        Given the store operates on a single channel in ""United States""\n        And the store classifies its products as ""Clothes"" and ""Dishes""\n        And the store has a ""T-Shirt"" configurable product\n        And this product has ""PHP T-Shirt"" variant priced at ""$100.00""\n        And there is a catalog promotion ""PHP stuff promotion"" with priority 100 that reduces price by ""50%"" and applies on ""PHP T-Shirt"" variant\n        And there is an exclusive catalog promotion ""Exclusive PHP stuff promotion"" with priority 500 that reduces price by ""30%"" and applies on ""PHP T-Shirt"" variant\n\n    @api @ui\n    Scenario: Applying only exclusive catalog promotion\n        When I view product ""T-Shirt""\n        Then I should see the product price ""$70.00""\n        And I should see the product original price ""$100.00""\n\n    @api @ui\n    Scenario: Applying always single exclusive catalog promotion with highest priority\n        Given there is another exclusive catalog promotion ""Really exclusive PHP stuff promotion"" with priority 1000 that reduces price by ""70%"" and applies on ""PHP T-Shirt"" variant\n        When I view product ""T-Shirt""\n        Then I should see the product price ""$30.00""\n        And I should see the product original price ""$100.00""\n"
5,E-commerce,Sylius,preventing_deletion_of_purchased_product_variant.feature,https://github.com/Sylius/Sylius/blob/2.3/features/admin/product/managing_product_variants/preventing_deletion_of_purchased_product_variant.feature,"@managing_product_variants\nFeature: Prevent deletion of purchased product variant\n\n    Background:\n        Given the store operates on a single channel in ""United States""\n        And the store ships everywhere for Free\n        And the store allows paying with ""Cash on Delivery""\n        And the store has a product ""PHP Mug""\n        And the product ""PHP Mug"" has ""Medium PHP Mug"" variant priced at ""$40.00""\n        And there is a customer ""john.doe@gmail.com"" that placed an order ""#00000022""\n        And the customer bought a single ""Medium PHP Mug"" variant of product ""PHP Mug""\n        And the customer chose ""Free"" shipping method to ""United States"" with ""Cash on Delivery"" payment\n        And I am logged in as an administrator\n\n    @api @ui\n    Scenario: Being unable to delete a purchased product variant\n        When I try to delete the ""Medium PHP Mug"" variant of product ""PHP Mug""\n        Then I should be notified that this variant is in use and cannot be deleted\n        And this variant should still exist in the product catalog\n"
6,E-commerce,Sylius,adding_product_option.feature,https://github.com/Sylius/Sylius/blob/2.3/features/admin/product/managing_product_options/adding_product_option.feature,"@managing_product_options\nFeature: Adding a new product option\n\n    Background:\n        Given the store is available in ""English (United States)""\n        And I am logged in as an administrator\n\n    @api @ui @mink:chromedriver\n    Scenario: Adding a new product option with two required option values\n        When I want to create a new product option\n        And I name it ""T-Shirt size"" in ""English (United States)""\n        And I specify its code as ""t_shirt_size""\n        And I add the ""S"" option value identified by ""OV1""\n        And I add the ""M"" option value identified by ""OV2""\n        And I add it\n        Then I should be notified that it has been successfully created\n        And the product option ""T-Shirt size"" should appear in the registry\n        And product option ""T-Shirt size"" should have the ""S"" option value\n        And product option ""T-Shirt size"" should have the ""M"" option value\n\n    @api @ui\n    Scenario: Adding a new product option without any option values\n        When I want to create a new product option\n        And I name it ""T-Shirt size"" in ""English (United States)""\n        And I specify its code as ""t_shirt_size""\n        But I do not add an option value\n        And I try to add it\n        Then I should be notified that it has been successfully created\n        And the product option ""T-Shirt size"" should appear in the registry\n\n    @api @ui @mink:chromedriver\n    Scenario: Adding a new product option with one option value\n        When I want to create a new product option\n        And I name it ""T-Shirt size"" in ""English (United States)""\n        And I specify its code as ""t_shirt_size""\n        And I add the ""S"" option value identified by ""OV1""\n        And I try to add it\n        Then I should be notified that it has been successfully created\n        And the product option ""T-Shirt size"" should appear in the registry\n        And product option ""T-Shirt size"" should have the ""S"" option value\n\n    @no-api @ui @mink:chromedriver\n    Scenario: Adding a new product option with applying option value to all option values\n        Given the store is also available in ""Polish (Poland)""\n        When I want to create a new product option\n        And I name it ""T-Shirt size"" in ""English (United States)""\n        And I specify its code as ""t_shirt_size""\n        And I add the ""S"" option value identified by ""OV1"" in ""English (United States)""\n        And I apply the option value identified by 'OV1' in 'English (United States)' to all option values.\n        And I add the ""M"" option value identified by ""OV2"" in ""English (United States)""\n        And I add it\n        Then I should be notified that it has been successfully created\n        And the product option ""T-Shirt size"" should appear in the registry\n        And this product option should have the ""S"" option value in ""English (United States)"" locale\n        And this product option should have the ""S"" option value in ""Polish (Poland)"" locale\n        And this product option should have the ""M"" option value in ""English (United States)"" locale\n        But this product option should not have the ""M"" option value in ""Polish (Poland)"" locale\n"
7,E-commerce,Sylius,product_association_type_unique_code_validation.feature,https://github.com/Sylius/Sylius/blob/2.3/features/admin/product/managing_product_association_types/product_association_type_unique_code_validation.feature,"@managing_product_association_types\nFeature: Product association type unique code validation\n\n    Background:\n        Given the store is available in ""English (United States)""\n        And the store has a product association type ""Cross sell"" with a code ""cross_sell""\n        And I am logged in as an administrator\n\n    @api @ui\n    Scenario: Trying to add a new product association type with a taken code\n        When I want to create a new product association type\n        And I specify its code as ""cross_sell""\n        And I name it ""Cross sell"" in ""English (United States)""\n        And I try to add it\n        Then I should be notified that product association type with this code already exists\n        And there should still be only one product association type with a code ""cross_sell""\n"
8,E-commerce,Sylius,filtering_orders_by_total_in_different_currencies.feature,https://github.com/Sylius/Sylius/blob/2.3/features/admin/order/managing_orders/order_filtration/filtering_orders_by_total_in_different_currencies.feature,"@managing_orders\nFeature: Filtering orders by total in different currencies\n\n    Background:\n        Given the store operates on a channel named ""Web-US"" in ""USD"" currency\n        And the store operates on a channel named ""Web-UK"" in ""GBP"" currency\n        And the store has ""Apple T-Shirt"", ""Pineapple T-Shirt"" and ""Pen T-Shirt"" products\n        And the store has customer ""John Hancock"" with email ""hancock@superheronope.com""\n        And this customer has placed an order ""#00000001"" buying a single ""Apple T-Shirt"" product for ""$100.00"" on the ""Web-US"" channel\n        And this customer has also placed an order ""#00000002"" buying a single ""Pineapple T-Shirt"" product for ""$200.00"" on the ""Web-US"" channel\n        And this customer has also placed an order ""#00000003"" buying a single ""Pen T-Shirt"" product for ""$150.50"" on the ""Web-US"" channel\n        And this customer has also placed an order ""#00000004"" buying a single ""Apple T-Shirt"" product for ""£200.00"" on the ""Web-UK"" channel\n        And this customer has also placed an order ""#00000005"" buying a single ""Pineapple T-Shirt"" product for ""£150.50"" on the ""Web-UK"" channel\n        And this customer has also placed an order ""#00000006"" buying a single ""Pen T-Shirt"" product for ""£100.00"" on the ""Web-UK"" channel\n        And I am logged in as an administrator\n        And I am browsing orders\n\n    @api @ui\n    Scenario: Filtering orders by currency alone\n        When I choose ""British Pound"" as the filter currency\n        And I filter\n        Then I should see 3 orders in the list\n        But I should not see any orders with currency ""USD""\n\n    @api @ui\n    Scenario: Filtering orders with total greater than specified amount\n        When I choose ""US Dollar"" as the filter currency\n        And I specify filter total being greater than 100\n        And I filter\n        Then I should see 2 orders in the list\n        And I should see an order with ""#00000002"" number\n        And I should see an order with ""#00000003"" number\n        But I should not see an order with ""#00000001"" number\n        And I should not see any orders with currency ""GBP""\n\n    @api @ui\n    Scenario: Filtering orders with total less than specified amount\n        When I choose ""US Dollar"" as the filter currency\n        And I specify filter total being less than 200\n        And I filter\n        Then I should see 2 orders in the list\n        And I should see an order with ""#00000001"" number\n        And I should see an order with ""#00000003"" number\n        But I should not see an order with ""#00000002"" number\n        And I should not see any orders with currency ""GBP""\n\n    @api @ui\n    Scenario: Filtering order with total from a specified range\n        When I choose ""British Pound"" as the filter currency\n        And I specify filter total being greater than 150.50\n        And I specify filter total being less than 250\n        And I filter\n        Then I should see a single order in the list\n        And I should see an order with ""#00000004"" number\n        But I should not see an order with ""#00000005"" number\n        And I should not see an order with ""#00000006"" number\n        And I should not see any orders with currency ""USD""\n\n    @api @ui\n    Scenario: Filtering orders by total in given range but with no currency provided\n        When I specify filter total being greater than 150\n        And I specify filter total being less than 200\n        And I filter\n        Then I should see 2 orders in the list\n        And I should see an order with ""#00000003"" number\n        And I should see an order with ""#00000005"" number\n"
9,E-commerce,Sylius,applying_catalog_promotions_with_different_states.feature,https://github.com/Sylius/Sylius/blob/2.3/features/shop/promotion/applying_catalog_promotions/applying_catalog_promotions_with_different_states.feature,"@applying_catalog_promotions\nFeature: Applying catalog promotions with different states\n\n    Background:\n        Given the store operates on a single channel in ""United States""\n        And the store has a ""T-Shirt"" configurable product\n        And this product has ""PHP T-Shirt"" variant priced at ""$20.00""\n        And there is a catalog promotion ""Winter sale"" that reduces price by ""50%"" and applies on ""PHP T-Shirt"" variant\n\n    @api @ui\n    Scenario: Seeing catalog promotions that were processed successfully\n        When I view ""PHP T-Shirt"" variant of the ""T-Shirt"" product\n        Then I should see this variant is discounted from ""$20.00"" to ""$10.00"" with ""Winter sale"" promotion\n"
10,E-commerce,Sylius,modifying_billing_address.feature,https://github.com/Sylius/Sylius/blob/2.3/features/admin/order/managing_orders/modifying_billing_address/modifying_billing_address.feature,"@modifying_placed_order_address\nFeature: Modifying a customer billing address after an order has been placed\n\n    Background:\n        Given the store operates on a single channel in the ""United States"" named ""Web""\n        And the store ships everywhere for Free\n        And the store allows paying with ""Cash on Delivery""\n        And the store has a product ""Suit"" priced at ""$400.00""\n        And there is a customer ""mike@ross.com"" that placed an order ""#00000001""\n        And the customer bought a single ""Suit""\n        And the customer ""Mike Ross"" addressed it to ""350 5th Ave"", ""10118"" ""New York"" in the ""United States"" with identical billing address\n        And the customer chose ""Free"" shipping method with ""Cash on Delivery"" payment\n        And I am logged in as an administrator\n\n    @api @ui\n    Scenario: Modifying a customer's billing address\n        When I view the summary of the order ""#00000001""\n        And I want to modify a customer's billing address of this order\n        And I specify their new billing address as ""Los Angeles"", ""Seaside Fwy"", ""90802"", ""United States"" for ""Lucifer Morningstar""\n        And I save my changes\n        Then I should be notified that it has been successfully edited\n        And this order should have ""Lucifer Morningstar"", ""Seaside Fwy"", ""90802"", ""Los Angeles"", ""United States"" as its billing address\n\n    @no-api @ui @mink:chromedriver\n    Scenario: Being able to choose only provinces of the selected country\n        Given the store also has country ""Poland""\n        And this country has the ""Malopolska"" province with ""ML"" code\n        And this country has the ""Slaskie"" province with ""SL"" code\n        When I view the summary of the order ""#00000001""\n        And I want to modify a customer's billing address of this order\n        And I change the billing country to ""Poland""\n        Then I should be able to choose the ""Malopolska"" province for the billing address\n        And I should be able to choose the ""Slaskie"" province for the billing address\n\n    @api @ui\n    Scenario: Modifying a customer's billing address when a product's price has been changed\n        Given the product ""Suit"" changed its price to ""$300.00""\n        When I view the summary of the order ""#00000001""\n        And I want to modify a customer's billing address of this order\n        And I specify their new billing address as ""Los Angeles"", ""Seaside Fwy"", ""90802"", ""United States"" for ""Lucifer Morningstar""\n        And I save my changes\n        Then I should be notified that it has been successfully edited\n        And this order should have ""Lucifer Morningstar"", ""Seaside Fwy"", ""90802"", ""Los Angeles"", ""United States"" as its billing address\n        And the order's total should still be ""$400.00""\n\n    @api @ui\n    Scenario: Modifying a customer's billing address when a channel has been disabled\n        Given the channel ""Web"" has been disabled\n        When I view the summary of the order ""#00000001""\n        And I want to modify a customer's billing address of this order\n        And I specify their new billing address as ""Los Angeles"", ""Seaside Fwy"", ""90802"", ""United States"" for ""Lucifer Morningstar""\n        And I save my changes\n        Then I should be notified that it has been successfully edited\n        And this order should have ""Lucifer Morningstar"", ""Seaside Fwy"", ""90802"", ""Los Angeles"", ""United States"" as its billing address\n        And the order's total should still be ""$400.00""\n\n    @api @ui\n    Scenario: Modifying a customer's billing address when the currency has been disabled\n        Given the currency ""USD"" has been disabled\n        When I view the summary of the order ""#00000001""\n        And I want to modify a customer's billing address of this order\n        And I specify their new billing address as ""Los Angeles"", ""Seaside Fwy"", ""90802"", ""United States"" for ""Lucifer Morningstar""\n        And I save my changes\n        Then I should be notified that it has been successfully edited\n        And this order should have ""Lucifer Morningstar"", ""Seaside Fwy"", ""90802"", ""Los Angeles"", ""United States"" as its billing address\n        And the order's total should still be ""$400.00""\n\n    @api @ui\n    Scenario: Modifying a customer's billing address when the product is out of stock\n        Given the product ""Suit"" is out of stock\n        When I view the summary of the order ""#00000001""\n        And I want to modify a customer's billing address of this order\n        And I specify their new billing address as ""Los Angeles"", ""Seaside Fwy"", ""90802"", ""United States"" for ""Lucifer Morningstar""\n        And I save my changes\n        Then I should be notified that it has been successfully edited\n        And this order should have ""Lucifer Morningstar"", ""Seaside Fwy"", ""90802"", ""Los Angeles"", ""United States"" as its billing address\n        And the order's total should still be ""$400.00""\n"
101,Finance/Banking,Apache Fineract,WorkingCapitalLoanCreditBalanceRefundAccountingEntries.feature,https://github.com/apache/fineract/blob/develop/fineract-e2e-tests-runner/src/test/resources/features/WorkingCapitalLoanCreditBalanceRefundAccountingEntries.feature,"@WorkingCapital\n@WorkingCapitalCBRAccountingEntries\nFeature: Working Capital Loan Credit Balance Refund Accounting Entries\n\n  @TestRailId:C85182\n  Scenario: Verify CBR GL entries - UC01: partial refund keeps OVERPAID\n    When Admin sets the business date to ""01 January 2026""\n    And Admin creates a client with random data\n    And Admin creates a working capital loan with the following data:\n      | LoanProduct                | submittedOnDate | expectedDisbursementDate | principalAmount | totalPaymentVolume | periodPaymentRate | discount |\n      | WCLP_ACCOUNTING_CASH_BASED | 01 January 2026 | 01 January 2026          | 9000            | 100000             | 18                | 0        |\n    And Admin successfully approves the working capital loan on ""01 January 2026"" with ""9000"" amount and expected disbursement date on ""01 January 2026""\n    And Admin successfully disburse the Working Capital loan on ""01 January 2026"" with ""9000"" EUR transaction amount\n    When Admin sets the business date to ""02 January 2026""\n    And Customer makes repayment on ""02 January 2026"" with 9100.0 transaction amount on Working Capital loan\n    Then Working Capital loan status will be ""OVERPAID""\n    When Admin sets the business date to ""03 January 2026""\n    And Customer makes credit balance refund on ""03 January 2026"" with 50.0 transaction amount on Working Capital loan\n    Then Working Capital loan status will be ""OVERPAID""\n    And Working Capital Loan Transactions tab has a ""CREDIT_BALANCE_REFUND"" transaction with date ""03 January 2026"" which has the following Journal entries:\n      | Type      | Account code | Account name              | Debit | Credit |\n      | LIABILITY | 245000       | Other Credit Liability    | 50.0  |        |\n      | LIABILITY | 145023       | Suspense/Clearing account |       | 50.0   |\n\n  @TestRailId:C85183\n  Scenario: Verify CBR GL entries - UC02: full refund closes loan\n    When Admin sets the business date to ""01 January 2026""\n    And Admin creates a client with random data\n    And Admin creates a working capital loan with the following data:\n      | LoanProduct                | submittedOnDate | expectedDisbursementDate | principalAmount | totalPaymentVolume | periodPaymentRate | discount |\n      | WCLP_ACCOUNTING_CASH_BASED | 01 January 2026 | 01 January 2026          | 9000            | 100000             | 18                | 0        |\n    And Admin successfully approves the working capital loan on ""01 January 2026"" with ""9000"" amount and expected disbursement date on ""01 January 2026""\n    And Admin successfully disburse the Working Capital loan on ""01 January 2026"" with ""9000"" EUR transaction amount\n    When Admin sets the business date to ""02 January 2026""\n    And Customer makes repayment on ""02 January 2026"" with 9050.0 transaction amount on Working Capital loan\n    Then Working Capital loan status will be ""OVERPAID""\n    When Admin sets the business date to ""03 January 2026""\n    And Customer makes credit balance refund on ""03 January 2026"" with 50.0 transaction amount on Working Capital loan\n    Then Working Capital loan status will be ""CLOSED_OBLIGATIONS_MET""\n    And Working Capital Loan Transactions tab has a ""CREDIT_BALANCE_REFUND"" transaction with date ""03 January 2026"" which has the following Journal entries:\n      | Type      | Account code | Account name              | Debit | Credit |\n      | LIABILITY | 245000       | Other Credit Liability    | 50.0  |        |\n      | LIABILITY | 145023       | Suspense/Clearing account |       | 50.0   |\n\n  @TestRailId:C85184\n  Scenario: Verify CBR GL entries - UC03: multiple refunds same day\n    When Admin sets the business date to ""01 January 2026""\n    And Admin creates a client with random data\n    And Admin creates a working capital loan with the following data:\n      | LoanProduct                | submittedOnDate | expectedDisbursementDate | principalAmount | totalPaymentVolume | periodPaymentRate | discount |\n      | WCLP_ACCOUNTING_CASH_BASED | 01 January 2026 | 01 January 2026          | 9000            | 100000             | 18                | 0        |\n    And Admin successfully approves the working capital loan on ""01 January 2026"" with ""9000"" amount and expected disbursement date on ""01 January 2026""\n    And Admin successfully disburse the Working Capital loan on ""01 January 2026"" with ""9000"" EUR transaction amount\n    When Admin sets the business date to ""02 January 2026""\n    And Customer makes repayment on ""02 January 2026"" with 9200.0 transaction amount on Working Capital loan\n    Then Working Capital loan status will be ""OVERPAID""\n    When Admin sets the business date to ""03 January 2026""\n    And Customer makes credit balance refund on ""03 January 2026"" with 40.0 transaction amount on Working Capital loan\n    And Customer makes credit balance refund on ""03 January 2026"" with 60.0 transaction amount on Working Capital loan\n    Then Working Capital loan status will be ""OVERPAID""\n    And Working Capital Loan Transactions tab has 2 ""CREDIT_BALANCE_REFUND"" transactions with date ""03 January 2026"" which have the following Journal entries:\n      | Type      | Account code | Account name              | Debit | Credit |\n      | LIABILITY | 245000       | Other Credit Liability    | 40.0  |        |\n      | LIABILITY | 145023       | Suspense/Clearing account |       | 40.0   |\n      | LIABILITY | 245000       | Other Credit Liability    | 60.0  |        |\n      | LIABILITY | 145023       | Suspense/Clearing account |       | 60.0   |\n\n  @TestRailId:C85185\n  Scenario: Verify CBR GL entries - UC04: refund with payment details\n    When Admin sets the business date to ""01 January 2026""\n    And Admin creates a client with random data\n    And Admin creates a working capital loan with the following data:\n      | LoanProduct                | submittedOnDate | expectedDisbursementDate | principalAmount | totalPaymentVolume | periodPaymentRate | discount |\n      | WCLP_ACCOUNTING_CASH_BASED | 01 January 2026 | 01 January 2026          | 9000            | 100000             | 18                | 0        |\n    And Admin successfully approves the working capital loan on ""01 January 2026"" with ""9000"" amount and expected disbursement date on ""01 January 2026""\n    And Admin successfully disburse the Working Capital loan on ""01 January 2026"" with ""9000"" EUR transaction amount\n    When Admin sets the business date to ""02 January 2026""\n    And Customer makes repayment on ""02 January 2026"" with 9100.0 transaction amount on Working Capital loan\n    Then Working Capital loan status will be ""OVERPAID""\n    When Admin sets the business date to ""03 January 2026""\n    And Customer makes credit balance refund on ""03 January 2026"" with 25.0 transaction amount on Working Capital loan with the following payment details:\n      | paymentType   | accountNumber | checkNumber | routingCode | receiptNumber | bankNumber |\n      | CHECK_PAYMENT | 12345         | 321         | 456         | 789           | 654        |\n    Then Working Capital loan status will be ""OVERPAID""\n    And Working Capital Loan Transactions tab has a ""CREDIT_BALANCE_REFUND"" transaction with date ""03 January 2026"" which has the following Journal entries:\n      | Type      | Account code | Account name              | Debit | Credit |\n      | LIABILITY | 245000       | Other Credit Liability    | 25.0  |        |\n      | LIABILITY | 145023       | Suspense/Clearing account |       | 25.0   |\n\n  @TestRailId:C85186\n  Scenario: Verify CBR GL entries - UC05: multiple refunds on different days\n    When Admin sets the business date to ""01 January 2026""\n    And Admin creates a client with random data\n    And Admin creates a working capital loan with the following data:\n      | LoanProduct                | submittedOnDate | expectedDisbursementDate | principalAmount | totalPaymentVolume | periodPaymentRate | discount |\n      | WCLP_ACCOUNTING_CASH_BASED | 01 January 2026 | 01 January 2026          | 9000            | 100000             | 18                | 0        |\n    And Admin successfully approves the working capital loan on ""01 January 2026"" with ""9000"" amount and expected disbursement date on ""01 January 2026""\n    And Admin successfully disburse the Working Capital loan on ""01 January 2026"" with ""9000"" EUR transaction amount\n    When Admin sets the business date to ""02 January 2026""\n    And Customer makes repayment on ""02 January 2026"" with 9200.0 transaction amount on Working Capital loan\n    Then Working Capital loan status will be ""OVERPAID""\n    And Working Capital loan balance overpaymentAmount is ""200.00""\n    When Admin sets the business date to ""03 January 2026""\n    And Customer makes credit balance refund on ""03 January 2026"" with 50.0 transaction amount on Working Capital loan\n    Then Working Capital loan status will be ""OVERPAID""\n    And Working Capital loan balance overpaymentAmount is ""150.00""\n    And Working Capital Loan Transactions tab has a ""CREDIT_BALANCE_REFUND"" transaction with date ""03 January 2026"" which has the following Journal entries:\n      | Type      | Account code | Account name              | Debit | Credit |\n      | LIABILITY | 245000       | Other Credit Liability    | 50.0  |        |\n      | LIABILITY | 145023       | Suspense/Clearing account |       | 50.0   |\n    When Admin sets the business date to ""04 January 2026""\n    And Customer makes credit balance refund on ""04 January 2026"" with 75.0 transaction amount on Working Capital loan\n    Then Working Capital loan status will be ""OVERPAID""\n    And Working Capital loan balance overpaymentAmount is ""75.00""\n    And Working Capital Loan Transactions tab has a ""CREDIT_BALANCE_REFUND"" transaction with date ""04 January 2026"" which has the following Journal entries:\n      | Type      | Account code | Account name              | Debit | Credit |\n      | LIABILITY | 245000       | Other Credit Liability    | 75.0  |        |\n      | LIABILITY | 145023       | Suspense/Clearing account |       | 75.0   |\n    When Admin sets the business date to ""05 January 2026""\n    And Customer makes credit balance refund on ""05 January 2026"" with 75.0 transaction amount on Working Capital loan\n    Then Working Capital loan status will be ""CLOSED_OBLIGATIONS_MET""\n    And Working Capital Loan Transactions tab has a ""CREDIT_BALANCE_REFUND"" transaction with date ""05 January 2026"" which has the following Journal entries:\n      | Type      | Account code | Account name              | Debit | Credit |\n      | LIABILITY | 245000       | Other Credit Liability    | 75.0  |        |\n      | LIABILITY | 145023       | Suspense/Clearing account |       | 75.0   |\n"
102,Finance/Banking,Apache Fineract,WorkingCapitalNearBreachConfiguration.feature,https://github.com/apache/fineract/blob/develop/fineract-e2e-tests-runner/src/test/resources/features/WorkingCapitalNearBreachConfiguration.feature,"@WorkingCapital\n@WorkingCapitalNearBreachManagementFeature\nFeature: Working Capital Near Breach Configuration\n\n  @TestRailId:C76697\n  Scenario: Verify Working Capital Near Breach Configuration CRUD - UC1\n    When Admin Calls Breach Template\n    When Admin creates WC Near Breach With Values\n    Then Check created Near Breach has the following values\n    When Admin modifies WC Near Breach With Values\n    Then Check updated Near Breach has the following values\n    When Admin deletes WC Near Breach With Values\n\n  @TestRailId:C76698\n  Scenario Outline: Verify Working Capital Breach Configuration create with invalid data shall outcome with error - UC2\n    Then Admin failed to create a new WC Near Breach for field ""<wcb_field_name_invalid>"" with invalid data <wcb_field_value_invalid> results with an error <wcb_error_message>\n\n    Examples:\n      | wcb_field_name_invalid       | wcb_field_value_invalid | wcb_error_message                                                                       |\n      | nearBreachName               | ""null""                  | The parameter `nearBreachName` is mandatory.                                            |\n      | nearBreachName               | """"                      | The parameter `nearBreachName` is mandatory.                                            |\n      | nearBreachFrequency          | ""null""                  | The parameter `nearBreachFrequency` is mandatory.                                       |\n      | nearBreachFrequency          | ""0""                     | The parameter `nearBreachFrequency` must be greater than 0.                             |\n      | nearBreachFrequencyType      | ""null""                  | The parameter `nearBreachFrequencyType` is mandatory.                                   |\n      | nearBreachFrequencyType      | ""INVALID""               | The parameter `nearBreachFrequencyType` must be one of [ DAYS, WEEKS, MONTHS, YEARS ] . |\n      | nearBreachThreshold          | ""null""                  | The parameter `nearBreachThreshold` is mandatory.                                       |\n      | nearBreachThreshold          | ""0""                     | The parameter `nearBreachThreshold` must be greater than 0.                             |\n      | nearBreachThreshold          | ""100.01""                | The parameter `nearBreachThreshold` must be not greater than 100.                      |\n\n  @TestRailId:C76699\n  Scenario: Verify Working Capital Breach Configuration create validation with existing name outcomes with error - UC3\n    When Admin creates WC Breach With Values for update\n    Then Admin failed to create WC Breach With duplicated name\n    When Admin deletes WC Breach With Values for update\n\n  @TestRailId:C76700\n  Scenario Outline: Verify Working Capital Near Breach Configuration update with invalid data shall outcome with error - UC4\n    When Admin creates WC Near Breach With Values for update\n    Then Admin failed to update WC Near Breach for field ""<wcb_field_name_invalid>"" with invalid data <wcb_field_value_invalid> results with an error <wcb_error_message>\n    When Admin deletes WC Near Breach With Values for update\n\n    Examples:\n      | wcb_field_name_invalid       | wcb_field_value_invalid | wcb_error_message                                                                       |\n      | nearBreachName               | ""null""                  | The parameter `nearBreachName` is mandatory.                                            |\n      | nearBreachName               | """"                      | The parameter `nearBreachName` is mandatory.                                            |\n      | nearBreachFrequency          | ""null""                  | The parameter `nearBreachFrequency` is mandatory.                                       |\n      | nearBreachFrequency          | ""0""                     | The parameter `nearBreachFrequency` must be greater than 0.                             |\n      | nearBreachFrequencyType      | ""null""                  | The parameter `nearBreachFrequencyType` is mandatory.                                   |\n      | nearBreachFrequencyType      | ""INVALID""               | The parameter `nearBreachFrequencyType` must be one of [ DAYS, WEEKS, MONTHS, YEARS ] . |\n      | nearBreachThreshold          | ""null""                  | The parameter `nearBreachThreshold` is mandatory.                                       |\n      | nearBreachThreshold          | ""0""                     | The parameter `nearBreachThreshold` must be greater than 0.                             |\n      | nearBreachThreshold          | ""110""                   | The parameter `nearBreachThreshold` must be not greater than 100.                       |\n\n  @TestRailId:C76701\n  Scenario: Verify Working Capital Near Breach update validation with existing name outcomes with error  - UC5\n    When Admin creates WC Near Breach With Values\n    When Admin creates WC Near Breach With Values for update\n    Then Admin failed to update WC Near Breach With duplicated name\n    When Admin deletes WC Near Breach With Values\n    When Admin deletes WC Near Breach With Values for update\n\n  @TestRailId:C76702\n  Scenario: Verify deleting Working Capital Near Breach Configuration that is already deleted failure - UC6\n    When Admin creates WC Near Breach With Values for update\n    When Admin deletes WC Near Breach With Values for update\n    Then Admin failed to delete WC Near Breach that is already deleted\n    Then Admin failed to retrieve WC Near Breach that is already deleted\n\n  @TestRailId:C76703\n  Scenario Outline: Verify Working Capital Breach delete with invalid data shall outcome with error - validation check with id - UC7\n    Then Admin failed to delete WC Near Breach with id <wcb_field_name_incorrect_value> that doesn't exist\n    Examples:\n      | wcb_field_name_incorrect_value |\n      | 103284                         |\n      | 0                              |\n\n  @TestRailId:C76704\n  Scenario Outline: Verify Working Capital Breach retrieve with invalid data shall outcome with error - validation check with id - UC8\n    Then Admin failed to retrieve WC Near Breach with id <wcb_field_name_incorrect_value> that is not found\n    Examples:\n      | wcb_field_name_incorrect_value |\n      | 565465                         |\n      | 0                              |\n\n  @TestRailId:C76705\n  Scenario: Verify deleting Working Capital Near Breach Configuration that is still assigned to WCLP failure - UC9.1\n    When Admin creates a new Working Capital Loan Product with breach and near breach\n    Then Admin failed to delete WC Near Breach that is still assigned to WC loan product or account\n    Then Admin deletes a Working Capital Loan Product\n    Then Admin deletes WC Breach With Values\n    Then Admin deletes WC Near Breach With Values\n\n  @TestRailId:C76706\n  Scenario: Verify deleting Working Capital Near Breach Configuration that is still assigned to WC loan account failure - UC9.2\n    When Admin sets the business date to ""01 January 2027""\n    And Admin creates a client with random data\n    And Admin creates working capital loan with with breach and near breach on ""01 January 2027"" date\n    Then Admin failed to delete WC Near Breach that is still assigned to WC loan product or account\n\n"
103,Finance/Banking,Apache Fineract,0_COB.feature,https://github.com/apache/fineract/blob/develop/fineract-e2e-tests-runner/src/test/resources/features/0_COB.feature,"@COBFeature\nFeature: COBFeature\n\n  @TestRailId:C2501\n  Scenario: As an admin I would like to see that last closed business date got updated after COB catch up job finished\n    When Admin sets the business date to ""01 January 2022""\n    When Admin creates a client with random data\n    When Admin creates a new default Loan with date: ""01 January 2022""\n    And Admin successfully approves the loan on ""01 January 2022"" with ""1000"" amount and expected disbursement date on ""01 January 2022""\n    When Admin successfully disburse the loan on ""01 January 2022"" with ""1000"" EUR transaction amount\n    Then Admin checks that last closed business date of loan is ""null""\n    When Admin sets the business date to ""02 January 2022""\n    When Admin runs COB job\n    Then Admin checks that last closed business date of loan is ""01 January 2022""\n    When Admin sets the business date to ""05 January 2022""\n    When Admin runs COB job\n    Then Admin checks that last closed business date of loan is ""01 January 2022""\n    When Admin runs COB catch up\n    When Admin checks that Loan COB is running until the current business date\n    Then Admin checks that last closed business date of loan is ""04 January 2022""\n    And Customer makes ""AUTOPAY"" repayment on ""05 January 2022"" with 1000 EUR transaction amount\n    Then Loan status will be ""CLOSED_OBLIGATIONS_MET""\n\n  @TestRailId:C2681\n  Scenario: As an admin I would like to check that the Delinquency bucket set on the loan correctly when the arrears setting is 3 on the product\n    When Admin sets the business date to ""1 January 2022""\n    When Admin creates a client with random data\n    When Admin creates a new default Loan with date: ""1 January 2022""\n    And Admin successfully approves the loan on ""1 January 2022"" with ""1000"" amount and expected disbursement date on ""1 January 2022""\n    When Admin successfully disburse the loan on ""1 January 2022"" with ""1000"" EUR transaction amount\n    When Admin sets the business date to ""4 February 2022""\n    When Admin runs COB job\n    Then Admin checks that delinquency range is: ""RANGE_1"" and has delinquentDate ""2022-02-03""\n\n  @TestRailId:C2791\n  Scenario: Verify that COB processes loans which are not closed/overpaid and has a last_closed_business_date exactly 1 day behind COB date\n    When Admin sets the business date to ""01 January 2022""\n    When Admin creates a client with random data\n    When Admin creates a new default Loan with date: ""01 January 2022""\n    And Admin successfully approves the loan on ""01 January 2022"" with ""1000"" amount and expected disbursement date on ""01 January 2022""\n    When Admin successfully disburse the loan on ""01 January 2022"" with ""1000"" EUR transaction amount\n    Then Loan status will be ""ACTIVE""\n    Then Admin checks that last closed business date of loan is ""null""\n    When Admin sets the business date to ""02 January 2022""\n    When Admin runs COB job\n    Then Admin checks that last closed business date of loan is ""01 January 2022""\n    When Admin sets the business date to ""03 January 2022""\n    When Admin runs COB job\n    Then Admin checks that last closed business date of loan is ""02 January 2022""\n\n  @TestRailId:C2792\n  Scenario: Verify that COB doesn’t touch loans with last closed business date behind COB date\n    When Admin sets the business date to ""01 January 2022""\n    When Admin creates a client with random data\n    When Admin creates a new default Loan with date: ""01 January 2022""\n    And Admin successfully approves the loan on ""01 January 2022"" with ""1000"" amount and expected disbursement date on ""01 January 2022""\n    When Admin successfully disburse the loan on ""01 January 2022"" with ""1000"" EUR transaction amount\n    Then Loan status will be ""ACTIVE""\n    Then Admin checks that last closed business date of loan is ""null""\n    When Admin sets the business date to ""10 February 2022""\n    When Admin runs inline COB job for Loan\n    Then Admin checks that last closed business date of loan is ""09 February 2022""\n    Then Admin checks that delinquency range is: ""RANGE_3"" and has delinquentDate ""2022-02-03""\n    Then Loan delinquency history has the following details:\n      | Range (Classification) | Added on date  | Lifted on date |\n      | RANGE_3                | 10 February 2022 |                |\n      | RANGE_1                | 04 February 2022 | 09 February 2022 |\n    When Admin sets the business date to ""12 February 2022""\n    When Admin runs COB job\n    Then Admin checks that last closed business date of loan is ""09 February 2022""\n    Then Loan delinquency history has the following details:\n      | Range (Classification) | Added on date  | Lifted on date |\n      | RANGE_3                | 10 February 2022 |                |\n      | RANGE_1                | 04 February 2022 | 09 February 2022 |\n\n  @TestRailId:C2793\n  Scenario: Verify that COB doesn’t touch CLOSED loans\n    When Admin sets the business date to ""01 January 2022""\n    When Admin creates a client with random data\n    When Admin creates a new default Loan with date: ""01 January 2022""\n    And Admin successfully approves the loan on ""01 January 2022"" with ""1000"" amount and expected disbursement date on ""01 January 2022""\n    When Admin successfully disburse the loan on ""01 January 2022"" with ""1000"" EUR transaction amount\n    Then Loan status will be ""ACTIVE""\n    Then Admin checks that last closed business date of loan is ""null""\n    When Admin sets the business date to ""10 February 2022""\n    When Admin runs inline COB job for Loan\n    Then Admin checks that last closed business date of loan is ""09 February 2022""\n    Then Admin checks that delinquency range is: ""RANGE_3"" and has delinquentDate ""2022-02-03""\n    Then Loan delinquency history has the following details:\n      | Range (Classification) | Added on date  | Lifted on date |\n      | RANGE_3                | 10 February 2022 |                |\n      | RANGE_1                | 04 February 2022 | 09 February 2022 |\n    And Customer makes ""AUTOPAY"" repayment on ""10 February 2022"" with 1000 EUR transaction amount\n    Then Loan status will be ""CLOSED_OBLIGATIONS_MET""\n    Then Admin checks that delinquency range is: ""NO_DELINQUENCY"" and has delinquentDate """"\n    Then Loan delinquency history has the following details:\n      | Range (Classification) | Added on date  | Lifted on date |\n      | RANGE_3                | 10 February 2022 | 10 February 2022 |\n      | RANGE_1                | 04 February 2022 | 09 February 2022 |\n    When Admin sets the business date to ""11 February 2022""\n    When Admin runs COB job\n    Then Admin checks that last closed business date of loan is ""09 February 2022""\n    Then Loan delinquency history has the following details:\n      | Range (Classification) | Added on date  | Lifted on date |\n      | RANGE_3                | 10 February 2022 | 10 February 2022 |\n      | RANGE_1                | 04 February 2022 | 09 February 2022 |\n\n  @TestRailId:C2794\n  Scenario: Verify that COB doesn’t touch OVERPAID loans\n    When Admin sets the business date to ""01 January 2022""\n    When Admin creates a client with random data\n    When Admin creates a new default Loan with date: ""01 January 2022""\n    And Admin successfully approves the loan on ""01 January 2022"" with ""1000"" amount and expected disbursement date on ""01 January 2022""\n    When Admin successfully disburse the loan on ""01 January 2022"" with ""1000"" EUR transaction amount\n    Then Loan status will be ""ACTIVE""\n    Then Admin checks that last closed business date of loan is ""null""\n    When Admin sets the business date to ""10 February 2022""\n    When Admin runs inline COB job for Loan\n    Then Admin checks that last closed business date of loan is ""09 February 2022""\n    Then Admin checks that delinquency range is: ""RANGE_3"" and has delinquentDate ""2022-02-03""\n    Then Loan delinquency history has the following details:\n      | Range (Classification) | Added on date  | Lifted on date |\n      | RANGE_3                | 10 February 2022 |                |\n      | RANGE_1                | 04 February 2022 | 09 February 2022 |\n    And Customer makes ""AUTOPAY"" repayment on ""10 February 2022"" with 1200 EUR transaction amount\n    Then Loan status will be ""OVERPAID""\n    Then Admin checks that delinquency range is: ""NO_DELINQUENCY"" and has delinquentDate """"\n    Then Loan delinquency history has the following details:\n      | Range (Classification) | Added on date  | Lifted on date |\n      | RANGE_3                | 10 February 2022 | 10 February 2022 |\n      | RANGE_1                | 04 February 2022 | 09 February 2022 |\n    When Admin sets the business date to ""11 February 2022""\n    When Admin runs COB job\n    Then Admin checks that last closed business date of loan is ""09 February 2022""\n    Then Loan delinquency history has the following details:\n      | Range (Classification) | Added on date  | Lifted on date |\n      | RANGE_3                | 10 February 2022 | 10 February 2022 |\n      | RANGE_1                | 04 February 2022 | 09 February 2022 |\n\n  @TestRailId:C2795\n  Scenario: Verify that COB catch up runs properly on loan which is behind date because of locked with error\n    When Admin sets the business date to ""01 January 2022""\n    When Admin creates a client with random data\n    When Admin creates a new default Loan with date: ""01 January 2022""\n    And Admin successfully approves the loan on ""01 January 2022"" with ""1000"" amount and expected disbursement date on ""01 January 2022""\n    When Admin successfully disburse the loan on ""01 January 2022"" with ""1000"" EUR transaction amount\n    Then Loan status will be ""ACTIVE""\n    Then Admin checks that last closed business date of loan is ""null""\n    When Admin sets the business date to ""02 January 2022""\n    When Admin runs COB job\n    Then Admin checks that last closed business date of loan is ""01 January 2022""\n    When Admin sets the business date to ""03 January 2022""\n    Then Admin places a lock on loan account with an error message\n    Then Admin checks that last closed business date of loan is ""01 January 2022""\n    When Admin sets the business date to ""05 January 2022""\n    Then Admin checks that last closed business date of loan is ""01 January 2022""\n    When Admin runs COB catch up\n    When Admin checks that Loan COB is running until the current business date\n    Then Admin checks that last closed business date of loan is ""04 January 2022""\n    And Customer makes ""AUTOPAY"" repayment on ""05 January 2022"" with 1000 EUR transaction amount\n    Then Loan status will be ""CLOSED_OBLIGATIONS_MET""\n\n  @TestRailId:C2796\n  Scenario: Verify that after COB runs there are no unreleased loan locks\n    When Admin sets the business date to ""01 January 2022""\n    When Admin creates a client with random data\n    When Admin creates a new default Loan with date: ""01 January 2022""\n    And Admin successfully approves the loan on ""01 January 2022"" with ""1000"" amount and expected disbursement date on ""01 January 2022""\n    When Admin successfully disburse the loan on ""01 January 2022"" with ""1000"" EUR transaction amount\n    Then Loan status will be ""ACTIVE""\n    Then Admin checks that last closed business date of loan is ""null""\n    When Admin sets the business date to ""02 January 2022""\n    When Admin runs COB job\n    Then The loan account is not locked\n\n  @TestRailId:C2797\n  Scenario: Verify that Inline COB is executed for stuck loans - when payment happened on a loan with last closed business date in the past, COB got executed before the repayment\n    When Admin sets the business date to ""01 January 2022""\n    When Admin creates a client with random data\n    When Admin creates a new default Loan with date: ""01 January 2022""\n    And Admin successfully approves the loan on ""01 January 2022"" with ""1000"" amount and expected disbursement date on ""01 January 2022""\n    When Admin successfully disburse the loan on ""01 January 2022"" with ""1000"" EUR transaction amount\n    Then Loan status will be ""ACTIVE""\n    Then Admin checks that last closed business date of loan is ""null""\n    When Admin sets the business date to ""02 January 2022""\n    When Admin runs COB job\n    Then Admin checks that last closed business date of loan is ""01 January 2022""\n    When Admin sets the business date to ""04 January 2022""\n    When Admin creates new user with ""NO_BYPASS_AUTOTEST"" username, ""NO_BYPASS_AUTOTEST_ROLE"" role name and given permissions:\n      | REPAYMENT_LOAN |\n    When Created user makes externalID controlled ""AUTOPAY"" repayment on ""04 January 2022"" with 500 EUR transaction amount\n    Then Admin checks that last closed business date of loan is ""03 January 2022""\n\n  @TestRailId:C2798\n  Scenario: Verify that Inline COB is executed for stuck loans - when payment happened on a locked loan COB got executed before the repayment\n    When Admin sets the business date to ""01 January 2022""\n    When Admin creates a client with random data\n    When Admin creates a new default Loan with date: ""01 January 2022""\n    And Admin successfully approves the loan on ""01 January 2022"" with ""1000"" amount and expected disbursement date on ""01 January 2022""\n    When Admin successfully disburse the loan on ""01 January 2022"" with ""1000"" EUR transaction amount\n    Then Loan status will be ""ACTIVE""\n    Then Admin checks that last closed business date of loan is ""null""\n    When Admin sets the business date to ""02 January 2022""\n    When Admin runs COB job\n    Then Admin checks that last closed business date of loan is ""01 January 2022""\n    When Admin places a lock on loan account with an error message\n    When Admin sets the business date to ""04 January 2022""\n    When Admin creates new user with ""NO_BYPASS_AUTOTEST"" username, ""NO_BYPASS_AUTOTEST_ROLE"" role name and given permissions:\n      | REPAYMENT_LOAN |\n    When Created user makes externalID controlled ""AUTOPAY"" repayment on ""04 January 2022"" with 500 EUR transaction amount\n    Then Admin checks that last closed business date of loan is ""03 January 2022""\n\n  @TestRailId:C3044 @AdvancedPaymentAllocation\n  Scenario: Verify that LoanAccountCustomSnapshotBusinessEvent is created with proper business date when installment is due date and COB runs\n    When Admin sets the business date to ""01 January 2022""\n    When Admin creates a client with random data\n    When Admin set ""LP2_DOWNPAYMENT_AUTO_ADVANCED_PAYMENT_ALLOCATION"" loan product ""DEFAULT"" transaction type to ""NEXT_INSTALLMENT"" future installment allocation rule\n    When Admin creates a fully customized loan with the following data:\n      | LoanProduct                                       | submitted on date | with Principal | ANNUAL interest rate % | interest type | interest calculation period | amortization type  | loanTermFrequency | loanTermFrequencyType | repaymentEvery | repaymentFrequencyType | numberOfRepayments | graceOnPrincipalPayment | graceOnInterestPayment | interest free period | Payment strategy            |\n      | LP2_DOWNPAYMENT_AUTO_ADVANCED_PAYMENT_ALLOCATION | 01 January 2022   | 1000           | 0                      | FLAT          | SAME_AS_REPAYMENT_PERIOD    | EQUAL_INSTALLMENTS | 45                | DAYS                  | 15             | DAYS                   | 3                  | 0                       | 0                      | 0                    | ADVANCED_PAYMENT_ALLOCATION |\n    And Admin successfully approves the loan on ""01 January 2022"" with ""1000"" amount and expected disbursement date on ""01 January 2022""\n    When Admin successfully disburse the loan on ""01 January 2022"" with ""1000"" EUR transaction amount\n    When Admin sets the business date to ""17 January 2022""\n    When Admin runs inline COB job for Loan\n    Then LoanAccountCustomSnapshotBusinessEvent is created with business date ""17 January 2022""\n\n  Scenario: COB removes an orphaned lock with no error on a loan already processed for that COB date\n    When Admin sets the business date to ""01 January 2022""\n    When Admin creates a client with random data\n    When Admin creates a new default Loan with date: ""01 January 2022""\n    And Admin successfully approves the loan on ""01 January 2022"" with ""1000"" amount and expected disbursement date on ""01 January 2022""\n    When Admin successfully disburse the loan on ""01 January 2022"" with ""1000"" EUR transaction amount\n    When Admin sets the business date to ""02 January 2022""\n    When Admin runs COB job\n    Then Admin checks that last closed business date of loan is ""01 January 2022""\n    When Admin places a lock on loan account WITHOUT an error message\n    When Admin runs COB job\n    Then The loan account is not locked\n    And Customer makes ""AUTOPAY"" repayment on ""02 January 2022"" with 1000 EUR transaction amount\n    Then Loan status will be ""CLOSED_OBLIGATIONS_MET""\n\n  Scenario: COB keeps a lock that carries an error message\n    When Admin sets the business date to ""01 January 2022""\n    When Admin creates a client with random data\n    When Admin creates a new default Loan with date: ""01 January 2022""\n    And Admin successfully approves the loan on ""01 January 2022"" with ""1000"" amount and expected disbursement date on ""01 January 2022""\n    When Admin successfully disburse the loan on ""01 January 2022"" with ""1000"" EUR transaction amount\n    When Admin sets the business date to ""02 January 2022""\n    When Admin runs COB job\n    Then Admin checks that last closed business date of loan is ""01 January 2022""\n    When Admin places a lock on loan account with an error message\n    When Admin runs COB job\n    Then The loan account is locked by chunk processing\n\n  Scenario: COB keeps a lock when the loan's last closed business date does not match the lock's COB date\n    When Admin sets the business date to ""01 January 2022""\n    When Admin creates a client with random data\n    When Admin creates a new default Loan with date: ""01 January 2022""\n    And Admin successfully approves the loan on ""01 January 2022"" with ""1000"" amount and expected disbursement date on ""01 January 2022""\n    When Admin successfully disburse the loan on ""01 January 2022"" with ""1000"" EUR transaction amount\n    When Admin sets the business date to ""02 January 2022""\n    When Admin runs COB job\n    Then Admin checks that last closed business date of loan is ""01 January 2022""\n    # Skip a few days so the lock's cob_date will be far ahead of the loan's last_closed_business_date.\n    # Even if the next COB advances last_closed by one day, it still won't reach the lock's cob_date.\n    When Admin sets the business date to ""05 January 2022""\n    When Admin places a lock on loan account WITHOUT an error message\n    When Admin runs COB job\n    Then The loan account is locked by chunk processing\n\n  Scenario: COB removes an orphaned inline-COB lock with no error on a loan already processed for that COB date\n    When Admin sets the business date to ""01 January 2022""\n    When Admin creates a client with random data\n    When Admin creates a new default Loan with date: ""01 January 2022""\n    And Admin successfully approves the loan on ""01 January 2022"" with ""1000"" amount and expected disbursement date on ""01 January 2022""\n    When Admin successfully disburse the loan on ""01 January 2022"" with ""1000"" EUR transaction amount\n    When Admin sets the business date to ""02 January 2022""\n    When Admin runs COB job\n    Then Admin checks that last closed business date of loan is ""01 January 2022""\n    When Admin places an inline COB lock on loan account WITHOUT an error message\n    When Admin runs COB job\n    Then The loan account is not locked\n\n  Scenario: COB keeps an inline-COB lock that carries an error message\n    When Admin sets the business date to ""01 January 2022""\n    When Admin creates a client with random data\n    When Admin creates a new default Loan with date: ""01 January 2022""\n    And Admin successfully approves the loan on ""01 January 2022"" with ""1000"" amount and expected disbursement date on ""01 January 2022""\n    When Admin successfully disburse the loan on ""01 January 2022"" with ""1000"" EUR transaction amount\n    When Admin sets the business date to ""02 January 2022""\n    When Admin runs COB job\n    Then Admin checks that last closed business date of loan is ""01 January 2022""\n    When Admin places an inline COB lock on loan account with an error message\n    When Admin runs COB job\n    Then The loan account is locked by chunk processing\n\n  Scenario: COB keeps a lock with NULL cob business date\n    # SQL filter requires `lock_placed_on_cob_business_date IS NOT NULL` — a lock with NULL date must never be removed\n    # (no proof exists that the loan was already processed for that date).\n    When Admin sets the business date to ""01 January 2022""\n    When Admin creates a client with random data\n    When Admin creates a new default Loan with date: ""01 January 2022""\n    And Admin successfully approves the loan on ""01 January 2022"" with ""1000"" amount and expected disbursement date on ""01 January 2022""\n    When Admin successfully disburse the loan on ""01 January 2022"" with ""1000"" EUR transaction amount\n    When Admin sets the business date to ""02 January 2022""\n    When Admin runs COB job\n    Then Admin checks that last closed business date of loan is ""01 January 2022""\n    When Admin places a lock on loan account WITHOUT an error message and null cob business date\n    When Admin runs COB job\n    Then The loan account is locked by chunk processing\n\n  Scenario: COB keeps a lock when cob business date is in the past relative to last closed date\n    # SQL uses `last_closed_business_date = lock_placed_on_cob_business_date` (strict equality), so a stale lock\n    # whose cob date already lags behind the loan's last_closed must remain — the date proves a *different* run.\n    When Admin sets the business date to ""01 January 2022""\n    When Admin creates a client with random data\n    When Admin creates a new default Loan with date: ""01 January 2022""\n    And Admin successfully approves the loan on ""01 January 2022"" with ""1000"" amount and expected disbursement date on ""01 January 2022""\n    When Admin successfully disburse the loan on ""01 January 2022"" with ""1000"" EUR transaction amount\n    When Admin sets the business date to ""02 January 2022""\n    When Admin runs COB job\n    Then Admin checks that last closed business date of loan is ""01 January 2022""\n    When Admin sets the business date to ""03 January 2022""\n    When Admin runs COB job\n    Then Admin checks that last closed business date of loan is ""02 January 2022""\n    # Loan's last_closed is now 02 Jan; place a lock that claims cob_date = 01 Jan (earlier) — must NOT be removed.\n    When Admin places a lock on loan account WITHOUT an error message and cob business date ""01 January 2022""\n    When Admin runs COB job\n    Then The loan account is locked by chunk processing\n\n  Scenario: COB removes only orphaned locks among multiple loans in the same run\n    # Two loans share the same COB run: the first one carries an orphaned lock (no error) and must be unlocked;\n    # the second one carries a lock with an error message and must remain locked. Verifies DELETE selectivity.\n    When Admin sets the business date to ""01 January 2022""\n    When Admin creates a client with random data\n    When Admin creates a new default Loan with date: ""01 January 2022""\n    And Admin successfully approves the loan on ""01 January 2022"" with ""1000"" amount and expected disbursement date on ""01 January 2022""\n    When Admin successfully disburse the loan on ""01 January 2022"" with ""1000"" EUR transaction amount\n    When Admin crates a second default loan with date: ""01 January 2022""\n    And Admin successfully approves the second loan on ""01 January 2022"" with ""1000"" amount and expected disbursement date on ""01 January 2022""\n    And Admin successfully disburse the second loan on ""01 January 2022"" with ""1000"" EUR transaction amount\n    When Admin sets the business date to ""02 January 2022""\n    When Admin runs COB job\n    Then Admin checks that last closed business date of loan is ""01 January 2022""\n    When Admin places a lock on loan account WITHOUT an error message\n    When Admin places a lock on second loan account with an error message\n    When Admin runs COB job\n    Then The loan account is not locked\n    Then The second loan account is locked by chunk processing\n"
104,Finance/Banking,Apache Fineract,WorkingCapitalDiscountAmortizationRecalculation.feature,https://github.com/apache/fineract/blob/develop/fineract-e2e-tests-runner/src/test/resources/features/WorkingCapitalDiscountAmortizationRecalculation.feature,"@WorkingCapitalDiscountFeeAmortizationRecalculationFeature\nFeature: Working Capital Discount Fee Amortization Recalculation\n\n  @TestRailId:C85360\n  Scenario: Multiple COB runs accumulate discount fee amortization correctly - UC1\n    When Admin sets the business date to ""01 January 2026""\n    And Admin creates a client with random data\n    And Admin creates a working capital loan with the following data:\n      | LoanProduct              | submittedOnDate | expectedDisbursementDate | principalAmount | totalPayment | periodPaymentRate | discount |\n      | WCLP_ADVANCED_ACCOUNTING | 01 January 2026 | 01 January 2026          | 9000            | 100000       | 18                | 0        |\n    And Admin successfully approves the working capital loan on ""01 January 2026"" with ""9000"" amount and expected disbursement date on ""01 January 2026""\n    And Admin successfully disburse the Working Capital loan on ""01 January 2026"" with ""9000"" EUR transaction amount\n    And Admin adds Discount fee with ""1000"" amount on Working Capital loan account for last disbursement\n    When Admin sets the business date to ""02 January 2026""\n    And Customer makes repayment on ""02 January 2026"" with 50 transaction amount on Working Capital loan\n    When Admin sets the business date to ""03 January 2026""\n    When Admin runs inline COB job for Working Capital Loan\n    And Working Capital Loan has transactions:\n      | transactionDate | type                      | transactionAmount | principalPortion | feeChargesPortion | penaltyChargesPortion | reversed |\n      | 01 January 2026 | Disbursement              | 9000.0            | 9000.0           | 0.0               | 0.0                   | false    |\n      | 01 January 2026 | Discount Fee              | 1000.0            | 1000.0           | 0.0               | 0.0                   | false    |\n      | 02 January 2026 | Repayment                 | 50.0              | 50.0             | 0.0               | 0.0                   | false    |\n      | 02 January 2026 | Discount Fee Amortization | 9.61              |                  |                   |                       | false    |\n    And Working capital loan account has the correct data:\n      | principal | totalPaidPrincipal | realizedIncome | unrealizedIncome | overpaymentAmount |\n      | 10000.0   | 50.0               | 9.61           | 990.39           | 0.0               |\n    And Customer makes repayment on ""03 January 2026"" with 50 transaction amount on Working Capital loan\n    When Admin sets the business date to ""04 January 2026""\n    When Admin runs inline COB job for Working Capital Loan\n    And Working Capital Loan has transactions:\n      | transactionDate | type                      | transactionAmount | principalPortion | feeChargesPortion | penaltyChargesPortion | reversed |\n      | 01 January 2026 | Disbursement              | 9000.0            | 9000.0           | 0.0               | 0.0                   | false    |\n      | 01 January 2026 | Discount Fee              | 1000.0            | 1000.0           | 0.0               | 0.0                   | false    |\n      | 02 January 2026 | Repayment                 | 50.0              | 50.0             | 0.0               | 0.0                   | false    |\n      | 02 January 2026 | Discount Fee Amortization | 9.61              |                  |                   |                       | false    |\n      | 03 January 2026 | Repayment                 | 50.0              | 50.0             | 0.0               | 0.0                   | false    |\n      | 03 January 2026 | Discount Fee Amortization | 9.57              |                  |                   |                       | false    |\n    And Working capital loan account has the correct data:\n      | principal | totalPaidPrincipal | realizedIncome | unrealizedIncome | overpaymentAmount |\n      | 10000.0   | 100.0              | 19.18          | 980.82           | 0.0               |\n    And Customer makes repayment on ""04 January 2026"" with 50 transaction amount on Working Capital loan\n    When Admin sets the business date to ""05 January 2026""\n    When Admin runs inline COB job for Working Capital Loan\n    And Working Capital Loan has transactions:\n      | transactionDate | type                      | transactionAmount | principalPortion | feeChargesPortion | penaltyChargesPortion | reversed |\n      | 01 January 2026 | Disbursement              | 9000.0            | 9000.0           | 0.0               | 0.0                   | false    |\n      | 01 January 2026 | Discount Fee              | 1000.0            | 1000.0           | 0.0               | 0.0                   | false    |\n      | 02 January 2026 | Repayment                 | 50.0              | 50.0             | 0.0               | 0.0                   | false    |\n      | 02 January 2026 | Discount Fee Amortization | 9.61              |                  |                   |                       | false    |\n      | 03 January 2026 | Repayment                 | 50.0              | 50.0             | 0.0               | 0.0                   | false    |\n      | 03 January 2026 | Discount Fee Amortization | 9.57              |                  |                   |                       | false    |\n      | 04 January 2026 | Repayment                 | 50.0              | 50.0             | 0.0               | 0.0                   | false    |\n      | 04 January 2026 | Discount Fee Amortization | 9.52              |                  |                   |                       | false    |\n    And Working capital loan account has the correct data:\n      | principal | totalPaidPrincipal | realizedIncome | unrealizedIncome | overpaymentAmount |\n      | 10000.0   | 150.0              | 28.7           | 971.3            | 0.0               |\n\n  @TestRailId:C85361\n  Scenario: Second COB run without new repayment does not produce a duplicate amortization transaction - UC2\n    When Admin sets the business date to ""01 January 2026""\n    And Admin creates a client with random data\n    And Admin creates a working capital loan with the following data:\n      | LoanProduct              | submittedOnDate | expectedDisbursementDate | principalAmount | totalPayment | periodPaymentRate | discount |\n      | WCLP_ADVANCED_ACCOUNTING | 01 January 2026 | 01 January 2026          | 9000            | 100000       | 18                | 0        |\n    And Admin successfully approves the working capital loan on ""01 January 2026"" with ""9000"" amount and expected disbursement date on ""01 January 2026""\n    And Admin successfully disburse the Working Capital loan on ""01 January 2026"" with ""9000"" EUR transaction amount\n    And Admin adds Discount fee with ""1000"" amount on Working Capital loan account for last disbursement\n    When Admin sets the business date to ""02 January 2026""\n    When Admin runs inline COB job for Working Capital Loan\n    And Customer makes repayment on ""02 January 2026"" with 50 transaction amount on Working Capital loan\n    When Admin sets the business date to ""03 January 2026""\n    When Admin runs inline COB job for Working Capital Loan\n    And Working Capital Loan has transactions:\n      | transactionDate | type                      | transactionAmount | principalPortion | feeChargesPortion | penaltyChargesPortion | reversed |\n      | 01 January 2026 | Disbursement              | 9000.0            | 9000.0           | 0.0               | 0.0                   | false    |\n      | 01 January 2026 | Discount Fee              | 1000.0            | 1000.0           | 0.0               | 0.0                   | false    |\n      | 02 January 2026 | Repayment                 | 50.0              | 50.0             | 0.0               | 0.0                   | false    |\n      | 02 January 2026 | Discount Fee Amortization | 9.61              |                  |                   |                       | false    |\n    And Working capital loan account has the correct data:\n      | principal | totalPaidPrincipal | realizedIncome | unrealizedIncome | overpaymentAmount |\n      | 10000.0   | 50.0               | 9.61           | 990.39           | 0.0               |\n    When Admin sets the business date to ""04 January 2026""\n    When Admin runs inline COB job for Working Capital Loan\n    And Working Capital Loan has transactions:\n      | transactionDate | type                      | transactionAmount | principalPortion | feeChargesPortion | penaltyChargesPortion | reversed |\n      | 01 January 2026 | Disbursement              | 9000.0            | 9000.0           | 0.0               | 0.0                   | false    |\n      | 01 January 2026 | Discount Fee              | 1000.0            | 1000.0           | 0.0               | 0.0                   | false    |\n      | 02 January 2026 | Repayment                 | 50.0              | 50.0             | 0.0               | 0.0                   | false    |\n      | 02 January 2026 | Discount Fee Amortization | 9.61              |                  |                   |                       | false    |\n    And Working capital loan account has the correct data:\n      | principal | totalPaidPrincipal | realizedIncome | unrealizedIncome | overpaymentAmount |\n      | 10000.0   | 50.0               | 9.61           | 990.39           | 0.0               |\n\n  @TestRailId:C85362\n  Scenario: Undo of discount fee adjustment recalculates realized income from net amortization transactions - UC3\n    When Admin sets the business date to ""01 January 2026""\n    And Admin creates a client with random data\n    And Admin creates a working capital loan with the following data:\n      | LoanProduct              | submittedOnDate | expectedDisbursementDate | principalAmount | totalPayment | periodPaymentRate | discount |\n      | WCLP_ADVANCED_ACCOUNTING | 01 January 2026 | 01 January 2026          | 9000            | 100000       | 18                | 0        |\n    And Admin successfully approves the working capital loan on ""01 January 2026"" with ""9000"" amount and expected disbursement date on ""01 January 2026""\n    And Admin successfully disburse the Working Capital loan on ""01 January 2026"" with ""9000"" EUR transaction amount\n    And Admin adds Discount fee with ""1000"" amount on Working Capital loan account for last disbursement\n    When Admin sets the business date to ""02 January 2026""\n    When Admin runs inline COB job for Working Capital Loan\n    And Customer makes repayment on ""02 January 2026"" with 50 transaction amount on Working Capital loan\n    When Admin sets the business date to ""03 January 2026""\n    When Admin runs inline COB job for Working Capital Loan\n    And Working Capital Loan has transactions:\n      | transactionDate | type                      | transactionAmount | principalPortion | feeChargesPortion | penaltyChargesPortion | reversed |\n      | 01 January 2026 | Disbursement              | 9000.0            | 9000.0           | 0.0               | 0.0                   | false    |\n      | 01 January 2026 | Discount Fee              | 1000.0            | 1000.0           | 0.0               | 0.0                   | false    |\n      | 02 January 2026 | Repayment                 | 50.0              | 50.0             | 0.0               | 0.0                   | false    |\n      | 02 January 2026 | Discount Fee Amortization | 9.61              |                  |                   |                       | false    |\n    And Working capital loan account has the correct data:\n      | principal | totalPaidPrincipal | realizedIncome | unrealizedIncome | overpaymentAmount |\n      | 10000.0   | 50.0               | 9.61           | 990.39           | 0.0               |\n    When Admin sets the business date to ""04 January 2026""\n    When Admin runs inline COB job for Working Capital Loan\n    And Admin adds Discount fee adjustment with ""500"" amount on transaction date ""04 January 2026"" on Working Capital loan account for last discount\n    And Working capital loan account has the correct data:\n      | principal | totalPaidPrincipal | realizedIncome | unrealizedIncome | overpaymentAmount |\n      | 9500.0    | 50.0               | 9.61           | 490.39           | 0.0               |\n    When Admin sets the business date to ""05 January 2026""\n    When Admin runs inline COB job for Working Capital Loan\n    And Working Capital Loan has transactions:\n      | transactionDate | type                                 | transactionAmount | principalPortion | feeChargesPortion | penaltyChargesPortion | reversed |\n      | 01 January 2026 | Disbursement                         | 9000.0            | 9000.0           | 0.0               | 0.0                   | false    |\n      | 01 January 2026 | Discount Fee                         | 1000.0            | 1000.0           | 0.0               | 0.0                   | false    |\n      | 02 January 2026 | Repayment                            | 50.0              | 50.0             | 0.0               | 0.0                   | false    |\n      | 02 January 2026 | Discount Fee Amortization            | 9.61              |                  |                   |                       | false    |\n      | 04 January 2026 | Discount Fee Adjustment              | 500.0             | 500.0            | 0.0               | 0.0                   | false    |\n      | 04 January 2026 | Discount Fee Amortization Adjustment | 4.47              |                  |                   |                       | false    |\n    Then Working Capital Loan Transactions tab has a ""DISCOUNT_FEE_AMORTIZATION_ADJUSTMENT"" transaction with date ""04 January 2026"" which has the following Journal entries:\n      | Type      | Account code | Account name              | Debit | Credit |\n      | INCOME    | 404000       | Interest Income           | 4.47  |        |\n      | LIABILITY | 240005       | Deferred Interest Revenue |       | 4.47   |\n    And Working capital loan account has the correct data:\n      | principal | totalPaidPrincipal | realizedIncome | unrealizedIncome | overpaymentAmount |\n      | 9500.0    | 50.0               | 5.14           | 494.86           | 0.0               |\n    When Admin undo the last Discount fee adjustment on Working Capital loan account\n    And Working Capital Loan has transactions:\n      | transactionDate | type                                 | transactionAmount | principalPortion | feeChargesPortion | penaltyChargesPortion | reversed |\n      | 01 January 2026 | Disbursement                         | 9000.0            | 9000.0           | 0.0               | 0.0                   | false    |\n      | 01 January 2026 | Discount Fee                         | 1000.0            | 1000.0           | 0.0               | 0.0                   | false    |\n      | 02 January 2026 | Repayment                            | 50.0              | 50.0             | 0.0               | 0.0                   | false    |\n      | 02 January 2026 | Discount Fee Amortization            | 9.61              |                  |                   |                       | false    |\n      | 04 January 2026 | Discount Fee Adjustment              | 500.0             | 500.0            | 0.0               | 0.0                   | true     |\n      | 04 January 2026 | Discount Fee Amortization Adjustment | 4.47              |                  |                   |                       | true     |\n    And Working capital loan account has the correct data:\n      | principal | totalPaidPrincipal | realizedIncome | unrealizedIncome | overpaymentAmount |\n      | 10000.0   | 50.0               | 9.61           | 990.39           | 0.0               |\n\n  @TestRailId:C85363\n  Scenario: Inline full discount recognition on loan close uses net amortization as base to compute remaining amount - UC4\n    When Admin sets the business date to ""01 January 2026""\n    And Admin creates a client with random data\n    And Admin creates a working capital loan with the following data:\n      | LoanProduct              | submittedOnDate | expectedDisbursementDate | principalAmount | totalPayment | periodPaymentRate | discount |\n      | WCLP_ADVANCED_ACCOUNTING | 01 January 2026 | 01 January 2026          | 9000            | 100000       | 18                | 0        |\n    And Admin successfully approves the working capital loan on ""01 January 2026"" with ""9000"" amount and expected disbursement date on ""01 January 2026""\n    And Admin successfully disburse the Working Capital loan on ""01 January 2026"" with ""9000"" EUR transaction amount\n    And Admin adds Discount fee with ""1000"" amount on Working Capital loan account for last disbursement\n    When Admin sets the business date to ""02 January 2026""\n    When Admin runs inline COB job for Working Capital Loan\n    And Customer makes repayment on ""02 January 2026"" with 50 transaction amount on Working Capital loan\n    When Admin sets the business date to ""03 January 2026""\n    When Admin runs inline COB job for Working Capital Loan\n    And Working Capital Loan has transactions:\n      | transactionDate | type                      | transactionAmount | principalPortion | feeChargesPortion | penaltyChargesPortion | reversed |\n      | 01 January 2026 | Disbursement              | 9000.0            | 9000.0           | 0.0               | 0.0                   | false    |\n      | 01 January 2026 | Discount Fee              | 1000.0            | 1000.0           | 0.0               | 0.0                   | false    |\n      | 02 January 2026 | Repayment                 | 50.0              | 50.0             | 0.0               | 0.0                   | false    |\n      | 02 January 2026 | Discount Fee Amortization | 9.61              |                  |                   |                       | false    |\n    And Working capital loan account has the correct data:\n      | principal | totalPaidPrincipal | realizedIncome | unrealizedIncome | overpaymentAmount |\n      | 10000.0   | 50.0               | 9.61           | 990.39           | 0.0               |\n    When Admin sets the business date to ""05 January 2026""\n    And Customer makes repayment on ""05 January 2026"" with 9950 transaction amount on Working Capital loan\n    Then Working Capital loan status will be ""CLOSED_OBLIGATIONS_MET""\n    And Working Capital Loan has transactions:\n      | transactionDate | type                      | transactionAmount | principalPortion | feeChargesPortion | penaltyChargesPortion | reversed |\n      | 01 January 2026 | Disbursement              | 9000.0            | 9000.0           | 0.0               | 0.0                   | false    |\n      | 01 January 2026 | Discount Fee              | 1000.0            | 1000.0           | 0.0               | 0.0                   | false    |\n      | 02 January 2026 | Repayment                 | 50.0              | 50.0             | 0.0               | 0.0                   | false    |\n      | 02 January 2026 | Discount Fee Amortization | 9.61              |                  |                   |                       | false    |\n      | 05 January 2026 | Repayment                 | 9950.0            | 9950.0           | 0.0               | 0.0                   | false    |\n      | 05 January 2026 | Discount Fee Amortization | 990.39            |                  |                   |                       | false    |\n    Then Working Capital Loan Transactions tab has a ""DISCOUNT_FEE_AMORTIZATION"" transaction with date ""05 January 2026"" which has the following Journal entries:\n      | Type      | Account code | Account name              | Debit  | Credit |\n      | INCOME    | 404000       | Interest Income           |        | 990.39 |\n      | LIABILITY | 240005       | Deferred Interest Revenue | 990.39 |        |\n    And Working capital loan account has the correct data:\n      | principal | totalPaidPrincipal | realizedIncome | unrealizedIncome | overpaymentAmount |\n      | 10000.0   | 10000.0            | 1000.0         | 0.0              | 0.0               |\n\n  @TestRailId:C85364\n  Scenario: Inline recognition on close produces amortization adjustment when discount was reduced below already-posted amount - UC4b\n    When Admin sets the business date to ""01 January 2026""\n    And Admin creates a client with random data\n    And Admin creates a working capital loan with the following data:\n      | LoanProduct              | submittedOnDate | expectedDisbursementDate | principalAmount | totalPayment | periodPaymentRate | discount |\n      | WCLP_ADVANCED_ACCOUNTING | 01 January 2026 | 01 January 2026          | 9000            | 100000       | 18                | 0        |\n    And Admin successfully approves the working capital loan on ""01 January 2026"" with ""9000"" amount and expected disbursement date on ""01 January 2026""\n    And Admin successfully disburse the Working Capital loan on ""01 January 2026"" with ""9000"" EUR transaction amount\n    And Admin adds Discount fee with ""1000"" amount on Working Capital loan account for last disbursement\n    When Admin sets the business date to ""02 January 2026""\n    When Admin runs inline COB job for Working Capital Loan\n    And Customer makes repayment on ""02 January 2026"" with 50 transaction amount on Working Capital loan\n    When Admin sets the business date to ""03 January 2026""\n    When Admin runs inline COB job for Working Capital Loan\n    And Working Capital Loan has transactions:\n      | transactionDate | type                      | transactionAmount | principalPortion | feeChargesPortion | penaltyChargesPortion | reversed |\n      | 01 January 2026 | Disbursement              | 9000.0            | 9000.0           | 0.0               | 0.0                   | false    |\n      | 01 January 2026 | Discount Fee              | 1000.0            | 1000.0           | 0.0               | 0.0                   | false    |\n      | 02 January 2026 | Repayment                 | 50.0              | 50.0             | 0.0               | 0.0                   | false    |\n      | 02 January 2026 | Discount Fee Amortization | 9.61              |                  |                   |                       | false    |\n    And Working capital loan account has the correct data:\n      | principal | totalPaidPrincipal | realizedIncome | unrealizedIncome | overpaymentAmount |\n      | 10000.0   | 50.0               | 9.61           | 990.39           | 0.0               |\n    When Admin sets the business date to ""04 January 2026""\n    When Admin runs inline COB job for Working Capital Loan\n    And Admin adds Discount fee adjustment with ""995"" amount on transaction date ""04 January 2026"" on Working Capital loan account for last discount\n    And Customer makes repayment on ""04 January 2026"" with 8955 transaction amount on Working Capital loan\n    Then Working Capital loan status will be ""CLOSED_OBLIGATIONS_MET""\n    And Working Capital Loan has transactions:\n      | transactionDate | type                                 | transactionAmount | principalPortion | feeChargesPortion | penaltyChargesPortion | reversed |\n      | 01 January 2026 | Disbursement                         | 9000.0            | 9000.0           | 0.0               | 0.0                   | false    |\n      | 01 January 2026 | Discount Fee                         | 1000.0            | 1000.0           | 0.0               | 0.0                   | false    |\n      | 02 January 2026 | Repayment                            | 50.0              | 50.0             | 0.0               | 0.0                   | false    |\n      | 02 January 2026 | Discount Fee Amortization            | 9.61              |                  |                   |                       | false    |\n      | 04 January 2026 | Discount Fee Adjustment              | 995.0             | 995.0            | 0.0               | 0.0                   | false    |\n      | 04 January 2026 | Repayment                            | 8955.0            | 8955.0           | 0.0               | 0.0                   | false    |\n      | 04 January 2026 | Discount Fee Amortization Adjustment | 4.61              |                  |                   |                       | false    |\n    Then Working Capital Loan Transactions tab has a ""DISCOUNT_FEE_AMORTIZATION_ADJUSTMENT"" transaction with date ""04 January 2026"" which has the following Journal entries:\n      | Type      | Account code | Account name              | Debit | Credit |\n      | INCOME    | 404000       | Interest Income           | 4.61  |        |\n      | LIABILITY | 240005       | Deferred Interest Revenue |       | 4.61   |\n    And Working capital loan account has the correct data:\n      | principal | totalPaidPrincipal | realizedIncome | unrealizedIncome | overpaymentAmount |\n      | 9005.0    | 9005.0             | 5.0            | 0.0              | 0.0               |\n\n  @TestRailId:C85365\n  Scenario: Second COB after amortization adjustment does not produce a duplicate transaction - UC5\n    When Admin sets the business date to ""01 January 2026""\n    And Admin creates a client with random data\n    And Admin creates a working capital loan with the following data:\n      | LoanProduct              | submittedOnDate | expectedDisbursementDate | principalAmount | totalPayment | periodPaymentRate | discount |\n      | WCLP_ADVANCED_ACCOUNTING | 01 January 2026 | 01 January 2026          | 9000            | 100000       | 18                | 0        |\n    And Admin successfully approves the working capital loan on ""01 January 2026"" with ""9000"" amount and expected disbursement date on ""01 January 2026""\n    And Admin successfully disburse the Working Capital loan on ""01 January 2026"" with ""9000"" EUR transaction amount\n    And Admin adds Discount fee with ""1000"" amount on Working Capital loan account for last disbursement\n    When Admin sets the business date to ""02 January 2026""\n    And Customer makes repayment on ""02 January 2026"" with 50 transaction amount on Working Capital loan\n    When Admin sets the business date to ""03 January 2026""\n    When Admin runs inline COB job for Working Capital Loan\n    And Working Capital Loan has transactions:\n      | transactionDate | type                      | transactionAmount | principalPortion | feeChargesPortion | penaltyChargesPortion | reversed |\n      | 01 January 2026 | Disbursement              | 9000.0            | 9000.0           | 0.0               | 0.0                   | false    |\n      | 01 January 2026 | Discount Fee              | 1000.0            | 1000.0           | 0.0               | 0.0                   | false    |\n      | 02 January 2026 | Repayment                 | 50.0              | 50.0             | 0.0               | 0.0                   | false    |\n      | 02 January 2026 | Discount Fee Amortization | 9.61              |                  |                   |                       | false    |\n    And Working capital loan account has the correct data:\n      | principal | totalPaidPrincipal | realizedIncome | unrealizedIncome | overpaymentAmount |\n      | 10000.0   | 50.0               | 9.61           | 990.39           | 0.0               |\n    When Admin sets the business date to ""04 January 2026""\n    When Admin runs inline COB job for Working Capital Loan\n    And Admin adds Discount fee adjustment with ""500"" amount on transaction date ""04 January 2026"" on Working Capital loan account for last discount\n    When Admin sets the business date to ""05 January 2026""\n    When Admin runs inline COB job for Working Capital Loan\n    And Working Capital Loan has transactions:\n      | transactionDate | type                                 | transactionAmount | principalPortion | feeChargesPortion | penaltyChargesPortion | reversed |\n      | 01 January 2026 | Disbursement                         | 9000.0            | 9000.0           | 0.0               | 0.0                   | false    |\n      | 01 January 2026 | Discount Fee                         | 1000.0            | 1000.0           | 0.0               | 0.0                   | false    |\n      | 02 January 2026 | Repayment                            | 50.0              | 50.0             | 0.0               | 0.0                   | false    |\n      | 02 January 2026 | Discount Fee Amortization            | 9.61              |                  |                   |                       | false    |\n      | 04 January 2026 | Discount Fee Adjustment              | 500.0             | 500.0            | 0.0               | 0.0                   | false    |\n      | 04 January 2026 | Discount Fee Amortization Adjustment | 4.47              |                  |                   |                       | false    |\n    And Working capital loan account has the correct data:\n      | principal | totalPaidPrincipal | realizedIncome | unrealizedIncome | overpaymentAmount |\n      | 9500.0    | 50.0               | 5.14           | 494.86           | 0.0               |\n    When Admin sets the business date to ""06 January 2026""\n    When Admin runs inline COB job for Working Capital Loan\n    And Working Capital Loan has transactions:\n      | transactionDate | type                                 | transactionAmount | principalPortion | feeChargesPortion | penaltyChargesPortion | reversed |\n      | 01 January 2026 | Disbursement                         | 9000.0            | 9000.0           | 0.0               | 0.0                   | false    |\n      | 01 January 2026 | Discount Fee                         | 1000.0            | 1000.0           | 0.0               | 0.0                   | false    |\n      | 02 January 2026 | Repayment                            | 50.0              | 50.0             | 0.0               | 0.0                   | false    |\n      | 02 January 2026 | D ... [TRUNCATED - EXCEEDS EXCEL LIMIT]"
105,Finance/Banking,Apache Fineract,infrastructure.springbatch.feature,https://github.com/apache/fineract/blob/develop/fineract-provider/src/test/resources/features/infrastructure/infrastructure.springbatch.feature,"#\n# Licensed to the Apache Software Foundation (ASF) under one\n# or more contributor license agreements. See the NOTICE file\n# distributed with this work for additional information\n# regarding copyright ownership. The ASF licenses this file\n# to you under the Apache License, Version 2.0 (the\n# ""License""); you may not use this file except in compliance\n# with the License. You may obtain a copy of the License at\n#\n# http://www.apache.org/licenses/LICENSE-2.0\n#\n# Unless required by applicable law or agreed to in writing,\n# software distributed under the License is distributed on an\n# ""AS IS"" BASIS, WITHOUT WARRANTIES OR CONDITIONS OF ANY\n# KIND, either express or implied. See the License for the\n# specific language governing permissions and limitations\n# under the License.\n#\n\nFeature: SpringBatch Infrastructure\n\n  @springbatch\n  Scenario: Verify that spring batch properties are read correctly for LOAN_COB\n    Given Property Service is initialized\n    When partition size is fetched for ""LOAN_COB""\n    When chunk size is fetched for ""LOAN_COB""\n    When retry limit is fetched for ""LOAN_COB""\n    Then partition size is 100\n    Then chunk size is 100\n    Then retry limit is 5\n\n  @springbatch\n  Scenario: Verify that spring batch default properties are read correctly for non-existing job\n    Given Property Service is initialized\n    When partition size is fetched for ""INVALID_JOB""\n    When chunk size is fetched for ""INVALID_JOB""\n    When retry limit is fetched for ""INVALID_JOB""\n    Then partition size is 1\n    Then chunk size is 1\n    Then retry limit is 1\n"
106,Finance/Banking,Apache Fineract,LoanAccrualTransaction.feature,https://github.com/apache/fineract/blob/develop/fineract-e2e-tests-runner/src/test/resources/features/LoanAccrualTransaction.feature,"@LoanAccrualFeature\nFeature: LoanAccrualTransaction\n\n  @TestRailId:C2647\n  Scenario: Verify that after COB job Accrual event is raised when loan has a fee-charge on disbursal date\n    When Admin sets the business date to ""01 January 2023""\n    When Admin creates a client with random data\n    When Admin creates a new default Loan with date: ""01 January 2023""\n    And Admin successfully approves the loan on ""01 January 2023"" with ""1000"" amount and expected disbursement date on ""01 January 2023""\n    When Admin successfully disburse the loan on ""01 January 2023"" with ""1000"" EUR transaction amount\n    When Admin adds ""LOAN_SNOOZE_FEE"" due date charge with ""01 January 2023"" due date and 10 EUR transaction amount\n    When Admin sets the business date to ""02 January 2023""\n    When Admin runs inline COB job for Loan\n    Then Loan Transactions tab has a transaction with date: ""01 January 2023"", and with the following data:\n      | Transaction Type | Amount | Principal | Interest | Fees | Penalties | Loan Balance |\n      | Accrual          | 10.0   | 0.0       | 0.0      | 10.0 | 0.0       | 0.0          |\n    Then LoanAccrualTransactionCreatedBusinessEvent is raised on ""01 January 2023""\n\n  @TestRailId:C2648\n  Scenario: Verify that after COB job Accrual event is raised when loan has a fee-charge on disbursal date with partial repayment\n    When Admin sets the business date to ""01 January 2023""\n    When Admin creates a client with random data\n    When Admin creates a new default Loan with date: ""01 January 2023""\n    And Admin successfully approves the loan on ""01 January 2023"" with ""1000"" amount and expected disbursement date on ""01 January 2023""\n    When Admin successfully disburse the loan on ""01 January 2023"" with ""1000"" EUR transaction amount\n    When Admin adds ""LOAN_SNOOZE_FEE"" due date charge with ""01 January 2023"" due date and 10 EUR transaction amount\n    And Customer makes ""AUTOPAY"" repayment on ""01 January 2023"" with 500 EUR transaction amount\n    When Admin sets the business date to ""02 January 2023""\n    When Admin runs inline COB job for Loan\n    Then Loan Transactions tab has a transaction with date: ""01 January 2023"", and with the following data:\n      | Transaction Type | Amount | Principal | Interest | Fees | Penalties | Loan Balance |\n      | Accrual          | 10.0   | 0.0       | 0.0      | 10.0 | 0.0       | 0.0          |\n    Then LoanAccrualTransactionCreatedBusinessEvent is raised on ""01 January 2023""\n\n  @TestRailId:C2649\n  Scenario: Verify that after COB job Accrual event is raised when loan has a fee-charge on disbursal date with full repayment and loan is closed\n    When Admin sets the business date to ""01 January 2023""\n    When Admin creates a client with random data\n    When Admin creates a new default Loan with date: ""01 January 2023""\n    And Admin successfully approves the loan on ""01 January 2023"" with ""1000"" amount and expected disbursement date on ""01 January 2023""\n    When Admin successfully disburse the loan on ""01 January 2023"" with ""1000"" EUR transaction amount\n    When Admin adds ""LOAN_SNOOZE_FEE"" due date charge with ""01 January 2023"" due date and 10 EUR transaction amount\n    When Admin sets the business date to ""02 January 2023""\n    And Customer makes ""AUTOPAY"" repayment on ""02 January 2023"" with 1010 EUR transaction amount\n    Then Loan status will be ""CLOSED_OBLIGATIONS_MET""\n    Then Loan Transactions tab has a transaction with date: ""02 January 2023"", and with the following data:\n      | Transaction Type | Amount | Principal | Interest | Fees | Penalties | Loan Balance |\n      | Accrual          | 10.0   | 0.0       | 0.0      | 10.0 | 0.0       | 0.0          |\n    Then LoanAccrualTransactionCreatedBusinessEvent is raised on ""02 January 2023""\n\n  @TestRailId:C2650\n  Scenario: Verify that after COB job Accrual event is raised when loan has a fee-charge added with chargeback\n    When Admin sets the business date to ""01 January 2023""\n    When Admin creates a client with random data\n    When Admin creates a new default Loan with date: ""01 January 2023""\n    And Admin successfully approves the loan on ""01 January 2023"" with ""1000"" amount and expected disbursement date on ""01 January 2023""\n    When Admin successfully disburse the loan on ""01 January 2023"" with ""1000"" EUR transaction amount\n    When Admin sets the business date to ""02 January 2023""\n    And Customer makes ""AUTOPAY"" repayment on ""02 January 2023"" with 250 EUR transaction amount\n    When Admin sets the business date to ""03 January 2023""\n    And Customer makes ""AUTOPAY"" repayment on ""03 January 2023"" with 250 EUR transaction amount\n    When Admin adds ""LOAN_SNOOZE_FEE"" due date charge with ""04 January 2023"" due date and 10 EUR transaction amount\n    When Admin sets the business date to ""04 January 2023""\n    And Admin runs inline COB job for Loan\n    When Admin sets the business date to ""05 January 2023""\n    And Customer makes ""AUTOPAY"" repayment on ""05 January 2023"" with 510 EUR transaction amount\n    Then Loan has 0 outstanding amount\n    Then LoanAccrualTransactionCreatedBusinessEvent is raised on ""05 January 2023""\n    Then Loan Transactions tab has a transaction with date: ""05 January 2023"", and with the following data:\n      | Transaction Type | Amount | Principal | Interest | Fees | Penalties | Loan Balance |\n      | Accrual          | 10.0   | 0.0       | 0.0      | 10.0 | 0.0       | 0.0          |\n    And Admin makes ""REPAYMENT_ADJUSTMENT_CHARGEBACK"" chargeback with 250 EUR transaction amount for Payment nr. 2\n    Then Loan has 250 outstanding amount\n\n  @TestRailId:C2651\n  Scenario: Verify that after periodic accrual transaction job accrual event is raised when loan has a fee-charge added with waive charge and undo waive charge\n    When Admin sets the business date to ""01 January 2023""\n    When Admin creates a client with random data\n    And Admin successfully creates a new customised Loan submitted on date: ""01 January 2023"", with Principal: ""750"", a loanTermFrequency: 3 months, and numberOfRepayments: 3\n    And Admin successfully approves the loan on ""01 January 2023"" with ""750"" amount and expected disbursement date on ""01 January 2023""\n    When Admin successfully disburse the loan on ""01 January 2023"" with ""750"" EUR transaction amount\n    When Admin sets the business date to ""01 February 2023""\n    And Customer makes ""AUTOPAY"" repayment on ""01 February 2023"" with 250 EUR transaction amount\n    When Admin sets the business date to ""01 March 2023""\n    And Customer makes ""AUTOPAY"" repayment on ""01 March 2023"" with 250 EUR transaction amount\n    When Admin sets the business date to ""01 April 2023""\n    And Customer makes ""AUTOPAY"" repayment on ""01 April 2023"" with 250 EUR transaction amount\n    When Customer makes a repayment undo on ""01 April 2023""\n    When Admin sets the business date to ""05 April 2023""\n    And Admin adds an NSF fee because of payment bounce with ""05 April 2023"" transaction date\n    When Admin sets the business date to ""07 April 2023""\n    And Admin waives charge\n    When Admin sets the business date to ""08 April 2023""\n    And Admin makes waive undone for charge\n    Then Loan status will be ""ACTIVE""\n    Then Loan has 260 outstanding amount\n    And Admin runs the Add Periodic Accrual Transactions job\n    Then Loan Transactions tab has a transaction with date: ""05 April 2023"", and with the following data:\n      | Transaction Type | Amount | Principal | Interest | Fees | Penalties | Loan Balance |\n      | Accrual          | 10.0   | 0.0       | 0.0      | 0.0  | 10.0      | 0.0          |\n    Then LoanAccrualTransactionCreatedBusinessEvent is raised on ""05 April 2023""\n\n  @TestRailId:C2652\n  Scenario: Verify that after periodic accrual transaction job accrual event is raised when loan has a fee-charge added when loan is closed\n    When Admin sets the business date to ""01 January 2023""\n    When Admin creates a client with random data\n    When Admin creates a new default Loan with date: ""01 January 2023""\n    And Admin successfully approves the loan on ""01 January 2023"" with ""1000"" amount and expected disbursement date on ""01 January 2023""\n    When Admin successfully disburse the loan on ""01 January 2023"" with ""1000"" EUR transaction amount\n    When Admin sets the business date to ""02 January 2023""\n    And Customer makes ""AUTOPAY"" repayment on ""02 January 2023"" with 1000 EUR transaction amount\n    Then Loan status will be ""CLOSED_OBLIGATIONS_MET""\n    When Admin adds ""LOAN_SNOOZE_FEE"" due date charge with ""02 January 2023"" due date and 10 EUR transaction amount\n    And Admin runs the Add Periodic Accrual Transactions job\n    Then Loan Transactions tab has a transaction with date: ""02 January 2023"", and with the following data:\n      | Transaction Type | Amount | Principal | Interest | Fees | Penalties | Loan Balance |\n      | Accrual          | 10.0   | 0.0       | 0.0      | 10.0 | 0.0       | 0.0          |\n    Then LoanAccrualTransactionCreatedBusinessEvent is raised on ""02 January 2023""\n\n  @TestRailId:C2653\n  Scenario: Verify that after disbursement and COB job Accrual event is raised when loan has a interest recalculation\n    When Admin sets the business date to ""01 January 2023""\n    When Admin creates a client with random data\n    When Admin creates a fully customized loan with the following data:\n      | LoanProduct                                                         | submitted on date | with Principal | ANNUAL interest rate % | interest type     | interest calculation period | amortization type  | loanTermFrequency | loanTermFrequencyType | repaymentEvery | repaymentFrequencyType | numberOfRepayments | graceOnPrincipalPayment | graceOnInterestPayment | interest free period | Payment strategy                        |\n      | LP1_INTEREST_DECLINING_BALANCE_DAILY_RECALCULATION_COMPOUNDING_NONE | 01 January 2023   | 5000           | 12                     | DECLINING_BALANCE | DAILY                       | EQUAL_INSTALLMENTS | 6                 | MONTHS                | 1              | MONTHS                 | 6                  | 0                       | 0                      | 0                    | PENALTIES_FEES_INTEREST_PRINCIPAL_ORDER |\n    And Admin successfully approves the loan on ""01 January 2023"" with ""5000"" amount and expected disbursement date on ""01 January 2023""\n    When Admin successfully disburse the loan on ""01 January 2023"" with ""5000"" EUR transaction amount\n    When Admin sets the business date to ""02 January 2023""\n    When Admin runs the Add Periodic Accrual Transactions job\n    Then Loan Transactions tab has a transaction with date: ""02 January 2023"", and with the following data:\n      | Transaction Type | Amount | Principal | Interest | Fees | Penalties | Loan Balance |\n      | Accrual          | 1.64   | 0.0       | 1.64     | 0.0  | 0.0       | 0.0          |\n    Then LoanAccrualTransactionCreatedBusinessEvent is raised on ""02 January 2023""\n\n  @TestRailId:C2654\n  Scenario: Verify that after loan is closed accrual event is raised when loan has a interest recalculation\n    When Admin sets the business date to ""01 January 2023""\n    When Admin creates a client with random data\n    When Admin creates a fully customized loan with the following data:\n      | LoanProduct                                                         | submitted on date | with Principal | ANNUAL interest rate % | interest type     | interest calculation period | amortization type  | loanTermFrequency | loanTermFrequencyType | repaymentEvery | repaymentFrequencyType | numberOfRepayments | graceOnPrincipalPayment | graceOnInterestPayment | interest free period | Payment strategy                        |\n      | LP1_INTEREST_DECLINING_BALANCE_DAILY_RECALCULATION_COMPOUNDING_NONE | 01 January 2023   | 1000           | 12                     | DECLINING_BALANCE | DAILY                       | EQUAL_INSTALLMENTS | 1                 | MONTHS                | 1              | MONTHS                 | 1                  | 0                       | 0                      | 0                    | PENALTIES_FEES_INTEREST_PRINCIPAL_ORDER |\n    And Admin successfully approves the loan on ""01 January 2023"" with ""1000"" amount and expected disbursement date on ""01 January 2023""\n    When Admin successfully disburse the loan on ""01 January 2023"" with ""1000"" EUR transaction amount\n    When Admin sets the business date to ""02 January 2023""\n    And Customer makes ""AUTOPAY"" repayment on ""02 January 2023"" with 1000.33 EUR transaction amount\n    Then Loan status will be ""CLOSED_OBLIGATIONS_MET""\n    Then Loan Transactions tab has a transaction with date: ""02 January 2023"", and with the following data:\n      | Transaction Type | Amount | Principal | Interest | Fees | Penalties | Loan Balance |\n      | Accrual          | 0.33   | 0.0       | 0.33     | 0.0  | 0.0       | 0.0          |\n    Then LoanAccrualTransactionCreatedBusinessEvent is raised on ""02 January 2023""\n\n  @TestRailId:C2683\n  Scenario: Verify that the final accrual is created when the loan goes to overpaid state\n    When Admin sets the business date to ""1 July 2023""\n    When Admin creates a client with random data\n    And Admin successfully creates a new customised Loan submitted on date: ""1 July 2023"", with Principal: ""5000"", a loanTermFrequency: 1 months, and numberOfRepayments: 1\n    And Admin successfully approves the loan on ""1 July 2023"" with ""5000"" amount and expected disbursement date on ""1 July 2023""\n    And Admin successfully disburse the loan on ""1 July 2023"" with ""5000"" EUR transaction amount\n    When Admin adds ""LOAN_SNOOZE_FEE"" due date charge with ""10 July 2023"" due date and 10 EUR transaction amount\n    When Admin sets the business date to ""6 July 2023""\n    And Customer makes ""AUTOPAY"" repayment on ""6 July 2023"" with 5011 EUR transaction amount\n    Then Loan status will be ""OVERPAID""\n    Then Loan Repayment schedule has 1 periods, with the following data for periods:\n      | Nr | Days | Date           | Paid date    | Balance of loan | Principal due | Interest | Fees | Penalties | Due    | Paid   | In advance | Late | Outstanding |\n      |    |      | 01 July 2023   |              | 5000.0          |               |          | 0.0  |           | 0.0    | 0.0    |            |      |             |\n      | 1  | 31   | 01 August 2023 | 06 July 2023 | 0.0             | 5000.0        | 0.0      | 10.0 | 0.0       | 5010.0 | 5010.0 | 5010.0     | 0.0  | 0.0         |\n    Then Loan Repayment schedule has the following data in Total row:\n      | Principal due | Interest | Fees | Penalties | Due  | Paid | In advance | Late | Outstanding |\n      | 5000          | 0        | 10   | 0         | 5010 | 5010 | 5010       | 0    | 0           |\n    Then Loan Transactions tab has the following data:\n      | Transaction date | Transaction Type | Amount | Principal | Interest | Fees | Penalties | Loan Balance |\n      | 01 July 2023     | Disbursement     | 5000.0 | 0.0       | 0.0      | 0.0  | 0.0       | 5000.0       |\n      | 06 July 2023     | Accrual          | 10.0   | 0.0       | 0.0      | 10.0 | 0.0       | 0.0          |\n      | 06 July 2023     | Repayment        | 5011.0 | 5000.0    | 0.0      | 10.0 | 0.0       | 0.0          |\n\n  @TestRailId:C2684\n  Scenario: Verify that the accrual transaction correctly created in case a CBR is applied on the loan\n    When Admin sets the business date to ""1 July 2023""\n    When Admin creates a client with random data\n    And Admin successfully creates a new customised Loan submitted on date: ""1 July 2023"", with Principal: ""5000"", a loanTermFrequency: 1 months, and numberOfRepayments: 1\n    And Admin successfully approves the loan on ""1 July 2023"" with ""5000"" amount and expected disbursement date on ""1 July 2023""\n    And Admin successfully disburse the loan on ""1 July 2023"" with ""5000"" EUR transaction amount\n    When Admin adds ""LOAN_SNOOZE_FEE"" due date charge with ""10 July 2023"" due date and 10 EUR transaction amount\n    When Admin sets the business date to ""6 July 2023""\n    And Customer makes ""AUTOPAY"" repayment on ""6 July 2023"" with 5011 EUR transaction amount\n    Then Loan status will be ""OVERPAID""\n    Then Loan Repayment schedule has 1 periods, with the following data for periods:\n      | Nr | Days | Date           | Paid date    | Balance of loan | Principal due | Interest | Fees | Penalties | Due    | Paid   | In advance | Late | Outstanding |\n      |    |      | 01 July 2023   |              | 5000.0          |               |          | 0.0  |           | 0.0    | 0.0    |            |      |             |\n      | 1  | 31   | 01 August 2023 | 06 July 2023 | 0.0             | 5000.0        | 0.0      | 10.0 | 0.0       | 5010.0 | 5010.0 | 5010.0     | 0.0  | 0.0         |\n    Then Loan Repayment schedule has the following data in Total row:\n      | Principal due | Interest | Fees | Penalties | Due  | Paid | In advance | Late | Outstanding |\n      | 5000          | 0        | 10   | 0         | 5010 | 5010 | 5010       | 0    | 0           |\n    Then Loan Transactions tab has the following data:\n      | Transaction date | Transaction Type | Amount | Principal | Interest | Fees | Penalties | Loan Balance |\n      | 01 July 2023     | Disbursement     | 5000.0 | 0.0       | 0.0      | 0.0  | 0.0       | 5000.0       |\n      | 06 July 2023     | Accrual          | 10.0   | 0.0       | 0.0      | 10.0 | 0.0       | 0.0          |\n      | 06 July 2023     | Repayment        | 5011.0 | 5000.0    | 0.0      | 10.0 | 0.0       | 0.0          |\n    When Admin makes Credit Balance Refund transaction on ""06 July 2023"" with 1 EUR transaction amount\n    Then Loan status will be ""CLOSED_OBLIGATIONS_MET""\n    Then Loan Repayment schedule has 1 periods, with the following data for periods:\n      | Nr | Days | Date           | Paid date    | Balance of loan | Principal due | Interest | Fees | Penalties | Due    | Paid   | In advance | Late | Outstanding |\n      |    |      | 01 July 2023   |              | 5000.0          |               |          | 0.0  |           | 0.0    | 0.0    |            |      |             |\n      | 1  | 31   | 01 August 2023 | 06 July 2023 | 0.0             | 5000.0        | 0.0      | 10.0 | 0.0       | 5010.0 | 5010.0 | 5010.0     | 0.0  | 0.0         |\n    Then Loan Repayment schedule has the following data in Total row:\n      | Principal due | Interest | Fees | Penalties | Due  | Paid | In advance | Late | Outstanding |\n      | 5000          | 0        | 10   | 0         | 5010 | 5010 | 5010       | 0    | 0           |\n    Then Loan Transactions tab has the following data:\n      | Transaction date | Transaction Type      | Amount | Principal | Interest | Fees | Penalties | Loan Balance |\n      | 01 July 2023     | Disbursement          | 5000.0 | 0.0       | 0.0      | 0.0  | 0.0       | 5000.0       |\n      | 06 July 2023     | Accrual               | 10.0   | 0.0       | 0.0      | 10.0 | 0.0       | 0.0          |\n      | 06 July 2023     | Repayment             | 5011.0 | 5000.0    | 0.0      | 10.0 | 0.0       | 0.0          |\n      | 06 July 2023     | Credit Balance Refund | 1.0    | 0.0       | 0.0      | 0.0  | 0.0       | 0.0          |\n\n  @TestRailId:C2685\n  Scenario: Verify that the accrual transaction correctly created (overpay, undo repayment, overpay)\n    When Admin sets the business date to ""1 July 2023""\n    When Admin creates a client with random data\n    And Admin successfully creates a new customised Loan submitted on date: ""1 July 2023"", with Principal: ""5000"", a loanTermFrequency: 1 months, and numberOfRepayments: 1\n    And Admin successfully approves the loan on ""1 July 2023"" with ""5000"" amount and expected disbursement date on ""1 July 2023""\n    And Admin successfully disburse the loan on ""1 July 2023"" with ""5000"" EUR transaction amount\n    When Admin adds ""LOAN_SNOOZE_FEE"" due date charge with ""10 July 2023"" due date and 10 EUR transaction amount\n    When Admin sets the business date to ""5 July 2023""\n    And Customer makes ""AUTOPAY"" repayment on ""5 July 2023"" with 1000 EUR transaction amount\n    When Admin sets the business date to ""6 July 2023""\n    And Customer makes ""AUTOPAY"" repayment on ""6 July 2023"" with 4011 EUR transaction amount\n    Then Loan status will be ""OVERPAID""\n    Then Loan Repayment schedule has 1 periods, with the following data for periods:\n      | Nr | Days | Date           | Paid date    | Balance of loan | Principal due | Interest | Fees | Penalties | Due    | Paid   | In advance | Late | Outstanding |\n      |    |      | 01 July 2023   |              | 5000.0          |               |          | 0.0  |           | 0.0    | 0.0    |            |      |             |\n      | 1  | 31   | 01 August 2023 | 06 July 2023 | 0.0             | 5000.0        | 0.0      | 10.0 | 0.0       | 5010.0 | 5010.0 | 5010.0     | 0.0  | 0.0         |\n    Then Loan Repayment schedule has the following data in Total row:\n      | Principal due | Interest | Fees | Penalties | Due  | Paid | In advance | Late | Outstanding |\n      | 5000          | 0        | 10   | 0         | 5010 | 5010 | 5010       | 0    | 0           |\n    Then Loan Transactions tab has the following data:\n      | Transaction date | Transaction Type | Amount | Principal | Interest | Fees | Penalties | Loan Balance |\n      | 01 July 2023     | Disbursement     | 5000.0 | 0.0       | 0.0      | 0.0  | 0.0       | 5000.0       |\n      | 05 July 2023     | Repayment        | 1000.0 | 990.0     | 0.0      | 10.0 | 0.0       | 4010.0       |\n      | 06 July 2023     | Repayment        | 4011.0 | 4010.0    | 0.0      | 0.0  | 0.0       | 0.0          |\n      | 06 July 2023     | Accrual          | 10.0   | 0.0       | 0.0      | 10.0 | 0.0       | 0.0          |\n    And Customer makes a repayment undo on ""6 July 2023""\n    Then Loan status will be ""ACTIVE""\n    When Admin sets the business date to ""7 July 2023""\n    And Customer makes ""AUTOPAY"" repayment on ""7 July 2023"" with 4011 EUR transaction amount\n    Then Loan status will be ""OVERPAID""\n    Then Loan Repayment schedule has 1 periods, with the following data for periods:\n      | Nr | Days | Date           | Paid date    | Balance of loan | Principal due | Interest | Fees | Penalties | Due    | Paid   | In advance | Late | Outstanding |\n      |    |      | 01 July 2023   |              | 5000.0          |               |          | 0.0  |           | 0.0    | 0.0    |            |      |             |\n      | 1  | 31   | 01 August 2023 | 07 July 2023 | 0.0             | 5000.0        | 0.0      | 10.0 | 0.0       | 5010.0 | 5010.0 | 5010.0     | 0.0  | 0.0         |\n    Then Loan Repayment schedule has the following data in Total row:\n      | Principal due | Interest | Fees | Penalties | Due  | Paid | In advance | Late | Outstanding |\n      | 5000          | 0        | 10   | 0         | 5010 | 5010 | 5010       | 0    | 0           |\n    Then Loan Transactions tab has the following data:\n      | Transaction date | Transaction Type | Amount | Principal | Interest | Fees | Penalties | Loan Balance |\n      | 01 July 2023     | Disbursement     | 5000.0 | 0.0       | 0.0      | 0.0  | 0.0       | 5000.0       |\n      | 05 July 2023     | Repayment        | 1000.0 | 990.0     | 0.0      | 10.0 | 0.0       | 4010.0       |\n      | 06 July 2023     | Repayment        | 4011.0 | 4010.0    | 0.0      | 0.0  | 0.0       | 0.0          |\n      | 06 July 2023     | Accrual          | 10.0   | 0.0       | 0.0      | 10.0 | 0.0       | 0.0          |\n      | 07 July 2023     | Repayment        | 4011.0 | 4010.0    | 0.0      | 0.0  | 0.0       | 0.0          |\n\n  @TestRailId:C2686\n  Scenario: Verify that the accrual transaction correctly created (overpay, undo repayment, add charge, overpay)\n    When Admin sets the business date to ""1 July 2023""\n    When Admin creates a client with random data\n    And Admin successfully creates a new customised Loan submitted on date: ""1 July 2023"", with Principal: ""5000"", a loanTermFrequency: 1 months, and numberOfRepayments: 1\n    And Admin successfully approves the loan on ""1 July 2023"" with ""5000"" amount and expected disbursement date on ""1 July 2023""\n    And Admin successfully disburse the loan on ""1 July 2023"" with ""5000"" EUR transaction amount\n    When Admin adds ""LOAN_SNOOZE_FEE"" due date charge with ""10 July 2023"" due date and 10 EUR transaction amount\n    When Admin sets the business date to ""5 July 2023""\n    And Customer makes ""AUTOPAY"" repayment on ""5 July 2023"" with 1000 EUR transaction amount\n    When Admin sets the business date to ""6 July 2023""\n    And Customer makes ""AUTOPAY"" repayment on ""6 July 2023"" with 4011 EUR transaction amount\n    Then Loan status will be ""OVERPAID""\n    Then Loan Repayment schedule has 1 periods, with the following data for periods:\n      | Nr | Days | Date           | Paid date    | Balance of loan | Principal due | Interest | Fees | Penalties | Due    | Paid   | In advance | Late | Outstanding |\n      |    |      | 01 July 2023   |              | 5000.0          |               |          | 0.0  |           | 0.0    | 0.0    |            |      |             |\n      | 1  | 31   | 01 August 2023 | 06 July 2023 | 0.0             | 5000.0        | 0.0      | 10.0 | 0.0       | 5010.0 | 5010.0 | 5010.0     | 0.0  | 0.0         |\n    Then Loan Repayment schedule has the following data in Total row:\n      | Principal due | Interest | Fees | Penalties | Due  | Paid | In advance | Late | Outstanding |\n      | 5000          | 0        | 10   | 0         | 5010 | 5010 | 5010       | 0    | 0           |\n    Then Loan Transactions tab has the following data:\n      | Transaction date | Transaction Type | Amount | Principal | Interest | Fees | Penalties | Loan Balance |\n      | 01 July 2023     | Disbursement     | 5000.0 | 0.0       | 0.0      | 0.0  | 0.0       | 5000.0       |\n      | 05 July 2023     | Repayment        | 1000.0 | 990.0     | 0.0      | 10.0 | 0.0       | 4010.0       |\n      | 06 July 2023     | Repayment        | 4011.0 | 4010.0    | 0.0      | 0.0  | 0.0       | 0.0          |\n      | 06 July 2023     | Accrual          | 10.0   | 0.0       | 0.0      | 10.0 | 0.0       | 0.0          |\n    And Customer makes a repayment undo on ""6 July 2023""\n    Then Loan status will be ""ACTIVE""\n    When Admin sets the business date to ""7 July 2023""\n    When Admin adds ""LOAN_SNOOZE_FEE"" due date charge with ""20 July 2023"" due date and 50 EUR transaction amount\n    And Customer makes ""AUTOPAY"" repayment on ""7 July 2023"" with 4061 EUR transaction amount\n    Then Loan status will be ""OVERPAID""\n    Then Loan Repayment schedule has 1 periods, with the following data for periods:\n      | Nr | Days | Date           | Paid date    | Balance of loan | Principal due | Interest | Fees | Penalties | Due    | Paid   | In advance | Late | Outstanding |\n      |    |      | 01 July 2023   |              | 5000.0          |               |          | 0.0  |           | 0.0    | 0.0    |            |      |             |\n      | 1  | 31   | 01 August 2023 | 07 July 2023 | 0.0             | 5000.0        | 0.0      | 60.0 | 0.0       | 5060.0 | 5060.0 | 5060.0     | 0.0  | 0.0         |\n    Then Loan Repayment schedule has the following data in Total row:\n      | Principal due | Interest | Fees | Penalties | Due  | Paid | In advance | Late | Outstanding |\n      | 5000          | 0        | 60   | 0         | 5060 | 5060 | 5060       | 0    | 0           |\n    Then Loan Transactions tab has the following data:\n      | Transaction date | Transaction Type | Amount | Principal | Interest | Fees | Penalties | Loan Balance |\n      | 01 July 2023     | Disbursement     | 5000.0 | 0.0       | 0.0      | 0.0  | 0.0       | 5000.0       |\n      | 05 July 2023     | Repayment        | 1000.0 | 940.0     | 0.0      | 60.0 | 0.0       | 4060.0       |\n      | 06 July 2023     | Repayment        | 4011.0 | 4010.0    | 0.0      | 0.0  | 0.0       | 0.0          |\n      | 06 July 2023     | Accrual          | 10.0   | 0.0       | 0.0      | 10.0 | 0.0       | 0.0          |\n      | 07 July 2023     | Repayment        | 4061.0 | 4060.0    | 0.0      | 0.0  | 0.0       | 0.0          |\n      | 07 July 2023     | Accrual          | 50.0   | 0.0       | 0.0      | 50.0 | 0.0       | 0.0          |\n\n  @TestRailId:C2707\n  Scenario: Verify that the accrual transaction is not reversed when multi disbursement happens\n    When Admin sets the business date to ""26 April 2023""\n    When Admin creates a client with random data\n    And Admin successfully creates a new customised Loan submitted on date: ""26 April 2023"", with Principal: ""1000"", a loanTermFrequency: 1 months, and numberOfRepayments: 1\n    And Admin successfully approves the loan on ""26 April 2023"" with ""1000"" amount and expected disbursement date on ""1 May 2023""\n    And Admin successfully disburse the loan on ""26 April 2023"" with ""1000"" EUR transaction amount\n    Then Loan has 1000 outstanding amount\n    When Admin sets the business date to ""27 April 2023""\n    And Admin successfully disburse the loan on ""27 April 2023"" with ""30"" EUR transaction amount\n    When Admin adds ""LOAN_SNOOZE_FEE"" due date charge with ""27 April 2023"" due date and 10 EUR transaction amount\n    When Admin sets the business date to ""28 April 2023""\n    And  Admin runs COB job\n    And Admin successfully disburse the loan on ""28 April 2023"" with ""20"" EUR transaction amount\n    When Admin sets the business date to ""29 April 2023""\n    And Admin runs inline COB job for Loan\n    Then Loan Repayment schedule has 1 periods, with the following data for periods:\n      | Nr | Days | Date          | Paid date | Balance of loan | Principal due | Interest | Fees | Penalties | Due    | Paid | In advance | Late | Outstanding |\ ... [TRUNCATED - EXCEEDS EXCEL LIMIT]"
107,Finance/Banking,Apache Fineract,WorkingCapitalDelinquencyPause.feature,https://github.com/apache/fineract/blob/develop/fineract-e2e-tests-runner/src/test/resources/features/WorkingCapitalDelinquencyPause.feature,"@WorkingCapital\n@WorkingCapitalDelinquencyPauseFeature\nFeature: Working Capital Delinquency Pause\n\n  @TestRailId:C74480\n  Scenario: Verify working capital loan delinquency pause - UC1: delinquency pause on disbursement day\n    When Admin sets the business date to ""01 January 2026""\n    And Admin creates a client with random data\n    And Admin creates a working capital loan with the following data:\n      | LoanProduct | submittedOnDate | expectedDisbursementDate | principalAmount | totalPaymentVolume | periodPaymentRate | discount |\n      | WCLP        | 01 January 2026 | 01 January 2026          | 9000            | 100000       | 18                | 0        |\n    And Admin successfully approves the working capital loan on ""01 January 2026"" with ""9000"" amount and expected disbursement date on ""01 January 2026""\n    Then Working capital loan approval was successful\n    And Working capital loan account has the correct data:\n      | product.name | submittedOnDate | expectedDisbursementDate | status   | proposedPrincipal | approvedPrincipal | totalPaymentVolume | periodPaymentRate | discountApproved |\n      | WCLP         | 2026-01-01      | 2026-01-01               | Approved | 9000.0    | 9000.0            | 100000.0     | 18.0              | null             |\n    When Admin successfully disburse the Working Capital loan on ""01 January 2026"" with ""9000"" EUR transaction amount\n    Then Working Capital loan status will be ""ACTIVE""\n    And Verify Working Capital loan disbursement was successful on ""01 January 2026"" with ""9000"" EUR transaction amount\n    And Working capital loan account has the correct data:\n      | product.name | submittedOnDate | expectedDisbursementDate | status | principal | approvedPrincipal | totalPaymentVolume | periodPaymentRate | discount |\n      | WCLP         | 2026-01-01      | 2026-01-01               | Active | 9000.0    | 9000.0            | 100000.0     | 18.0              | null     |\n    When Admin runs inline COB job for Working Capital Loan by loanId\n    And Admin initiate a Working Capital loan delinquency pause with startDate ""01 January 2026"" and endDate ""15 January 2026""\n    Then Working Capital loan delinquency action has the following data:\n      | action | startDate  | endDate    |\n      | PAUSE  | 2026-01-01 | 2026-01-15 |\n    And Working Capital loan delinquency range schedule has the following data:\n      | periodNumber | fromDate   | toDate     | expectedAmount | paidAmount | outstandingAmount | minPaymentCriteriaMet | delinquentAmount | delinquentDays |\n      | 1            | 2026-01-01 | 2026-02-14 | 270.0          | 0.0        | 270.0             | null                  | null             | null           |\n\n  @TestRailId:C74481\n  Scenario: Verify working capital loan delinquency pause - UC2: delinquency pause in the middle of first period\n    When Admin sets the business date to ""01 January 2026""\n    And Admin creates a client with random data\n    And Admin creates a working capital loan with the following data:\n      | LoanProduct | submittedOnDate | expectedDisbursementDate | principalAmount | totalPaymentVolume | periodPaymentRate | discount |\n      | WCLP        | 01 January 2026 | 01 January 2026          | 9000            | 100000       | 18                | 0        |\n    And Admin successfully approves the working capital loan on ""01 January 2026"" with ""9000"" amount and expected disbursement date on ""01 January 2026""\n    Then Working capital loan approval was successful\n    And Working capital loan account has the correct data:\n      | product.name | submittedOnDate | expectedDisbursementDate | status   | proposedPrincipal | approvedPrincipal | totalPaymentVolume | periodPaymentRate | discountApproved |\n      | WCLP         | 2026-01-01      | 2026-01-01               | Approved | 9000.0    | 9000.0            | 100000.0     | 18.0              | null             |\n    When Admin successfully disburse the Working Capital loan on ""01 January 2026"" with ""9000"" EUR transaction amount\n    Then Working Capital loan status will be ""ACTIVE""\n    And Verify Working Capital loan disbursement was successful on ""01 January 2026"" with ""9000"" EUR transaction amount\n    And Working capital loan account has the correct data:\n      | product.name | submittedOnDate | expectedDisbursementDate | status | principal | approvedPrincipal | totalPaymentVolume | periodPaymentRate | discount |\n      | WCLP         | 2026-01-01      | 2026-01-01               | Active | 9000.0    | 9000.0            | 100000.0     | 18.0              | null     |\n    When Admin runs inline COB job for Working Capital Loan by loanId\n    Then Working Capital loan delinquency range schedule has the following data:\n      | periodNumber | fromDate   | toDate     | expectedAmount | paidAmount | outstandingAmount | minPaymentCriteriaMet | delinquentAmount | delinquentDays |\n      | 1            | 2026-01-01 | 2026-01-30 | 270.0          | 0.0        | 270.0             | null                  | null             | null           |\n    When Admin sets the business date to ""15 January 2026""\n    And Admin runs inline COB job for Working Capital Loan by loanId\n    And Admin initiate a Working Capital loan delinquency pause with startDate ""15 January 2026"" and endDate ""25 January 2026""\n    Then Working Capital loan delinquency action has the following data:\n      | action | startDate  | endDate    |\n      | PAUSE  | 2026-01-15 | 2026-01-25 |\n    And Working Capital loan delinquency range schedule has the following data:\n      | periodNumber | fromDate   | toDate     | expectedAmount | paidAmount | outstandingAmount | minPaymentCriteriaMet | delinquentAmount | delinquentDays |\n      | 1            | 2026-01-01 | 2026-02-10 | 270.0          | 0.0        | 270.0             | null                  | null             | null           |\n\n  @TestRailId:C74482\n  Scenario: Verify working capital loan delinquency pause - UC3: backdated delinquency pause, whole pause period before actual business date\n    When Admin sets the business date to ""01 January 2026""\n    And Admin creates a client with random data\n    And Admin creates a working capital loan with the following data:\n      | LoanProduct | submittedOnDate | expectedDisbursementDate | principalAmount | totalPaymentVolume | periodPaymentRate | discount |\n      | WCLP        | 01 January 2026 | 01 January 2026          | 9000            | 100000       | 18                | 0        |\n    And Admin successfully approves the working capital loan on ""01 January 2026"" with ""9000"" amount and expected disbursement date on ""01 January 2026""\n    Then Working capital loan approval was successful\n    And Working capital loan account has the correct data:\n      | product.name | submittedOnDate | expectedDisbursementDate | status   | proposedPrincipal | approvedPrincipal | totalPaymentVolume | periodPaymentRate | discountApproved |\n      | WCLP         | 2026-01-01      | 2026-01-01               | Approved | 9000.0    | 9000.0            | 100000.0     | 18.0              | null             |\n    When Admin successfully disburse the Working Capital loan on ""01 January 2026"" with ""9000"" EUR transaction amount\n    Then Working Capital loan status will be ""ACTIVE""\n    And Verify Working Capital loan disbursement was successful on ""01 January 2026"" with ""9000"" EUR transaction amount\n    And Working capital loan account has the correct data:\n      | product.name | submittedOnDate | expectedDisbursementDate | status | principal | approvedPrincipal | totalPaymentVolume | periodPaymentRate | discount |\n      | WCLP         | 2026-01-01      | 2026-01-01               | Active | 9000.0    | 9000.0            | 100000.0     | 18.0              | null     |\n    When Admin runs inline COB job for Working Capital Loan by loanId\n    Then Working Capital loan delinquency range schedule has the following data:\n      | periodNumber | fromDate   | toDate     | expectedAmount | paidAmount | outstandingAmount | minPaymentCriteriaMet | delinquentAmount | delinquentDays |\n      | 1            | 2026-01-01 | 2026-01-30 | 270.0          | 0.0        | 270.0             | null                  | null             | null           |\n    When Admin sets the business date to ""15 January 2026""\n    And Admin runs inline COB job for Working Capital Loan by loanId\n    And Admin initiate a Working Capital loan delinquency pause with startDate ""01 January 2026"" and endDate ""15 January 2026""\n    Then Working Capital loan delinquency action has the following data:\n      | action | startDate  | endDate    |\n      | PAUSE  | 2026-01-01 | 2026-01-15 |\n    And Working Capital loan delinquency range schedule has the following data:\n      | periodNumber | fromDate   | toDate     | expectedAmount | paidAmount | outstandingAmount | minPaymentCriteriaMet | delinquentAmount | delinquentDays |\n      | 1            | 2026-01-01 | 2026-02-14 | 270.0          | 0.0        | 270.0             | null                  | null             | null           |\n\n  @TestRailId:C74483\n  Scenario: Verify working capital loan delinquency pause - UC4: backdated delinquency pause, pause period is overlapping actual business date\n    When Admin sets the business date to ""01 January 2026""\n    And Admin creates a client with random data\n    And Admin creates a working capital loan with the following data:\n      | LoanProduct | submittedOnDate | expectedDisbursementDate | principalAmount | totalPaymentVolume | periodPaymentRate | discount |\n      | WCLP        | 01 January 2026 | 01 January 2026          | 9000            | 100000       | 18                | 0        |\n    And Admin successfully approves the working capital loan on ""01 January 2026"" with ""9000"" amount and expected disbursement date on ""01 January 2026""\n    Then Working capital loan approval was successful\n    And Working capital loan account has the correct data:\n      | product.name | submittedOnDate | expectedDisbursementDate | status   | proposedPrincipal | approvedPrincipal | totalPaymentVolume | periodPaymentRate | discountApproved |\n      | WCLP         | 2026-01-01      | 2026-01-01               | Approved | 9000.0    | 9000.0            | 100000.0     | 18.0              | null             |\n    When Admin successfully disburse the Working Capital loan on ""01 January 2026"" with ""9000"" EUR transaction amount\n    Then Working Capital loan status will be ""ACTIVE""\n    And Verify Working Capital loan disbursement was successful on ""01 January 2026"" with ""9000"" EUR transaction amount\n    And Working capital loan account has the correct data:\n      | product.name | submittedOnDate | expectedDisbursementDate | status | principal | approvedPrincipal | totalPaymentVolume | periodPaymentRate | discount |\n      | WCLP         | 2026-01-01      | 2026-01-01               | Active | 9000.0    | 9000.0            | 100000.0     | 18.0              | null     |\n    When Admin runs inline COB job for Working Capital Loan by loanId\n    Then Working Capital loan delinquency range schedule has the following data:\n      | periodNumber | fromDate   | toDate     | expectedAmount | paidAmount | outstandingAmount | minPaymentCriteriaMet | delinquentAmount | delinquentDays |\n      | 1            | 2026-01-01 | 2026-01-30 | 270.0          | 0.0        | 270.0             | null                  | null             | null           |\n    When Admin sets the business date to ""15 January 2026""\n    And Admin runs inline COB job for Working Capital Loan by loanId\n    And Admin initiate a Working Capital loan delinquency pause with startDate ""01 January 2026"" and endDate ""25 January 2026""\n    Then Working Capital loan delinquency action has the following data:\n      | action | startDate  | endDate    |\n      | PAUSE  | 2026-01-01 | 2026-01-25 |\n    And Working Capital loan delinquency range schedule has the following data:\n      | periodNumber | fromDate   | toDate     | expectedAmount | paidAmount | outstandingAmount | minPaymentCriteriaMet | delinquentAmount | delinquentDays |\n      | 1            | 2026-01-01 | 2026-02-24 | 270.0          | 0.0        | 270.0             | null                  | null             | null           |\n\n  @TestRailId:C74484\n  Scenario: Verify working capital loan delinquency pause - UC5: delinquency pause in the middle of second period\n    When Admin sets the business date to ""01 January 2026""\n    And Admin creates a client with random data\n    And Admin creates a working capital loan with the following data:\n      | LoanProduct | submittedOnDate | expectedDisbursementDate | principalAmount | totalPaymentVolume | periodPaymentRate | discount |\n      | WCLP        | 01 January 2026 | 01 January 2026          | 9000            | 100000       | 18                | 0        |\n    And Admin successfully approves the working capital loan on ""01 January 2026"" with ""9000"" amount and expected disbursement date on ""01 January 2026""\n    Then Working capital loan approval was successful\n    And Working capital loan account has the correct data:\n      | product.name | submittedOnDate | expectedDisbursementDate | status   | proposedPrincipal | approvedPrincipal | totalPaymentVolume | periodPaymentRate | discountApproved |\n      | WCLP         | 2026-01-01      | 2026-01-01               | Approved | 9000.0    | 9000.0            | 100000.0     | 18.0              | null             |\n    When Admin successfully disburse the Working Capital loan on ""01 January 2026"" with ""9000"" EUR transaction amount\n    Then Working Capital loan status will be ""ACTIVE""\n    And Verify Working Capital loan disbursement was successful on ""01 January 2026"" with ""9000"" EUR transaction amount\n    And Working capital loan account has the correct data:\n      | product.name | submittedOnDate | expectedDisbursementDate | status | principal | approvedPrincipal | totalPaymentVolume | periodPaymentRate | discount |\n      | WCLP         | 2026-01-01      | 2026-01-01               | Active | 9000.0    | 9000.0            | 100000.0     | 18.0              | null     |\n    When Admin runs inline COB job for Working Capital Loan by loanId\n    Then Working Capital loan delinquency range schedule has the following data:\n      | periodNumber | fromDate   | toDate     | expectedAmount | paidAmount | outstandingAmount | minPaymentCriteriaMet | delinquentAmount | delinquentDays |\n      | 1            | 2026-01-01 | 2026-01-30 | 270.0          | 0.0        | 270.0             | null                  | null             | null           |\n    When Admin sets the business date to ""15 February 2026""\n    And Admin runs inline COB job for Working Capital Loan by loanId\n    And Admin initiate a Working Capital loan delinquency pause with startDate ""15 February 2026"" and endDate ""25 February 2026""\n    Then Working Capital loan delinquency action has the following data:\n      | action | startDate  | endDate    |\n      | PAUSE  | 2026-02-15 | 2026-02-25 |\n    And Working Capital loan delinquency range schedule has the following data:\n      | periodNumber | fromDate   | toDate     | expectedAmount | paidAmount | outstandingAmount | minPaymentCriteriaMet | delinquentAmount | delinquentDays |\n      | 1            | 2026-01-01 | 2026-01-30 | 270.0          | 0.0        | 270.0             | false                  | 270.0             | 16           |\n      | 2            | 2026-01-31 | 2026-03-12 | 270.0          | 0.0        | 270.0             | null                  | null             | null           |\n\n  @TestRailId:C74485\n  Scenario: Verify working capital loan delinquency pause - UC6: delinquency pause in the middle of first period with pause overlapping to second period\n    When Admin sets the business date to ""01 January 2026""\n    And Admin creates a client with random data\n    And Admin creates a working capital loan with the following data:\n      | LoanProduct | submittedOnDate | expectedDisbursementDate | principalAmount | totalPaymentVolume | periodPaymentRate | discount |\n      | WCLP        | 01 January 2026 | 01 January 2026          | 9000            | 100000             | 18                | 0        |\n    And Admin successfully approves the working capital loan on ""01 January 2026"" with ""9000"" amount and expected disbursement date on ""01 January 2026""\n    Then Working capital loan approval was successful\n    And Working capital loan account has the correct data:\n      | product.name | submittedOnDate | expectedDisbursementDate | status   | proposedPrincipal | approvedPrincipal | totalPaymentVolume | periodPaymentRate | discountApproved |\n      | WCLP         | 2026-01-01      | 2026-01-01               | Approved | 9000.0            | 9000.0            | 100000.0           | 18.0              | null             |\n    When Admin successfully disburse the Working Capital loan on ""01 January 2026"" with ""9000"" EUR transaction amount\n    Then Working Capital loan status will be ""ACTIVE""\n    And Verify Working Capital loan disbursement was successful on ""01 January 2026"" with ""9000"" EUR transaction amount\n    And Working capital loan account has the correct data:\n      | product.name | submittedOnDate | expectedDisbursementDate | status | principal | approvedPrincipal | totalPaymentVolume | periodPaymentRate | discount |\n      | WCLP         | 2026-01-01      | 2026-01-01               | Active | 9000.0    | 9000.0            | 100000.0           | 18.0              | null     |\n    When Admin runs inline COB job for Working Capital Loan by loanId\n    Then Working Capital loan delinquency range schedule has the following data:\n      | periodNumber | fromDate   | toDate     | expectedAmount | paidAmount | outstandingAmount | minPaymentCriteriaMet | delinquentAmount | delinquentDays |\n      | 1            | 2026-01-01 | 2026-01-30 | 270.0          | 0.0        | 270.0             | null                  | null             | null           |\n    When Admin sets the business date to ""15 January 2026""\n    And Admin runs inline COB job for Working Capital Loan by loanId\n    And Admin initiate a Working Capital loan delinquency pause with startDate ""15 January 2026"" and endDate ""25 February 2026""\n    Then Working Capital loan delinquency action has the following data:\n      | action | startDate  | endDate    |\n      | PAUSE  | 2026-01-15 | 2026-02-25 |\n    And Working Capital loan delinquency range schedule has the following data:\n      | periodNumber | fromDate   | toDate     | expectedAmount | paidAmount | outstandingAmount | minPaymentCriteriaMet | delinquentAmount | delinquentDays |\n      | 1            | 2026-01-01 | 2026-03-13 | 270.0          | 0.0        | 270.0             | null                  | null             | null           |\n    When Admin sets the business date to ""25 February 2026""\n    And Admin runs inline COB job for Working Capital Loan by loanId\n    And Working Capital loan delinquency range schedule has the following data:\n      | periodNumber | fromDate   | toDate     | expectedAmount | paidAmount | outstandingAmount | minPaymentCriteriaMet | delinquentAmount | delinquentDays |\n      | 1            | 2026-01-01 | 2026-03-13 | 270.0          | 0.0        | 270.0             | null                  | null             | null           |\n    When Admin sets the business date to ""15 March 2026""\n    And Admin runs inline COB job for Working Capital Loan by loanId\n    And Working Capital loan delinquency range schedule has the following data:\n      | periodNumber | fromDate   | toDate     | expectedAmount | paidAmount | outstandingAmount | minPaymentCriteriaMet | delinquentAmount | delinquentDays |\n      | 1            | 2026-01-01 | 2026-03-13 | 270.0          | 0.0        | 270.0             | false                 | 270.0            | 2              |\n      | 2            | 2026-03-14 | 2026-04-12 | 270.0          | 0.0        | 270.0             | null                  | null             | null           |\n\n  @TestRailId:C78810\n  Scenario: Verify working capital loan delinquency pause - UC6.1: delinquency pause in the middle of first period with future pauses overlapping to a few periods\n    When Admin sets the business date to ""01 January 2026""\n    And Admin creates a client with random data\n    And Admin creates a working capital loan with the following data:\n      | LoanProduct | submittedOnDate | expectedDisbursementDate | principalAmount | totalPaymentVolume | periodPaymentRate | discount |\n      | WCLP        | 01 January 2026 | 01 January 2026          | 9000            | 100000       | 18                | 0        |\n    And Admin successfully approves the working capital loan on ""01 January 2026"" with ""9000"" amount and expected disbursement date on ""01 January 2026""\n    Then Working capital loan approval was successful\n    And Working capital loan account has the correct data:\n      | product.name | submittedOnDate | expectedDisbursementDate | status   | proposedPrincipal | approvedPrincipal | totalPaymentVolume | periodPaymentRate | discountApproved |\n      | WCLP         | 2026-01-01      | 2026-01-01               | Approved | 9000.0    | 9000.0            | 100000.0     | 18.0              | null             |\n    When Admin successfully disburse the Working Capital loan on ""01 January 2026"" with ""9000"" EUR transaction amount\n    Then Working Capital loan status will be ""ACTIVE""\n    And Verify Working Capital loan disbursement was successful on ""01 January 2026"" with ""9000"" EUR transaction amount\n    And Working capital loan account has the correct data:\n      | product.name | submittedOnDate | expectedDisbursementDate | status | principal | approvedPrincipal | totalPaymentVolume | periodPaymentRate | discount |\n      | WCLP         | 2026-01-01      | 2026-01-01               | Active | 9000.0    | 9000.0            | 100000.0     | 18.0              | null     |\n    When Admin runs inline COB job for Working Capital Loan by loanId\n    Then Working Capital loan delinquency range schedule has the following data:\n      | periodNumber | fromDate   | toDate     | expectedAmount | paidAmount | outstandingAmount | minPaymentCriteriaMet | delinquentAmount | delinquentDays |\n      | 1            | 2026-01-01 | 2026-01-30 | 270.0          | 0.0        | 270.0             | null                  | null             | null           |\n    When Admin sets the business date to ""15 January 2026""\n    And Admin runs inline COB job for Working Capital Loan by loanId\n    And Admin initiate a Working Capital loan delinquency pause with startDate ""15 January 2026"" and endDate ""25 February 2026""\n    Then Working Capital loan delinquency action has the following data:\n      | action | startDate  | endDate    |\n      | PAUSE  | 2026-01-15 | 2026-02-25 |\n    And Working Capital loan delinquency range schedule has the following data:\n      | periodNumber | fromDate   | toDate     | expectedAmount | paidAmount | outstandingAmount | minPaymentCriteriaMet | delinquentAmount | delinquentDays |\n      | 1            | 2026-01-01 | 2026-03-13 | 270.0          | 0.0        | 270.0             | null                  | null             | null           |\n    And Admin initiate a Working Capital loan delinquency pause with startDate ""18 April 2026"" and endDate ""25 April 2026""\n    When Admin sets the business date to ""14 March 2026""\n    And Admin runs inline COB job for Working Capital Loan by loanId\n    And Admin initiate a Working Capital loan delinquency pause with startDate ""14 March 2026"" and endDate ""18 March 2026""\n    Then Working Capital loan delinquency action has the following data:\n      | action | startDate  | endDate    |\n      | PAUSE  | 2026-01-15 | 2026-02-25 |\n      | PAUSE  | 2026-04-18 | 2026-04-25 |\n      | PAUSE  | 2026-03-14 | 2026-03-18 |\n    And Working Capital loan delinquency range schedule has the following data:\n      | periodNumber | fromDate   | toDate     | expectedAmount | paidAmount | outstandingAmount | minPaymentCriteriaMet | delinquentAmount | delinquentDays |\n      | 1            | 2026-01-01 | 2026-03-13 | 270.0          | 0.0        | 270.0             | false                 | 270.0            | 1              |\n      | 2            | 2026-03-14 | 2026-04-17 | 270.0          | 0.0        | 270.0             | null                  | null             | null           |\n    When Admin sets the business date to ""21 March 2026""\n    And Admin runs inline COB job for Working Capital Loan by loanId\n    Then Working Capital loan delinquency action has the following data:\n      | action | startDate  | endDate    |\n      | PAUSE  | 2026-01-15 | 2026-02-25 |\n      | PAUSE  | 2026-04-18 | 2026-04-25 |\n      | PAUSE  | 2026-03-14 | 2026-03-18 |\n    And Working Capital loan delinquency range schedule has the following data:\n      | periodNumber | fromDate   | toDate     | expectedAmount | paidAmount | outstandingAmount | minPaymentCriteriaMet | delinquentAmount | delinquentDays |\n      | 1            | 2026-01-01 | 2026-03-13 | 270.0          | 0.0        | 270.0             | false                 | 270.0            | 8              |\n      | 2            | 2026-03-14 | 2026-04-17 | 270.0          | 0.0        | 270.0             | null                  | null             | null           |\n    When Admin sets the business date to ""01 May 2026""\n    And Admin runs inline COB job for Working Capital Loan by loanId\n    Then Working Capital loan delinquency range schedule has the following data:\n      | periodNumber | fromDate   | toDate     | expectedAmount | paidAmount | outstandingAmount | minPaymentCriteriaMet | delinquentAmount | delinquentDays |\n      | 1            | 2026-01-01 | 2026-03-13 | 270.0          | 0.0        | 270.0             | false                 | 270.0            | 49             |\n      | 2            | 2026-03-14 | 2026-04-17 | 270.0          | 0.0        | 270.0             | false                 | 270.0            | 14             |\n      | 3            | 2026-04-18 | 2026-05-25 | 270.0          | 0.0        | 270.0             | null                  | null             | null           |\n\n  @TestRailId:C78811\n  Scenario: Verify working capital loan delinquency pause - UC6.2: delinquency pause in the middle of first period with pauses overlapping to a few periods\n    When Admin sets the business date to ""01 January 2026""\n    And Admin creates a client with random data\n    And Admin creates a working capital loan with the following data:\n      | LoanProduct | submittedOnDate | expectedDisbursementDate | principalAmount | totalPaymentVolume | periodPaymentRate | discount |\n      | WCLP        | 01 January 2026 | 01 January 2026          | 9000            | 100000       | 18                | 0        |\n    And Admin successfully approves the working capital loan on ""01 January 2026"" with ""9000"" amount and expected disbursement date on ""01 January 2026""\n    Then Working capital loan approval was successful\n    And Working capital loan account has the correct data:\n      | product.name | submittedOnDate | expectedDisbursementDate | status   | proposedPrincipal | approvedPrincipal | totalPaymentVolume | periodPaymentRate | discountApproved |\n      | WCLP         | 2026-01-01      | 2026-01-01               | Approved | 9000.0    | 9000.0            | 100000.0     | 18.0              | null             |\n    When Admin successfully disburse the Working Capital loan on ""01 January 2026"" with ""9000"" EUR transaction amount\n    Then Working Capital loan status will be ""ACTIVE""\n    And Verify Working Capital loan disbursement was successful on ""01 January 2026"" with ""9000"" EUR transaction amount\n    And Working capital loan account has the correct data:\n      | product.name | submittedOnDate | expectedDisbursementDate | status | principal | approvedPrincipal | totalPaymentVolume | periodPaymentRate | discount |\n      | WCLP         | 2026-01-01      | 2026-01-01               | Active | 9000.0    | 9000.0            | 100000.0     | 18.0              | null     |\n    When Admin runs inline COB job for Working Capital Loan by loanId\n    Then Working Capital loan delinquency range schedule has the following data:\n      | periodNumber | fromDate   | toDate     | expectedAmount | paidAmount | outstandingAmount | minPaymentCriteriaMet | delinquentAmount | delinquentDays |\n      | 1            | 2026-01-01 | 2026-01-30 | 270.0          | 0.0        | 270.0             | null                  | null             | null           |\n    When Admin sets the business date to ""15 January 2026""\n    And Admin runs inline COB job for Working Capital Loan by loanId\n    And Admin initiate a Working Capital loan delinquency pause with startDate ""15 January 2026"" and endDate ""25 February 2026""\n    Then Working Capital loan delinquency action has the following data:\n      | action | startDate  | endDate    |\n      | PAUSE  | 2026-01-15 | 2026-02-25 |\n    And Working Capital loan delinquency range schedule has the following data:\n      | periodNumber | fromDate   | toDate     | expectedAmount | paidAmount | outstandingAmount | minPaymentCriteriaMet | delinquentAmount | delinquentDays |\n      | 1            | 2026-01-01 | 2026-03-13 | 270.0          | 0.0        | 270.0             | null                  | null             | null           |\n    When Admin sets the business date to ""14 March 2026""\n    And Admin runs inline COB job for Working Capital Loan by loanId\n    Then Working Capital loan delinquency action has the following data:\n      | action | startDate  | endDate    |\n      | PAUSE  | 2026-01-15 | 2026-02-25 |\n    And Working Capital loan delinquency range schedule has the following data:\n      | periodNumber | fromDate   | toDate     | expectedAmount | paidAmount | outstandingAmount | minPaymentCriteriaMet | delinque ... [TRUNCATED - EXCEEDS EXCEL LIMIT]"
108,Finance/Banking,Apache Fineract,LoanReAging-Part2.feature,https://github.com/apache/fineract/blob/develop/fineract-e2e-tests-runner/src/test/resources/features/LoanReAging-Part2.feature,"@LoanReAgingFeature\nFeature: LoanReAging - Part2\n\n  @TestRailId:C4079 @AdvancedPaymentAllocation\n  Scenario: Verify Loan re-aging transaction at 1st installment - before maturity date and removes additional installments - UC12\n    When Admin sets the business date to ""01 January 2025""\n    When Admin creates a client with random data\n    When Admin creates a fully customized loan with the following data:\n      | LoanProduct                                                        | submitted on date | with Principal | ANNUAL interest rate % | interest type | interest calculation period | amortization type  | loanTermFrequency | loanTermFrequencyType | repaymentEvery | repaymentFrequencyType | numberOfRepayments | graceOnPrincipalPayment | graceOnInterestPayment | interest free period | Payment strategy            |\n      | LP2_DOWNPAYMENT_ADV_PMT_ALLOC_PROGRESSIVE_LOAN_SCHEDULE_HORIZONTAL | 01 January 2025   | 1000           | 0                      | FLAT          | SAME_AS_REPAYMENT_PERIOD    | EQUAL_INSTALLMENTS | 6                 | MONTHS                | 1              | MONTHS                 | 6                  | 0                       | 0                      | 0                    | ADVANCED_PAYMENT_ALLOCATION |\n    And Admin successfully approves the loan on ""01 January 2025"" with ""1000"" amount and expected disbursement date on ""01 January 2025""\n    When Admin successfully disburse the loan on ""01 January 2025"" with ""1000"" EUR transaction amount\n    Then Loan Repayment schedule has 7 periods, with the following data for periods:\n      | Nr | Days | Date             | Paid date | Balance of loan | Principal due | Interest | Fees | Penalties | Due   | Paid | In advance | Late | Outstanding |\n      |    |      | 01 January 2025  |           | 1000.0          |               |          | 0.0  |           | 0.0   | 0.0  |            |      |             |\n      | 1  | 0    | 01 January 2025  |           | 750.0           | 250.0         | 0.0      | 0.0  | 0.0       | 250.0 | 0.0  | 0.0        | 0.0  | 250.0       |\n      | 2  | 31   | 01 February 2025 |           | 625.0           | 125.0         | 0.0      | 0.0  | 0.0       | 125.0 | 0.0  | 0.0        | 0.0  | 125.0       |\n      | 3  | 28   | 01 March 2025    |           | 500.0           | 125.0         | 0.0      | 0.0  | 0.0       | 125.0 | 0.0  | 0.0        | 0.0  | 125.0       |\n      | 4  | 31   | 01 April 2025    |           | 375.0           | 125.0         | 0.0      | 0.0  | 0.0       | 125.0 | 0.0  | 0.0        | 0.0  | 125.0       |\n      | 5  | 30   | 01 May 2025      |           | 250.0           | 125.0         | 0.0      | 0.0  | 0.0       | 125.0 | 0.0  | 0.0        | 0.0  | 125.0       |\n      | 6  | 31   | 01 June 2025     |           | 125.0           | 125.0         | 0.0      | 0.0  | 0.0       | 125.0 | 0.0  | 0.0        | 0.0  | 125.0       |\n      | 7  | 30   | 01 July 2025     |           | 0.0             | 125.0         | 0.0      | 0.0  | 0.0       | 125.0 | 0.0  | 0.0        | 0.0  | 125.0       |\n    Then Loan Repayment schedule has the following data in Total row:\n      | Principal due | Interest | Fees | Penalties | Due    | Paid  | In advance | Late | Outstanding |\n      | 1000.0        | 0.0      | 0.0  | 0.0       | 1000.0 | 0.0   | 0.0        | 0.0  | 1000.0      |\n    Then Loan Transactions tab has the following data:\n      | Transaction date | Transaction Type  | Amount | Principal | Interest | Fees | Penalties | Loan Balance | Reverted |\n      | 01 January 2025  | Disbursement      | 1000.0 | 0.0       | 0.0      | 0.0  | 0.0       | 1000.0       | false    |\n# --- re-age loan on 1st installment ---#\n    When Admin sets the business date to ""2 January 2025""\n    When Admin creates a Loan re-aging transaction by Loan external ID with the following data:\n      | frequencyNumber | frequencyType | startDate        | numberOfInstallments |\n      | 1               | MONTHS        | 02 January 2025  | 3                    |\n    Then Loan Repayment schedule has 5 periods, with the following data for periods:\n      | Nr | Days | Date              | Paid date       | Balance of loan | Principal due | Interest | Fees | Penalties | Due    | Paid | In advance | Late | Outstanding |\n      |    |      | 01 January 2025   |                 | 1000.0          |               |          | 0.0  |           | 0.0    | 0.0  |            |      |             |\n      | 1  |  0   | 01 January 2025   | 02 January 2025 | 1000.0          |   0.0         | 0.0      | 0.0  | 0.0       | 0.0    | 0.0  | 0.0        | 0.0  |   0.0       |\n      | 2  |  1   | 02 January 2025   | 02 January 2025 | 1000.0          |   0.0         | 0.0      | 0.0  | 0.0       | 0.0    | 0.0  | 0.0        | 0.0  |   0.0       |\n      | 3  |  0   | 02 January 2025   |                 | 666.67          | 333.33        | 0.0      | 0.0  | 0.0       | 333.33 | 0.0  | 0.0        | 0.0  | 333.33      |\n      | 4  | 31   | 02 February 2025  |                 | 333.34          | 333.33        | 0.0      | 0.0  | 0.0       | 333.33 | 0.0  | 0.0        | 0.0  | 333.33      |\n      | 5  | 28   | 02 March 2025     |                 |   0.0           | 333.34        | 0.0      | 0.0  | 0.0       | 333.34 | 0.0  | 0.0        | 0.0  | 333.34      |\n    Then Loan Repayment schedule has the following data in Total row:\n      | Principal due | Interest | Fees | Penalties | Due    | Paid  | In advance | Late  | Outstanding |\n      | 1000.0        | 0.0      | 0.0  | 0.0       | 1000.0 |  0.0  | 0.0        | 0.0   | 1000.0      |\n    Then Loan Transactions tab has the following data:\n      | Transaction date | Transaction Type  | Amount | Principal | Interest | Fees | Penalties | Loan Balance | Reverted |\n      | 01 January 2025  | Disbursement      | 1000.0 | 0.0       | 0.0      | 0.0  | 0.0       | 1000.0       | false    |\n      | 02 January 2025  | Re-age            | 1000.0 | 1000.0    | 0.0      | 0.0  | 0.0       | 0.0          | false    |\n\n    When Loan Pay-off is made on ""02 January 2025""\n    Then Loan is closed with zero outstanding balance and it's all installments have obligations met\n\n  @TestRailId:C4080 @AdvancedPaymentAllocation\n  Scenario: Verify Loan re-aging transaction at 1st installment with charge - before maturity date and removes additional normal installments and not modifies n+1 - UC13\n    When Admin sets the business date to ""01 January 2025""\n    When Admin creates a client with random data\n    When Admin creates a fully customized loan with the following data:\n      | LoanProduct                                      | submitted on date | with Principal | ANNUAL interest rate % | interest type | interest calculation period | amortization type  | loanTermFrequency | loanTermFrequencyType | repaymentEvery | repaymentFrequencyType | numberOfRepayments | graceOnPrincipalPayment | graceOnInterestPayment | interest free period | Payment strategy            |\n      | LP2_DOWNPAYMENT_AUTO_ADVANCED_PAYMENT_ALLOCATION | 01 January 2025   | 1000           | 0                      | FLAT          | SAME_AS_REPAYMENT_PERIOD    | EQUAL_INSTALLMENTS | 6                 | MONTHS                | 1              | MONTHS                 | 6                  | 0                       | 0                      | 0                    | ADVANCED_PAYMENT_ALLOCATION |\n    And Admin successfully approves the loan on ""01 January 2025"" with ""1000"" amount and expected disbursement date on ""01 January 2025""\n    When Admin successfully disburse the loan on ""01 January 2025"" with ""1000"" EUR transaction amount\n    When Admin adds ""LOAN_NSF_FEE"" due date charge with ""1 January 2025"" due date and 20 EUR transaction amount\n    Then Loan Repayment schedule has 7 periods, with the following data for periods:\n      | Nr | Days | Date             | Paid date       | Balance of loan | Principal due | Interest | Fees | Penalties | Due   | Paid | In advance | Late | Outstanding |\n      |    |      | 01 January 2025  |                 | 1000.0          |               |          | 0.0  |           | 0.0   | 0.0  |            |      |             |\n      | 1  | 0    | 01 January 2025  | 01 January 2025 | 750.0           | 250.0         | 0.0      | 0.0  | 0.0       | 250.0 | 250.0| 0.0        | 0.0  |   0.0       |\n      | 2  | 31   | 01 February 2025 |                 | 625.0           | 125.0         | 0.0      | 0.0  | 20.0      | 145.0 | 0.0  | 0.0        | 0.0  | 145.0       |\n      | 3  | 28   | 01 March 2025    |                 | 500.0           | 125.0         | 0.0      | 0.0  | 0.0       | 125.0 | 0.0  | 0.0        | 0.0  | 125.0       |\n      | 4  | 31   | 01 April 2025    |                 | 375.0           | 125.0         | 0.0      | 0.0  | 0.0       | 125.0 | 0.0  | 0.0        | 0.0  | 125.0       |\n      | 5  | 30   | 01 May 2025      |                 | 250.0           | 125.0         | 0.0      | 0.0  | 0.0       | 125.0 | 0.0  | 0.0        | 0.0  | 125.0       |\n      | 6  | 31   | 01 June 2025     |                 | 125.0           | 125.0         | 0.0      | 0.0  | 0.0       | 125.0 | 0.0  | 0.0        | 0.0  | 125.0       |\n      | 7  | 30   | 01 July 2025     |                 | 0.0             | 125.0         | 0.0      | 0.0  | 0.0       | 125.0 | 0.0  | 0.0        | 0.0  | 125.0       |\n    Then Loan Repayment schedule has the following data in Total row:\n      | Principal due | Interest | Fees | Penalties | Due    | Paid  | In advance | Late | Outstanding |\n      | 1000.0        | 0.0      | 0.0  | 20.0      | 1020.0 | 250.0 | 0.0        | 0.0  | 770.0       |\n    Then Loan Transactions tab has the following data:\n      | Transaction date | Transaction Type  | Amount | Principal | Interest | Fees | Penalties | Loan Balance | Reverted |\n      | 01 January 2025  | Disbursement      | 1000.0 | 0.0       | 0.0      | 0.0  | 0.0       | 1000.0       | false    |\n      | 01 January 2025  | Down Payment      |  250.0 | 250.0     | 0.0      | 0.0  | 0.0       |  750.0       | false    |\n    Then Loan Charges tab has the following data:\n      | Name    | isPenalty | Payment due at       | Due as of       | Calculation type | Due  | Paid | Waived | Outstanding |\n      | NSF fee | true      | Specified due date   | 01 January 2025 | Flat             | 20.0 | 0.0  | 0.0    | 20.0        |\n# --- re-age loan on 1st installment ---#\n    When Admin sets the business date to ""10 January 2025""\n    When Admin creates a Loan re-aging transaction by Loan external ID with the following data:\n      | frequencyNumber | frequencyType | startDate        | numberOfInstallments |\n      | 1               | MONTHS        | 11 January 2025  | 2                    |\n    Then Loan Repayment schedule has 4 periods, with the following data for periods:\n      | Nr | Days | Date             | Paid date       | Balance of loan | Principal due | Interest | Fees | Penalties | Due   | Paid  | In advance | Late | Outstanding |\n      |    |      | 01 January 2025  |                 | 1000.0          |               |          | 0.0  |           | 0.0   | 0.0   |            |      |             |\n      | 1  | 0    | 01 January 2025  | 01 January 2025 | 750.0           | 250.0         | 0.0      | 0.0  | 0.0       | 250.0 | 250.0 | 0.0        | 0.0  | 0.0         |\n      | 2  | 9    | 10 January 2025  |                 | 750.0           | 0.0           | 0.0      | 0.0  | 20.0      | 20.0  | 0.0   | 0.0        | 0.0  | 20.0        |\n      | 3  | 1    | 11 January 2025  |                 | 375.0           | 375.0         | 0.0      | 0.0  | 0.0       | 375.0 | 0.0   | 0.0        | 0.0  | 375.0       |\n      | 4  | 31   | 11 February 2025 |                 | 0.0             | 375.0         | 0.0      | 0.0  | 0.0       | 375.0 | 0.0   | 0.0        | 0.0  | 375.0       |\n    Then Loan Repayment schedule has the following data in Total row:\n      | Principal due | Interest | Fees | Penalties | Due    | Paid  | In advance | Late | Outstanding |\n      | 1000.0        | 0.0      | 0.0  | 20.0      | 1020.0 | 250.0 | 0.0        | 0.0  | 770.0       |\n    Then Loan Transactions tab has the following data:\n      | Transaction date | Transaction Type  | Amount | Principal | Interest | Fees | Penalties | Loan Balance | Reverted |\n      | 01 January 2025  | Disbursement      | 1000.0 | 0.0       | 0.0      | 0.0  | 0.0       | 1000.0       | false    |\n      | 01 January 2025  | Down Payment      |  250.0 | 250.0     | 0.0      | 0.0  | 0.0       |  750.0       | false    |\n      | 10 January 2025  | Re-age            |  750.0 | 750.0     | 0.0      | 0.0  | 0.0       | 0.0          | false    |\n    When Loan Pay-off is made on ""10 January 2025""\n    Then Loan is closed with zero outstanding balance and it's all installments have obligations met\n\n  @TestRailId:C4081 @AdvancedPaymentAllocation\n  Scenario: Verify that Loan re-aging transaction - can be performed before maturity date and removes n+1 - UC14\n    When Admin sets the business date to ""01 January 2024""\n    When Admin creates a client with random data\n    When Admin creates a fully customized loan with the following data:\n      | LoanProduct                                                        | submitted on date | with Principal | ANNUAL interest rate % | interest type | interest calculation period | amortization type  | loanTermFrequency | loanTermFrequencyType | repaymentEvery | repaymentFrequencyType | numberOfRepayments | graceOnPrincipalPayment | graceOnInterestPayment | interest free period | Payment strategy            |\n      | LP2_DOWNPAYMENT_ADV_PMT_ALLOC_PROGRESSIVE_LOAN_SCHEDULE_HORIZONTAL | 01 January 2024   | 1000           | 0                      | FLAT          | SAME_AS_REPAYMENT_PERIOD    | EQUAL_INSTALLMENTS | 6                 | MONTHS                  | 1             | MONTHS                   | 6                  | 0                       | 0                      | 0                    | ADVANCED_PAYMENT_ALLOCATION |\n    And Admin successfully approves the loan on ""01 January 2024"" with ""1000"" amount and expected disbursement date on ""01 January 2024""\n    When Admin successfully disburse the loan on ""01 January 2024"" with ""1000"" EUR transaction amount\n    When Admin adds ""LOAN_NSF_FEE"" due date charge with ""1 October 2024"" due date and 20 EUR transaction amount\n    Then Loan Repayment schedule has 8 periods, with the following data for periods:\n      | Nr | Days | Date             | Paid date | Balance of loan | Principal due | Interest | Fees | Penalties | Due   | Paid | In advance | Late | Outstanding |\n      |    |      | 01 January 2024  |           | 1000.0          |               |          | 0.0  |           | 0.0   | 0.0  |            |      |             |\n      | 1  | 0    | 01 January 2024  |           | 750.0           | 250.0         | 0.0      | 0.0  | 0.0       | 250.0 | 0.0  | 0.0        | 0.0  | 250.0       |\n      | 2  | 31   | 01 February 2024 |           | 625.0           | 125.0         | 0.0      | 0.0  | 0.0       | 125.0 | 0.0  | 0.0        | 0.0  | 125.0       |\n      | 3  | 29   | 01 March 2024    |           | 500.0           | 125.0         | 0.0      | 0.0  | 0.0       | 125.0 | 0.0  | 0.0        | 0.0  | 125.0       |\n      | 4  | 31   | 01 April 2024    |           | 375.0           | 125.0         | 0.0      | 0.0  | 0.0       | 125.0 | 0.0  | 0.0        | 0.0  | 125.0       |\n      | 5  | 30   | 01 May 2024      |           | 250.0           | 125.0         | 0.0      | 0.0  | 0.0       | 125.0 | 0.0  | 0.0        | 0.0  | 125.0       |\n      | 6  | 31   | 01 June 2024     |           | 125.0           | 125.0         | 0.0      | 0.0  | 0.0       | 125.0 | 0.0  | 0.0        | 0.0  | 125.0       |\n      | 7  | 30   | 01 July 2024     |           | 0.0             | 125.0         | 0.0      | 0.0  | 0.0       | 125.0 | 0.0  | 0.0        | 0.0  | 125.0       |\n      | 8  | 92   | 01 October 2024  |           | 0.0             |   0.0         | 0.0      | 0.0  | 20.0      | 20.0  | 0.0  | 0.0        | 0.0  | 20.0        |\n    Then Loan Repayment schedule has the following data in Total row:\n      | Principal due | Interest | Fees | Penalties | Due    | Paid  | In advance | Late | Outstanding |\n      | 1000.0        | 0.0      | 0.0  | 20.0      | 1020.0 | 0.0   | 0.0        | 0.0  | 1020.0      |\n    Then Loan Transactions tab has the following data:\n      | Transaction date | Transaction Type  | Amount | Principal | Interest | Fees | Penalties | Loan Balance | Reverted |\n      | 01 January 2024  | Disbursement      | 1000.0 | 0.0       | 0.0      | 0.0  | 0.0       | 1000.0       | false    |\n    Then Loan Charges tab has the following data:\n      | Name    | isPenalty | Payment due at       | Due as of       | Calculation type | Due  | Paid | Waived | Outstanding |\n      | NSF fee | true      | Specified due date   | 01 October 2024 | Flat             | 20.0 | 0.0  | 0.0    | 20.0        |\n    When Admin sets the business date to ""09 March 2024""\n    When Admin creates a Loan re-aging preview by Loan external ID with the following data:\n      | frequencyNumber | frequencyType | startDate     | numberOfInstallments |\n      | 1               | MONTHS        | 15 March 2024 | 10                   |\n    Then Loan Re-Aged Repayment schedule preview has 14 periods, with the following data for periods:\n      | Nr | Days | Date             | Paid date     | Balance of loan | Principal due | Interest | Fees | Penalties | Due    | Paid | In advance | Late | Outstanding |\n      |    |      | 01 January 2024  |               | 1000.0          | 0.0           | 0.0      | 0.0  | 0.0       | 0.0    | 0.0  |            |      |             |\n      | 1  | 0    | 01 January 2024  | 09 March 2024 | 1000.0          |   0.0         | 0.0      | 0.0  | 0.0       | 0.0    | 0.0  | 0.0        | 0.0  | 0.0         |\n      | 2  | 31   | 01 February 2024 | 09 March 2024 | 1000.0          |   0.0         | 0.0      | 0.0  | 0.0       | 0.0    | 0.0  | 0.0        | 0.0  | 0.0         |\n      | 3  | 29   | 01 March 2024    | 09 March 2024 | 1000.0          |   0.0         | 0.0      | 0.0  | 0.0       | 0.0    | 0.0  | 0.0        | 0.0  | 0.0         |\n      | 4  | 8    | 09 March 2024    | 09 March 2024 | 1000.0          | 0.0           | 0.0      | 0.0  | 0.0       | 0.0   | 0.0   | 0.0        | 0.0  | 0.0         |\n      | 5  | 6    | 15 March 2024    |               |  900.0          | 100.0         | 0.0      | 0.0  | 0.0       | 100.0  | 0.0  | 0.0        | 0.0  | 100.0       |\n      | 6  | 31   | 15 April 2024    |               |  800.0          | 100.0         | 0.0      | 0.0  | 0.0       | 100.0  | 0.0  | 0.0        | 0.0  | 100.0       |\n      | 7  | 30   | 15 May 2024      |               |  700.0          | 100.0         | 0.0      | 0.0  | 0.0       | 100.0  | 0.0  | 0.0        | 0.0  | 100.0       |\n      | 8  | 31   | 15 June 2024     |               |  600.0          | 100.0         | 0.0      | 0.0  | 0.0       | 100.0  | 0.0  | 0.0        | 0.0  | 100.0       |\n      | 9  | 30   | 15 July 2024     |               |  500.0          | 100.0         | 0.0      | 0.0  | 0.0       | 100.0  | 0.0  | 0.0        | 0.0  | 100.0       |\n      | 10 | 31   | 15 August 2024   |               |  400.0          | 100.0         | 0.0      | 0.0  | 0.0       | 100.0  | 0.0  | 0.0        | 0.0  | 100.0       |\n      | 11 | 31   | 15 September 2024|               |  300.0          | 100.0         | 0.0      | 0.0  | 0.0       | 100.0  | 0.0  | 0.0        | 0.0  | 100.0       |\n      | 12 | 30   | 15 October 2024  |               |  200.0          | 100.0         | 0.0      | 0.0  | 20.0      | 120.0  | 0.0  | 0.0        | 0.0  | 120.0       |\n      | 13 | 31   | 15 November 2024 |               |  100.0          | 100.0         | 0.0      | 0.0  | 0.0       | 100.0  | 0.0  | 0.0        | 0.0  | 100.0       |\n      | 14 | 30   | 15 December 2024 |               |    0.0          | 100.0         | 0.0      | 0.0  | 0.0       | 100.0  | 0.0  | 0.0        | 0.0  | 100.0       |\n    Then Loan Re-Aged Repayment schedule preview has the following data in Total row:\n      | Principal due | Interest | Fees | Penalties | Due    | Paid  | In advance | Late | Outstanding |\n      | 1000.0        | 0.0      | 0.0  | 20.0      | 1020.0 | 0.0   | 0.0        | 0.0  | 1020.0      |\n    When Admin creates a Loan re-aging transaction by Loan external ID with the following data:\n      | frequencyNumber | frequencyType | startDate     | numberOfInstallments |\n      | 1               | MONTHS        | 15 March 2024 | 10                   |\n    Then Loan Repayment schedule has 14 periods, with the following data for periods:\n      | Nr | Days | Date             | Paid date     | Balance of loan | Principal due | Interest | Fees | Penalties | Due    | Paid | In advance | Late | Outstanding |\n      |    |      | 01 January 2024  |               | 1000.0          |               |          | 0.0  |           | 0.0    | 0.0  |            |      |             |\n      | 1  | 0    | 01 January 2024  | 09 March 2024 | 1000.0          |   0.0         | 0.0      | 0.0  | 0.0       | 0.0    | 0.0  | 0.0        | 0.0  | 0.0         |\n      | 2  | 31   | 01 February 2024 | 09 March 2024 | 1000.0          |   0.0         | 0.0      | 0.0  | 0.0       | 0.0    | 0.0  | 0.0        | 0.0  | 0.0         |\n      | 3  | 29   | 01 March 2024    | 09 March 2024 | 1000.0          |   0.0         | 0.0      | 0.0  | 0.0       | 0.0    | 0.0  | 0.0        | 0.0  | 0.0         |\n      | 4  | 8    | 09 March 2024    | 09 March 2024 | 1000.0          | 0.0           | 0.0      | 0.0  | 0.0       | 0.0   | 0.0   | 0.0        | 0.0  | 0.0         |\n      | 5  | 6    | 15 March 2024    |               |  900.0          | 100.0         | 0.0      | 0.0  | 0.0       | 100.0  | 0.0  | 0.0        | 0.0  | 100.0       |\n      | 6  | 31   | 15 April 2024    |               |  800.0          | 100.0         | 0.0      | 0.0  | 0.0       | 100.0  | 0.0  | 0.0        | 0.0  | 100.0       |\n      | 7  | 30   | 15 May 2024      |               |  700.0          | 100.0         | 0.0      | 0.0  | 0.0       | 100.0  | 0.0  | 0.0        | 0.0  | 100.0       |\n      | 8  | 31   | 15 June 2024     |               |  600.0          | 100.0         | 0.0      | 0.0  | 0.0       | 100.0  | 0.0  | 0.0        | 0.0  | 100.0       |\n      | 9  | 30   | 15 July 2024     |               |  500.0          | 100.0         | 0.0      | 0.0  | 0.0       | 100.0  | 0.0  | 0.0        | 0.0  | 100.0       |\n      | 10 | 31   | 15 August 2024   |               |  400.0          | 100.0         | 0.0      | 0.0  | 0.0       | 100.0  | 0.0  | 0.0        | 0.0  | 100.0       |\n      | 11 | 31   | 15 September 2024|               |  300.0          | 100.0         | 0.0      | 0.0  | 0.0       | 100.0  | 0.0  | 0.0        | 0.0  | 100.0       |\n      | 12 | 30   | 15 October 2024  |               |  200.0          | 100.0         | 0.0      | 0.0  | 20.0      | 120.0  | 0.0  | 0.0        | 0.0  | 120.0       |\n      | 13 | 31   | 15 November 2024 |               |  100.0          | 100.0         | 0.0      | 0.0  | 0.0       | 100.0  | 0.0  | 0.0        | 0.0  | 100.0       |\n      | 14 | 30   | 15 December 2024 |               |    0.0          | 100.0         | 0.0      | 0.0  | 0.0       | 100.0  | 0.0  | 0.0        | 0.0  | 100.0       |\n    Then Loan Repayment schedule has the following data in Total row:\n      | Principal due | Interest | Fees | Penalties | Due    | Paid  | In advance | Late | Outstanding |\n      | 1000.0        | 0.0      | 0.0  | 20.0      | 1020.0 | 0.0   | 0.0        | 0.0  | 1020.0      |\n    Then Loan Transactions tab has the following data:\n      | Transaction date | Transaction Type  | Amount | Principal | Interest | Fees | Penalties | Loan Balance | Reverted |\n      | 01 January 2024  | Disbursement      | 1000.0 | 0.0       | 0.0      | 0.0  | 0.0       | 1000.0       | false    |\n      | 09 March 2024    | Re-age            | 1000.0 | 1000.0    | 0.0      | 0.0  | 0.0       | 0.0          | false    |\n    Then Loan Charges tab has the following data:\n      | Name    | isPenalty | Payment due at       | Due as of       | Calculation type | Due  | Paid | Waived | Outstanding |\n      | NSF fee | true      | Specified due date   | 01 October 2024 | Flat             | 20.0 | 0.0  | 0.0    | 20.0        |\n    When Loan Pay-off is made on ""09 March 2024""\n    Then Loan is closed with zero outstanding balance and it's all installments have obligations met\n\n  @TestRailId:C4082 @AdvancedPaymentAllocation\n  Scenario: Verify that Loan re-aging transaction - before maturity date and removes additional normal installments and not modifies n+1 - UC15\n    When Admin sets the business date to ""01 January 2024""\n    When Admin creates a client with random data\n    When Admin creates a fully customized loan with the following data:\n      | LoanProduct                                                        | submitted on date | with Principal | ANNUAL interest rate % | interest type | interest calculation period | amortization type  | loanTermFrequency | loanTermFrequencyType | repaymentEvery | repaymentFrequencyType | numberOfRepayments | graceOnPrincipalPayment | graceOnInterestPayment | interest free period | Payment strategy            |\n      | LP2_DOWNPAYMENT_ADV_PMT_ALLOC_PROGRESSIVE_LOAN_SCHEDULE_HORIZONTAL | 01 January 2024   | 1000           | 0                      | FLAT          | SAME_AS_REPAYMENT_PERIOD    | EQUAL_INSTALLMENTS | 6                 | MONTHS                  | 1             | MONTHS                   | 6                  | 0                       | 0                      | 0                    | ADVANCED_PAYMENT_ALLOCATION |\n    And Admin successfully approves the loan on ""01 January 2024"" with ""1000"" amount and expected disbursement date on ""01 January 2024""\n    When Admin successfully disburse the loan on ""01 January 2024"" with ""1000"" EUR transaction amount\n    When Admin adds ""LOAN_NSF_FEE"" due date charge with ""1 October 2024"" due date and 20 EUR transaction amount\n    When Admin adds ""LOAN_NSF_FEE"" due date charge with ""1 November 2024"" due date and 30 EUR transaction amount\n    Then Loan Repayment schedule has 8 periods, with the following data for periods:\n      | Nr | Days | Date             | Paid date | Balance of loan | Principal due | Interest | Fees | Penalties | Due   | Paid | In advance | Late | Outstanding |\n      |    |      | 01 January 2024  |           | 1000.0          |               |          | 0.0  |           | 0.0   | 0.0  |            |      |             |\n      | 1  | 0    | 01 January 2024  |           | 750.0           | 250.0         | 0.0      | 0.0  | 0.0       | 250.0 | 0.0  | 0.0        | 0.0  | 250.0       |\n      | 2  | 31   | 01 February 2024 |           | 625.0           | 125.0         | 0.0      | 0.0  | 0.0       | 125.0 | 0.0  | 0.0        | 0.0  | 125.0       |\n      | 3  | 29   | 01 March 2024    |           | 500.0           | 125.0         | 0.0      | 0.0  | 0.0       | 125.0 | 0.0  | 0.0        | 0.0  | 125.0       |\n      | 4  | 31   | 01 April 2024    |           | 375.0           | 125.0         | 0.0      | 0.0  | 0.0       | 125.0 | 0.0  | 0.0        | 0.0  | 125.0       |\n      | 5  | 30   | 01 May 2024      |           | 250.0           | 125.0         | 0.0      | 0.0  | 0.0       | 125.0 | 0.0  | 0.0        | 0.0  | 125.0       |\n      | 6  | 31   | 01 June 2024     |           | 125.0           | 125.0         | 0.0      | 0.0  | 0.0       | 125.0 | 0.0  | 0.0        | 0.0  | 125.0       |\n      | 7  | 30   | 01 July 2024     |           | 0.0             | 125.0         | 0.0      | 0.0  | 0.0       | 125.0 | 0.0  | 0.0        | 0.0  | 125.0       |\n      | 8  | 123  | 01 November 2024 |           | 0.0             |   0.0         | 0.0      | 0.0  | 50.0      | 50.0  | 0.0  | 0.0        | 0.0  | 50.0        |\n    Then Loan Repayment schedule has the following data in Total row:\n      | Principal due | Interest | Fees | Penalties | Due    | Paid  | In advance | Late | Outstanding |\n      | 1000.0        | 0.0      | 0.0  | 50.0      | 1050.0 | 0.0   | 0.0        | 0.0  | 1050.0      |\n    Then Loan Transactions tab has the following data:\n      | Transaction date | Transaction Type  | Amount | Principal | Interest | Fees | Penalties | Loan Balance | Reverted |\n      | 01 January 2024  | Disbursement      | 1000.0 | 0.0       | 0.0      | 0.0  | 0.0       | 1000.0       | false    |\n    Then Loan Charges tab has the following data:\n      | Name    | isPenalty | Payment due at       | Due as of       | Calculation type | Due  | Paid | Waived | Outstanding |\n      | NSF fee | true      | Specified due date   | 01 October 2024 | Flat             | 20.0 | 0.0  | 0.0    | 20.0        |\n      | NSF fee | true      | Specified due date   | 01 November 2024| Flat             | 30.0 | 0.0  | 0.0    | 30.0        |\n# --- add re-age transaction --- #\n    When Admin sets the business date to ""09 March 2024""\n    When Admin creates a Loan re-aging preview by Loan external ID with the following data:\n      | frequencyNumber | frequencyType | startDate     | numberOfInstallments |\n      | 1               | MONTHS        | 15 March 2024 | 2                    |\n    Then Loan Re-Aged Repayment schedule preview has 7 periods, with the following data for periods:\n      | Nr | Days | Date             | Paid date     | Balance of loan | Principal due | Interest | Fees | Penalties | Due    | Paid | In advance | Late | Outstanding |\n      |    |      | 01 January 2024  |               | 1000.0          | 0.0           | 0.0      | 0.0  | 0.0       | 0.0    | 0.0  |            |      |             |\n      | 1  | 0    | 01 January 2024   ... [TRUNCATED - EXCEEDS EXCEL LIMIT]"
109,Finance/Banking,Apache Fineract,LoanDownPayment-Part2.feature,https://github.com/apache/fineract/blob/develop/fineract-e2e-tests-runner/src/test/resources/features/LoanDownPayment-Part2.feature,"@LoanDownPaymentFeature\nFeature: Loan DownPayment - Part2\n\n  @TestRailId:C3063 @AdvancedPaymentAllocation\n  Scenario: Verify enhanced auto downpayment for overpaid loans - UC3: overpaid amount < second disbursement amount BUT overpaid amount > related downpayment amount\n    When Admin sets the business date to ""01 February 2024""\n    When Admin creates a client with random data\n    When Admin set ""LP2_DOWNPAYMENT_AUTO_ADVANCED_PAYMENT_ALLOCATION"" loan product ""DEFAULT"" transaction type to ""NEXT_INSTALLMENT"" future installment allocation rule\n    When Admin creates a fully customized loan with the following data:\n      | LoanProduct                                      | submitted on date | with Principal | ANNUAL interest rate % | interest type | interest calculation period | amortization type  | loanTermFrequency | loanTermFrequencyType | repaymentEvery | repaymentFrequencyType | numberOfRepayments | graceOnPrincipalPayment | graceOnInterestPayment | interest free period | Payment strategy            |\n      | LP2_DOWNPAYMENT_AUTO_ADVANCED_PAYMENT_ALLOCATION | 01 February 2024  | 1000           | 0                      | FLAT          | SAME_AS_REPAYMENT_PERIOD    | EQUAL_INSTALLMENTS | 45                | DAYS                  | 15             | DAYS                   | 3                  | 0                       | 0                      | 0                    | ADVANCED_PAYMENT_ALLOCATION |\n    And Admin successfully approves the loan on ""01 February 2024"" with ""1000"" amount and expected disbursement date on ""01 February 2024""\n    When Admin successfully disburse the loan on ""01 February 2024"" with ""500"" EUR transaction amount\n    When Admin sets the business date to ""16 February 2024""\n    And Customer makes ""AUTOPAY"" repayment on ""16 February 2024"" with 575 EUR transaction amount\n    Then Loan status will be ""OVERPAID""\n    Then Loan has 200 overpaid amount\n    When Admin sets the business date to ""20 February 2024""\n    When Admin successfully disburse the loan on ""20 February 2024"" with ""400"" EUR transaction amount\n    Then Loan status will be ""ACTIVE""\n    Then Loan has 200 outstanding amount\n    Then Loan Repayment schedule has 5 periods, with the following data for periods:\n      | Nr | Days | Date             | Paid date        | Balance of loan | Principal due | Interest | Fees | Penalties | Due   | Paid  | In advance | Late | Outstanding |\n      |    |      | 01 February 2024 |                  | 500.0           |               |          | 0.0  |           | 0.0   | 0.0   |            |      |             |\n      | 1  | 0    | 01 February 2024 | 01 February 2024 | 375.0           | 125.0         | 0.0      | 0.0  | 0.0       | 125.0 | 125.0 | 0.0        | 0.0  | 0.0         |\n      | 2  | 15   | 16 February 2024 | 16 February 2024 | 250.0           | 125.0         | 0.0      | 0.0  | 0.0       | 125.0 | 125.0 | 0.0        | 0.0  | 0.0         |\n      |    |      | 20 February 2024 |                  | 400.0           |               |          | 0.0  |           | 0.0   | 0.0   |            |      |             |\n      | 3  | 0    | 20 February 2024 | 20 February 2024 | 550.0           | 100.0         | 0.0      | 0.0  | 0.0       | 100.0 | 100.0 | 0.0        | 0.0  | 0.0         |\n      | 4  | 15   | 02 March 2024    |                  | 275.0           | 275.0         | 0.0      | 0.0  | 0.0       | 275.0 | 225.0 | 225.0      | 0.0  | 50.0        |\n      | 5  | 15   | 17 March 2024    |                  | 0.0             | 275.0         | 0.0      | 0.0  | 0.0       | 275.0 | 125.0 | 125.0      | 0.0  | 150.0       |\n    Then Loan Repayment schedule has the following data in Total row:\n      | Principal due | Interest | Fees | Penalties | Due   | Paid  | In advance | Late | Outstanding |\n      | 900.0         | 0.0      | 0.0  | 0.0       | 900.0 | 700.0 | 350.0      | 0.0  | 200.0       |\n    Then Loan Transactions tab has the following data:\n      | Transaction date | Transaction Type | Amount | Principal | Interest | Fees | Penalties | Loan Balance |\n      | 01 February 2024 | Disbursement     | 500.0  | 0.0       | 0.0      | 0.0  | 0.0       | 500.0        |\n      | 01 February 2024 | Down Payment     | 125.0  | 125.0     | 0.0      | 0.0  | 0.0       | 375.0        |\n      | 16 February 2024 | Repayment        | 575.0  | 375.0     | 0.0      | 0.0  | 0.0       | 0.0          |\n      | 20 February 2024 | Disbursement     | 400.0  | 0.0       | 0.0      | 0.0  | 0.0       | 200.0        |\n# --- close the loan --- #\n    When Loan Pay-off is made on ""20 February 2024""\n    Then Loan is closed with zero outstanding balance and it's all installments have obligations met\n\n  @TestRailId:C3064 @AdvancedPaymentAllocation\n  Scenario: Verify enhanced auto downpayment for overpaid loans - UC4: overpaid amount < second disbursement amount AND overpaid amount < related downpayment amount\n    When Admin sets the business date to ""01 February 2024""\n    When Admin creates a client with random data\n    When Admin set ""LP2_DOWNPAYMENT_AUTO_ADVANCED_PAYMENT_ALLOCATION"" loan product ""DEFAULT"" transaction type to ""NEXT_INSTALLMENT"" future installment allocation rule\n    When Admin creates a fully customized loan with the following data:\n      | LoanProduct                                      | submitted on date | with Principal | ANNUAL interest rate % | interest type | interest calculation period | amortization type  | loanTermFrequency | loanTermFrequencyType | repaymentEvery | repaymentFrequencyType | numberOfRepayments | graceOnPrincipalPayment | graceOnInterestPayment | interest free period | Payment strategy            |\n      | LP2_DOWNPAYMENT_AUTO_ADVANCED_PAYMENT_ALLOCATION | 01 February 2024  | 1000           | 0                      | FLAT          | SAME_AS_REPAYMENT_PERIOD    | EQUAL_INSTALLMENTS | 45                | DAYS                  | 15             | DAYS                   | 3                  | 0                       | 0                      | 0                    | ADVANCED_PAYMENT_ALLOCATION |\n    And Admin successfully approves the loan on ""01 February 2024"" with ""1000"" amount and expected disbursement date on ""01 February 2024""\n    When Admin successfully disburse the loan on ""01 February 2024"" with ""500"" EUR transaction amount\n    When Admin sets the business date to ""16 February 2024""\n    And Customer makes ""AUTOPAY"" repayment on ""16 February 2024"" with 475 EUR transaction amount\n    Then Loan status will be ""OVERPAID""\n    Then Loan has 100 overpaid amount\n    When Admin sets the business date to ""20 February 2024""\n    When Admin successfully disburse the loan on ""20 February 2024"" with ""600"" EUR transaction amount\n    Then Loan status will be ""ACTIVE""\n    Then Loan has 450 outstanding amount\n    Then Loan Repayment schedule has 5 periods, with the following data for periods:\n      | Nr | Days | Date             | Paid date        | Balance of loan | Principal due | Interest | Fees | Penalties | Due   | Paid  | In advance | Late | Outstanding |\n      |    |      | 01 February 2024 |                  | 500.0           |               |          | 0.0  |           | 0.0   | 0.0   |            |      |             |\n      | 1  | 0    | 01 February 2024 | 01 February 2024 | 375.0           | 125.0         | 0.0      | 0.0  | 0.0       | 125.0 | 125.0 | 0.0        | 0.0  | 0.0         |\n      | 2  | 15   | 16 February 2024 | 16 February 2024 | 250.0           | 125.0         | 0.0      | 0.0  | 0.0       | 125.0 | 125.0 | 0.0        | 0.0  | 0.0         |\n      |    |      | 20 February 2024 |                  | 600.0           |               |          | 0.0  |           | 0.0   | 0.0   |            |      |             |\n      | 3  | 0    | 20 February 2024 | 20 February 2024 | 700.0           | 150.0         | 0.0      | 0.0  | 0.0       | 150.0 | 150.0 | 0.0        | 0.0  | 0.0         |\n      | 4  | 15   | 02 March 2024    |                  | 350.0           | 350.0         | 0.0      | 0.0  | 0.0       | 350.0 | 125.0 | 125.0      | 0.0  | 225.0       |\n      | 5  | 15   | 17 March 2024    |                  | 0.0             | 350.0         | 0.0      | 0.0  | 0.0       | 350.0 | 125.0 | 125.0      | 0.0  | 225.0       |\n    Then Loan Repayment schedule has the following data in Total row:\n      | Principal due | Interest | Fees | Penalties | Due    | Paid  | In advance | Late | Outstanding |\n      | 1100.0        | 0.0      | 0.0  | 0.0       | 1100.0 | 650.0 | 250.0      | 0.0  | 450.0       |\n    Then Loan Transactions tab has the following data:\n      | Transaction date | Transaction Type | Amount | Principal | Interest | Fees | Penalties | Loan Balance |\n      | 01 February 2024 | Disbursement     | 500.0  | 0.0       | 0.0      | 0.0  | 0.0       | 500.0        |\n      | 01 February 2024 | Down Payment     | 125.0  | 125.0     | 0.0      | 0.0  | 0.0       | 375.0        |\n      | 16 February 2024 | Repayment        | 475.0  | 375.0     | 0.0      | 0.0  | 0.0       | 0.0          |\n      | 20 February 2024 | Disbursement     | 600.0  | 0.0       | 0.0      | 0.0  | 0.0       | 500.0        |\n      | 20 February 2024 | Down Payment     | 50.0   | 50.0      | 0.0      | 0.0  | 0.0       | 450.0        |\n# --- close the loan --- #\n    When Loan Pay-off is made on ""20 February 2024""\n    Then Loan is closed with zero outstanding balance and it's all installments have obligations met\n\n  @TestRailId:C3065 @AdvancedPaymentAllocation\n  Scenario: Verify enhanced auto downpayment for overpaid loans - UC5: repayment reverted\n    When Admin sets the business date to ""01 February 2024""\n    When Admin creates a client with random data\n    When Admin set ""LP2_DOWNPAYMENT_AUTO_ADVANCED_PAYMENT_ALLOCATION"" loan product ""DEFAULT"" transaction type to ""NEXT_INSTALLMENT"" future installment allocation rule\n    When Admin creates a fully customized loan with the following data:\n      | LoanProduct                                      | submitted on date | with Principal | ANNUAL interest rate % | interest type | interest calculation period | amortization type  | loanTermFrequency | loanTermFrequencyType | repaymentEvery | repaymentFrequencyType | numberOfRepayments | graceOnPrincipalPayment | graceOnInterestPayment | interest free period | Payment strategy            |\n      | LP2_DOWNPAYMENT_AUTO_ADVANCED_PAYMENT_ALLOCATION | 01 February 2024  | 1000           | 0                      | FLAT          | SAME_AS_REPAYMENT_PERIOD    | EQUAL_INSTALLMENTS | 45                | DAYS                  | 15             | DAYS                   | 3                  | 0                       | 0                      | 0                    | ADVANCED_PAYMENT_ALLOCATION |\n    And Admin successfully approves the loan on ""01 February 2024"" with ""1000"" amount and expected disbursement date on ""01 February 2024""\n    When Admin successfully disburse the loan on ""01 February 2024"" with ""500"" EUR transaction amount\n    When Admin sets the business date to ""10 February 2024""\n    And Customer makes ""AUTOPAY"" repayment on ""10 February 2024"" with 100 EUR transaction amount\n    Then Loan has 275 outstanding amount\n    When Admin sets the business date to ""16 February 2024""\n    And Customer makes ""AUTOPAY"" repayment on ""16 February 2024"" with 375 EUR transaction amount\n    Then Loan status will be ""OVERPAID""\n    Then Loan has 100 overpaid amount\n    When Admin sets the business date to ""20 February 2024""\n    When Admin successfully disburse the loan on ""20 February 2024"" with ""600"" EUR transaction amount\n    Then Loan status will be ""ACTIVE""\n    Then Loan has 450 outstanding amount\n    When Customer undo ""1""th ""Repayment"" transaction made on ""16 February 2024""\n    Then Loan Repayment schedule has 5 periods, with the following data for periods:\n      | Nr | Days | Date             | Paid date        | Balance of loan | Principal due | Interest | Fees | Penalties | Due   | Paid  | In advance | Late | Outstanding |\n      |    |      | 01 February 2024 |                  | 500.0           |               |          | 0.0  |           | 0.0   | 0.0   |            |      |             |\n      | 1  | 0    | 01 February 2024 | 01 February 2024 | 375.0           | 125.0         | 0.0      | 0.0  | 0.0       | 125.0 | 125.0 | 0.0        | 0.0  | 0.0         |\n      | 2  | 15   | 16 February 2024 | 20 February 2024 | 250.0           | 125.0         | 0.0      | 0.0  | 0.0       | 125.0 | 125.0 | 100.0      | 25.0 | 0.0         |\n      |    |      | 20 February 2024 |                  | 600.0           |               |          | 0.0  |           | 0.0   | 0.0   |            |      |             |\n      | 3  | 0    | 20 February 2024 |                  | 700.0           | 150.0         | 0.0      | 0.0  | 0.0       | 150.0 | 25.0  | 0.0        | 0.0  | 125.0       |\n      | 4  | 15   | 02 March 2024    |                  | 350.0           | 350.0         | 0.0      | 0.0  | 0.0       | 350.0 | 0.0   | 0.0        | 0.0  | 350.0       |\n      | 5  | 15   | 17 March 2024    |                  | 0.0             | 350.0         | 0.0      | 0.0  | 0.0       | 350.0 | 0.0   | 0.0        | 0.0  | 350.0       |\n    Then Loan Repayment schedule has the following data in Total row:\n      | Principal due | Interest | Fees | Penalties | Due    | Paid  | In advance | Late | Outstanding |\n      | 1100.0        | 0.0      | 0.0  | 0.0       | 1100.0 | 275.0 | 100.0      | 25.0 | 825.0       |\n    Then Loan Transactions tab has the following data:\n      | Transaction date | Transaction Type | Amount | Principal | Interest | Fees | Penalties | Loan Balance | Reverted |\n      | 01 February 2024 | Disbursement     | 500.0  | 0.0       | 0.0      | 0.0  | 0.0       | 500.0        | false    |\n      | 01 February 2024 | Down Payment     | 125.0  | 125.0     | 0.0      | 0.0  | 0.0       | 375.0        | false    |\n      | 10 February 2024 | Repayment        | 100.0  | 100.0     | 0.0      | 0.0  | 0.0       | 275.0        | false    |\n      | 16 February 2024 | Repayment        | 375.0  | 275.0     | 0.0      | 0.0  | 0.0       | 0.0          | true     |\n      | 20 February 2024 | Disbursement     | 600.0  | 0.0       | 0.0      | 0.0  | 0.0       | 875.0        | false    |\n      | 20 February 2024 | Down Payment     | 50.0   | 50.0      | 0.0      | 0.0  | 0.0       | 825.0        | false    |\n# --- close the loan --- #\n    When Loan Pay-off is made on ""20 February 2024""\n    Then Loan is closed with zero outstanding balance and it's all installments have obligations met\n\n  @TestRailId:C3105 @AdvancedPaymentAllocation\n  Scenario: Verify multi disbursement on same day with Advanced payment allocation works properly\n    When Admin sets the business date to ""01 February 2024""\n    When Admin creates a client with random data\n    When Admin set ""LP2_DOWNPAYMENT_AUTO_ADVANCED_PAYMENT_ALLOCATION"" loan product ""DEFAULT"" transaction type to ""NEXT_INSTALLMENT"" future installment allocation rule\n    When Admin creates a fully customized loan with the following data:\n      | LoanProduct                                      | submitted on date | with Principal | ANNUAL interest rate % | interest type | interest calculation period | amortization type  | loanTermFrequency | loanTermFrequencyType | repaymentEvery | repaymentFrequencyType | numberOfRepayments | graceOnPrincipalPayment | graceOnInterestPayment | interest free period | Payment strategy            |\n      | LP2_DOWNPAYMENT_AUTO_ADVANCED_PAYMENT_ALLOCATION | 01 February 2024  | 1000           | 0                      | FLAT          | SAME_AS_REPAYMENT_PERIOD    | EQUAL_INSTALLMENTS | 45                | DAYS                  | 15             | DAYS                   | 3                  | 0                       | 0                      | 0                    | ADVANCED_PAYMENT_ALLOCATION |\n    And Admin successfully approves the loan on ""01 February 2024"" with ""1000"" amount and expected disbursement date on ""01 February 2024""\n    When Admin successfully disburse the loan on ""01 February 2024"" with ""100"" EUR transaction amount\n    Then Loan Repayment schedule has 4 periods, with the following data for periods:\n      | Nr | Days | Date             | Paid date        | Balance of loan | Principal due | Interest | Fees | Penalties | Due  | Paid | In advance | Late | Outstanding |\n      |    |      | 01 February 2024 |                  | 100.0           |               |          | 0.0  |           | 0.0  | 0.0  |            |      |             |\n      | 1  | 0    | 01 February 2024 | 01 February 2024 | 75.0            | 25.0          | 0.0      | 0.0  | 0.0       | 25.0 | 25.0 | 0.0        | 0.0  | 0.0         |\n      | 2  | 15   | 16 February 2024 |                  | 50.0            | 25.0          | 0.0      | 0.0  | 0.0       | 25.0 | 0.0  | 0.0        | 0.0  | 25.0        |\n      | 3  | 15   | 02 March 2024    |                  | 25.0            | 25.0          | 0.0      | 0.0  | 0.0       | 25.0 | 0.0  | 0.0        | 0.0  | 25.0        |\n      | 4  | 15   | 17 March 2024    |                  | 0.0             | 25.0          | 0.0      | 0.0  | 0.0       | 25.0 | 0.0  | 0.0        | 0.0  | 25.0        |\n    Then Loan Repayment schedule has the following data in Total row:\n      | Principal due | Interest | Fees | Penalties | Due   | Paid | In advance | Late | Outstanding |\n      | 100.0         | 0.0      | 0.0  | 0.0       | 100.0 | 25.0 | 0.0        | 0.0  | 75.0        |\n    Then Loan Transactions tab has the following data:\n      | Transaction date | Transaction Type | Amount | Principal | Interest | Fees | Penalties | Loan Balance | Reverted |\n      | 01 February 2024 | Disbursement     | 100.0  | 0.0       | 0.0      | 0.0  | 0.0       | 100.0        | false    |\n      | 01 February 2024 | Down Payment     | 25.0   | 25.0      | 0.0      | 0.0  | 0.0       | 75.0         | false    |\n    When Admin sets the business date to ""02 February 2024""\n    When Admin successfully disburse the loan on ""02 February 2024"" with ""1000"" EUR transaction amount\n    Then Loan Repayment schedule has 5 periods, with the following data for periods:\n      | Nr | Days | Date             | Paid date        | Balance of loan | Principal due | Interest | Fees | Penalties | Due   | Paid  | In advance | Late | Outstanding |\n      |    |      | 01 February 2024 |                  | 100.0           |               |          | 0.0  |           | 0.0   | 0.0   |            |      |             |\n      | 1  | 0    | 01 February 2024 | 01 February 2024 | 75.0            | 25.0          | 0.0      | 0.0  | 0.0       | 25.0  | 25.0  | 0.0        | 0.0  | 0.0         |\n      |    |      | 02 February 2024 |                  | 1000.0          |               |          | 0.0  |           | 0.0   | 0.0   |            |      |             |\n      | 2  | 0    | 02 February 2024 | 02 February 2024 | 825.0           | 250.0         | 0.0      | 0.0  | 0.0       | 250.0 | 250.0 | 0.0        | 0.0  | 0.0         |\n      | 3  | 15   | 16 February 2024 |                  | 550.0           | 275.0         | 0.0      | 0.0  | 0.0       | 275.0 | 0.0   | 0.0        | 0.0  | 275.0       |\n      | 4  | 15   | 02 March 2024    |                  | 275.0           | 275.0         | 0.0      | 0.0  | 0.0       | 275.0 | 0.0   | 0.0        | 0.0  | 275.0       |\n      | 5  | 15   | 17 March 2024    |                  | 0.0             | 275.0         | 0.0      | 0.0  | 0.0       | 275.0 | 0.0   | 0.0        | 0.0  | 275.0       |\n    Then Loan Repayment schedule has the following data in Total row:\n      | Principal due | Interest | Fees | Penalties | Due    | Paid  | In advance | Late | Outstanding |\n      | 1100.0        | 0.0      | 0.0  | 0.0       | 1100.0 | 275.0 | 0.0        | 0.0  | 825.0       |\n    Then Loan Transactions tab has the following data:\n      | Transaction date | Transaction Type | Amount | Principal | Interest | Fees | Penalties | Loan Balance | Reverted |\n      | 01 February 2024 | Disbursement     | 100.0  | 0.0       | 0.0      | 0.0  | 0.0       | 100.0        | false    |\n      | 01 February 2024 | Down Payment     | 25.0   | 25.0      | 0.0      | 0.0  | 0.0       | 75.0         | false    |\n      | 02 February 2024 | Disbursement     | 1000.0 | 0.0       | 0.0      | 0.0  | 0.0       | 1075.0       | false    |\n      | 02 February 2024 | Down Payment     | 250.0  | 250.0     | 0.0      | 0.0  | 0.0       | 825.0        | false    |\n    When Admin successfully disburse the loan on ""02 February 2024"" with ""112"" EUR transaction amount\n    Then Loan Repayment schedule has 6 periods, with the following data for periods:\n      | Nr | Days | Date             | Paid date        | Balance of loan | Principal due | Interest | Fees | Penalties | Due   | Paid  | In advance | Late | Outstanding |\n      |    |      | 01 February 2024 |                  | 100.0           |               |          | 0.0  |           | 0.0   | 0.0   |            |      |             |\n      | 1  | 0    | 01 February 2024 | 01 February 2024 | 75.0            | 25.0          | 0.0      | 0.0  | 0.0       | 25.0  | 25.0  | 0.0        | 0.0  | 0.0         |\n      |    |      | 02 February 2024 |                  | 1000.0          |               |          | 0.0  |           | 0.0   | 0.0   |            |      |             |\n      |    |      | 02 February 2024 |                  | 112.0           |               |          | 0.0  |           | 0.0   | 0.0   |            |      |             |\n      | 2  | 0    | 02 February 2024 | 02 February 2024 | 937.0           | 250.0         | 0.0      | 0.0  | 0.0       | 250.0 | 250.0 | 0.0        | 0.0  | 0.0         |\n      | 3  | 0    | 02 February 2024 | 02 February 2024 | 909.0           | 28.0          | 0.0      | 0.0  | 0.0       | 28.0  | 28.0  | 0.0        | 0.0  | 0.0         |\n      | 4  | 15   | 16 February 2024 |                  | 606.0           | 303.0         | 0.0      | 0.0  | 0.0       | 303.0 | 0.0   | 0.0        | 0.0  | 303.0       |\n      | 5  | 15   | 02 March 2024    |                  | 303.0           | 303.0         | 0.0      | 0.0  | 0.0       | 303.0 | 0.0   | 0.0        | 0.0  | 303.0       |\n      | 6  | 15   | 17 March 2024    |                  | 0.0             | 303.0         | 0.0      | 0.0  | 0.0       | 303.0 | 0.0   | 0.0        | 0.0  | 303.0       |\n    Then Loan Repayment schedule has the following data in Total row:\n      | Principal due | Interest | Fees | Penalties | Due    | Paid  | In advance | Late | Outstanding |\n      | 1212.0        | 0.0      | 0.0  | 0.0       | 1212.0 | 303.0 | 0.0        | 0.0  | 909.0       |\n    Then Loan Transactions tab has the following data:\n      | Transaction date | Transaction Type | Amount | Principal | Interest | Fees | Penalties | Loan Balance | Reverted |\n      | 01 February 2024 | Disbursement     | 100.0  | 0.0       | 0.0      | 0.0  | 0.0       | 100.0        | false    |\n      | 01 February 2024 | Down Payment     | 25.0   | 25.0      | 0.0      | 0.0  | 0.0       | 75.0         | false    |\n      | 02 February 2024 | Disbursement     | 1000.0 | 0.0       | 0.0      | 0.0  | 0.0       | 1075.0       | false    |\n      | 02 February 2024 | Down Payment     | 250.0  | 250.0     | 0.0      | 0.0  | 0.0       | 825.0        | false    |\n      | 02 February 2024 | Disbursement     | 112.0  | 0.0       | 0.0      | 0.0  | 0.0       | 937.0        | false    |\n      | 02 February 2024 | Down Payment     | 28.0   | 28.0      | 0.0      | 0.0  | 0.0       | 909.0        | false    |\n# --- close the loan --- #\n    When Loan Pay-off is made on ""02 February 2024""\n    Then Loan is closed with zero outstanding balance and it's all installments have obligations met\n\n  @TestRailId:C3162\n  Scenario: Verify that downpayment can be enabled during loan creation if the product has downpayment enabled\n    When Admin sets the business date to ""01 January 2022""\n    When Admin creates a client with random data\n    When Admin creates a fully customized loan with forced disabled downpayment with the following data:\n      | LoanProduct     | submitted on date | with Principal | ANNUAL interest rate % | interest type     | interest calculation period | amortization type  | loanTermFrequency | loanTermFrequencyType | repaymentEvery | repaymentFrequencyType | numberOfRepayments | graceOnPrincipalPayment | graceOnInterestPayment | interest free period | Payment strategy                                                             |\n      | LP2_DOWNPAYMENT | 01 January 2022   | 1000           | 0                      | DECLINING_BALANCE | SAME_AS_REPAYMENT_PERIOD    | EQUAL_INSTALLMENTS | 3                 | MONTHS                | 1              | MONTHS                 | 3                  | 0                       | 0                      | 0                    | DUE_PENALTY_INTEREST_PRINCIPAL_FEE_IN_ADVANCE_PENALTY_INTEREST_PRINCIPAL_FEE |\n    And Admin successfully approves the loan on ""01 January 2022"" with ""1000"" amount and expected disbursement date on ""01 January 2023""\n    When Admin successfully disburse the loan on ""01 January 2022"" with ""1000"" EUR transaction amount\n    Then Loan Repayment schedule has 3 periods, with the following data for periods:\n      | Nr | Days | Date             | Paid date | Balance of loan | Principal due | Interest | Fees | Penalties | Due   | Paid | In advance | Late | Outstanding |\n      |    |      | 01 January 2022  |           | 1000.0          |               |          | 0.0  |           | 0.0   | 0.0  |            |      |             |\n      | 1  | 31   | 01 February 2022 |           | 667.0           | 333.0         | 0.0      | 0.0  | 0.0       | 333.0 | 0.0  | 0.0        | 0.0  | 333.0       |\n      | 2  | 28   | 01 March 2022    |           | 334.0           | 333.0         | 0.0      | 0.0  | 0.0       | 333.0 | 0.0  | 0.0        | 0.0  | 333.0       |\n      | 3  | 31   | 01 April 2022    |           | 0.0             | 334.0         | 0.0      | 0.0  | 0.0       | 334.0 | 0.0  | 0.0        | 0.0  | 334.0       |\n    Then Loan Repayment schedule has the following data in Total row:\n      | Principal due | Interest | Fees | Penalties | Due    | Paid | In advance | Late | Outstanding |\n      | 1000.0        | 0        | 0    | 0         | 1000.0 | 0.0  | 0          | 0    | 1000        |\n    Then Loan Transactions tab has the following data:\n      | Transaction date | Transaction Type | Amount | Principal | Interest | Fees | Penalties | Loan Balance | Reverted |\n      | 01 January 2022  | Disbursement     | 1000.0 | 0.0       | 0.0      | 0.0  | 0.0       | 1000.0       | false    |\n# --- close the loan --- #\n    When Loan Pay-off is made on ""1 January 2022""\n    Then Loan is closed with zero outstanding balance and it's all installments have obligations met\n\n  @TestRailId:C3163\n  Scenario: Verify that downpayment cannot be enabled during loan creation if the product has downpayment disabled\n    When Admin sets the business date to ""01 January 2022""\n    When Admin creates a client with random data\n    Then Admin fails to create a fully customized loan with forced enabled downpayment with the following data:\n      | LoanProduct                                    | submitted on date | with Principal | ANNUAL interest rate % | interest type | interest calculation period | amortization type  | loanTermFrequency | loanTermFrequencyType | repaymentEvery | repaymentFrequencyType | numberOfRepayments | graceOnPrincipalPayment | graceOnInterestPayment | interest free period | Payment strategy            |\n      | LP2_ADV_PYMNT_INTEREST_DAILY_EMI_ACTUAL_ACTUAL | 01 January 2022   | 1000           | 0                      | FLAT          | SAME_AS_REPAYMENT_PERIOD    | EQUAL_INSTALLMENTS | 3                 | MONTHS                | 1              | MONTHS                 | 3                  | 0                       | 0                      | 0                    | ADVANCED_PAYMENT_ALLOCATION |\n\n  @TestRailId:C3180\n  Scenario: Verify that auto repayment and downpayment percentage value can be set during loan creation in case of downpayment is enabled on Loan product level - UC1\n    When Admin sets the business date to ""01 July 2024""\n    When Admin creates a client with random data\n    When Admin creates a fully customized loan with auto downpayment 15% and with the following data:\n      | LoanProduct     | submitted on date | with Principal | ANNUAL interest rate % | interest type     | interest calculation period | amortization type  | loanTermFrequency | loanTermFrequencyType | repaymentEvery | repaymentFrequencyType | numberOfRepayments | graceOnPrincipalPayment | graceOnInterestPayment | interest free period | Payment strategy                                                             |\n      | LP2_DOWNPAYMENT | 01 July 2024      | 1000           | 0                      | DECLINING_BALANCE | SAME_AS_REPAYMENT_PERIOD    | EQUAL_INSTALLMENTS | 3                 | MONTHS                | 1              | MONTHS                 | 3                  | 0                       | 0                      | 0                    | DUE_PENALTY_INTEREST_PRINCIPAL_FEE_IN_ADVANCE_PENALTY_INTEREST_PRINCIPAL_FEE |\n    And Admin successfully approves the loan on ""01 July 2024"" with ""1000"" amount and expected disbursement date on ""01 July 2024""\n    When Admin successfully disburse the loan on ""01 July 2024"" with ""1000"" EUR transaction amount\n    Then Loan Repayment schedule has 4 periods, with the following data for periods:\n      | Nr | Days | Date              | Paid date    | Balance of loan | Principal due | Interest | Fees | Penalties | Due   | Paid  | In advance | Late | Outstanding |\n      |    |      | 01 July 2024      |              | 1000.0          |               |          | 0. ... [TRUNCATED - EXCEEDS EXCEL LIMIT]"
110,Finance/Banking,Apache Fineract,LoanChargesProgressiveLoan.feature,https://github.com/apache/fineract/blob/develop/fineract-e2e-tests-runner/src/test/resources/features/LoanChargesProgressiveLoan.feature,"@LoanChargesProgressiveLoanFeature\nFeature: LoanChargesProgressiveLoan\n\n  @TestRailId:C2910\n  Scenario: Verify that adding charge on a closed loan after maturity date is creating an N+1 installment - LP2 auto payment enabled\n    When Admin sets the business date to ""01 October 2023""\n    When Admin creates a client with random data\n    When Admin creates a fully customized loan with the following data:\n      | LoanProduct          | submitted on date | with Principal | ANNUAL interest rate % | interest type     | interest calculation period | amortization type  | loanTermFrequency | loanTermFrequencyType | repaymentEvery | repaymentFrequencyType | numberOfRepayments | graceOnPrincipalPayment | graceOnInterestPayment | interest free period | Payment strategy                                                             |\n      | LP2_DOWNPAYMENT_AUTO | 01 October 2023   | 1000           | 0                      | DECLINING_BALANCE | SAME_AS_REPAYMENT_PERIOD    | EQUAL_INSTALLMENTS | 45                | DAYS                  | 15             | DAYS                   | 3                  | 0                       | 0                      | 0                    | DUE_PENALTY_INTEREST_PRINCIPAL_FEE_IN_ADVANCE_PENALTY_INTEREST_PRINCIPAL_FEE |\n    And Admin successfully approves the loan on ""01 October 2023"" with ""1000"" amount and expected disbursement date on ""01 October 2023""\n    When Admin successfully disburse the loan on ""01 October 2023"" with ""1000"" EUR transaction amount\n    When Admin sets the business date to ""16 October 2023""\n    And Customer makes ""AUTOPAY"" repayment on ""16 October 2023"" with 250 EUR transaction amount\n    When Admin sets the business date to ""31 October 2023""\n    And Customer makes ""AUTOPAY"" repayment on ""31 October 2023"" with 250 EUR transaction amount\n    When Admin sets the business date to ""15 November 2023""\n    And Customer makes ""AUTOPAY"" repayment on ""15 November 2023"" with 250 EUR transaction amount\n    Then Loan status will be ""CLOSED_OBLIGATIONS_MET""\n    Then Loan has 0 outstanding amount\n    When Admin sets the business date to ""16 November 2023""\n    When Admin adds ""LOAN_SNOOZE_FEE"" due date charge with ""16 November 2023"" due date and 20 EUR transaction amount\n    Then Loan Repayment schedule has 5 periods, with the following data for periods:\n      | Nr | Days | Date             | Paid date        | Balance of loan | Principal due | Interest | Fees | Penalties | Due   | Paid  | In advance | Late | Outstanding |\n      |    |      | 01 October 2023  |                  | 1000.0          |               |          | 0.0  |           | 0.0   | 0.0   |            |      |             |\n      | 1  | 0    | 01 October 2023  | 01 October 2023  | 750.0           | 250.0         | 0.0      | 0.0  | 0.0       | 250.0 | 250.0 | 0.0        | 0.0  | 0.0         |\n      | 2  | 15   | 16 October 2023  | 16 October 2023  | 500.0           | 250.0         | 0.0      | 0.0  | 0.0       | 250.0 | 250.0 | 0.0        | 0.0  | 0.0         |\n      | 3  | 15   | 31 October 2023  | 31 October 2023  | 250.0           | 250.0         | 0.0      | 0.0  | 0.0       | 250.0 | 250.0 | 0.0        | 0.0  | 0.0         |\n      | 4  | 15   | 15 November 2023 | 15 November 2023 | 0.0             | 250.0         | 0.0      | 0.0  | 0.0       | 250.0 | 250.0 | 0.0        | 0.0  | 0.0         |\n      | 5  | 1    | 16 November 2023 |                  | 0.0             | 0.0           | 0.0      | 20.0 | 0.0       | 20.0  | 0.0   | 0.0        | 0.0  | 20.0        |\n    Then Loan Repayment schedule has the following data in Total row:\n      | Principal due | Interest | Fees | Penalties | Due    | Paid   | In advance | Late | Outstanding |\n      | 1000.0        | 0        | 20   | 0         | 1020.0 | 1000.0 | 0          | 0    | 20          |\n    Then Loan Transactions tab has the following data:\n      | Transaction date | Transaction Type | Amount | Principal | Interest | Fees | Penalties | Loan Balance |\n      | 01 October 2023  | Disbursement     | 1000.0 | 0.0       | 0.0      | 0.0  | 0.0       | 1000.0       |\n      | 01 October 2023  | Down Payment     | 250.0  | 250.0     | 0.0      | 0.0  | 0.0       | 750.0        |\n      | 16 October 2023  | Repayment        | 250.0  | 250.0     | 0.0      | 0.0  | 0.0       | 500.0        |\n      | 31 October 2023  | Repayment        | 250.0  | 250.0     | 0.0      | 0.0  | 0.0       | 250.0        |\n      | 15 November 2023 | Repayment        | 250.0  | 250.0     | 0.0      | 0.0  | 0.0       | 0.0          |\n    Then Loan Charges tab has the following data:\n      | Name       | isPenalty | Payment due at     | Due as of        | Calculation type | Due  | Paid | Waived | Outstanding |\n      | Snooze fee | false     | Specified due date | 16 November 2023 | Flat             | 20.0 | 0.0  | 0.0    | 20.0        |\n    When Loan Pay-off is made on ""16 November 2023""\n    Then Loan is closed with zero outstanding balance and it's all installments have obligations met\n\n  @TestRailId:C2911\n  Scenario: Verify that adding charge on a closed loan after maturity date is creating an N+1 installment - LP2 auto payment disabled\n    When Admin sets the business date to ""01 October 2023""\n    When Admin creates a client with random data\n    When Admin creates a fully customized loan with the following data:\n      | LoanProduct     | submitted on date | with Principal | ANNUAL interest rate % | interest type     | interest calculation period | amortization type  | loanTermFrequency | loanTermFrequencyType | repaymentEvery | repaymentFrequencyType | numberOfRepayments | graceOnPrincipalPayment | graceOnInterestPayment | interest free period | Payment strategy                                                             |\n      | LP2_DOWNPAYMENT | 01 October 2023   | 1000           | 0                      | DECLINING_BALANCE | SAME_AS_REPAYMENT_PERIOD    | EQUAL_INSTALLMENTS | 45                | DAYS                  | 15             | DAYS                   | 3                  | 0                       | 0                      | 0                    | DUE_PENALTY_INTEREST_PRINCIPAL_FEE_IN_ADVANCE_PENALTY_INTEREST_PRINCIPAL_FEE |\n    And Admin successfully approves the loan on ""01 October 2023"" with ""1000"" amount and expected disbursement date on ""01 October 2023""\n    When Admin successfully disburse the loan on ""01 October 2023"" with ""1000"" EUR transaction amount\n    And Customer makes ""AUTOPAY"" repayment on ""01 October 2023"" with 250 EUR transaction amount\n    When Admin sets the business date to ""16 October 2023""\n    And Customer makes ""AUTOPAY"" repayment on ""16 October 2023"" with 250 EUR transaction amount\n    When Admin sets the business date to ""31 October 2023""\n    And Customer makes ""AUTOPAY"" repayment on ""31 October 2023"" with 250 EUR transaction amount\n    When Admin sets the business date to ""15 November 2023""\n    And Customer makes ""AUTOPAY"" repayment on ""15 November 2023"" with 250 EUR transaction amount\n    Then Loan status will be ""CLOSED_OBLIGATIONS_MET""\n    Then Loan has 0 outstanding amount\n    When Admin sets the business date to ""16 November 2023""\n    When Admin adds ""LOAN_SNOOZE_FEE"" due date charge with ""16 November 2023"" due date and 20 EUR transaction amount\n    Then Loan Repayment schedule has 5 periods, with the following data for periods:\n      | Nr | Days | Date             | Paid date        | Balance of loan | Principal due | Interest | Fees | Penalties | Due   | Paid  | In advance | Late | Outstanding |\n      |    |      | 01 October 2023  |                  | 1000.0          |               |          | 0.0  |           | 0.0   | 0.0   |            |      |             |\n      | 1  | 0    | 01 October 2023  | 01 October 2023  | 750.0           | 250.0         | 0.0      | 0.0  | 0.0       | 250.0 | 250.0 | 0.0        | 0.0  | 0.0         |\n      | 2  | 15   | 16 October 2023  | 16 October 2023  | 500.0           | 250.0         | 0.0      | 0.0  | 0.0       | 250.0 | 250.0 | 0.0        | 0.0  | 0.0         |\n      | 3  | 15   | 31 October 2023  | 31 October 2023  | 250.0           | 250.0         | 0.0      | 0.0  | 0.0       | 250.0 | 250.0 | 0.0        | 0.0  | 0.0         |\n      | 4  | 15   | 15 November 2023 | 15 November 2023 | 0.0             | 250.0         | 0.0      | 0.0  | 0.0       | 250.0 | 250.0 | 0.0        | 0.0  | 0.0         |\n      | 5  | 1    | 16 November 2023 |                  | 0.0             | 0.0           | 0.0      | 20.0 | 0.0       | 20.0  | 0.0   | 0.0        | 0.0  | 20.0        |\n    Then Loan Repayment schedule has the following data in Total row:\n      | Principal due | Interest | Fees | Penalties | Due    | Paid   | In advance | Late | Outstanding |\n      | 1000.0        | 0        | 20   | 0         | 1020.0 | 1000.0 | 0          | 0    | 20          |\n    Then Loan Transactions tab has the following data:\n      | Transaction date | Transaction Type | Amount | Principal | Interest | Fees | Penalties | Loan Balance |\n      | 01 October 2023  | Disbursement     | 1000.0 | 0.0       | 0.0      | 0.0  | 0.0       | 1000.0       |\n      | 01 October 2023  | Repayment        | 250.0  | 250.0     | 0.0      | 0.0  | 0.0       | 750.0        |\n      | 16 October 2023  | Repayment        | 250.0  | 250.0     | 0.0      | 0.0  | 0.0       | 500.0        |\n      | 31 October 2023  | Repayment        | 250.0  | 250.0     | 0.0      | 0.0  | 0.0       | 250.0        |\n      | 15 November 2023 | Repayment        | 250.0  | 250.0     | 0.0      | 0.0  | 0.0       | 0.0          |\n    Then Loan Charges tab has the following data:\n      | Name       | isPenalty | Payment due at     | Due as of        | Calculation type | Due  | Paid | Waived | Outstanding |\n      | Snooze fee | false     | Specified due date | 16 November 2023 | Flat             | 20.0 | 0.0  | 0.0    | 20.0        |\n    When Loan Pay-off is made on ""16 November 2023""\n    Then Loan is closed with zero outstanding balance and it's all installments have obligations met\n\n  @TestRailId:C2912 @AdvancedPaymentAllocation\n  Scenario: Verify that adding charge on a closed loan after maturity date is creating an N+1 installment - LP2 advanced payment allocation product\n    When Admin sets the business date to ""01 October 2023""\n    When Admin creates a client with random data\n    When Admin creates a fully customized loan with the following data:\n      | LoanProduct                                      | submitted on date | with Principal | ANNUAL interest rate % | interest type | interest calculation period | amortization type  | loanTermFrequency | loanTermFrequencyType | repaymentEvery | repaymentFrequencyType | numberOfRepayments | graceOnPrincipalPayment | graceOnInterestPayment | interest free period | Payment strategy            |\n      | LP2_DOWNPAYMENT_AUTO_ADVANCED_PAYMENT_ALLOCATION | 01 October 2023   | 1000           | 0                      | FLAT          | SAME_AS_REPAYMENT_PERIOD    | EQUAL_INSTALLMENTS | 45                | DAYS                  | 15             | DAYS                   | 3                  | 0                       | 0                      | 0                    | ADVANCED_PAYMENT_ALLOCATION |\n    And Admin successfully approves the loan on ""01 October 2023"" with ""1000"" amount and expected disbursement date on ""01 October 2023""\n    When Admin successfully disburse the loan on ""01 October 2023"" with ""1000"" EUR transaction amount\n    When Admin sets the business date to ""16 October 2023""\n    And Customer makes ""AUTOPAY"" repayment on ""16 October 2023"" with 250 EUR transaction amount\n    When Admin sets the business date to ""31 October 2023""\n    And Customer makes ""AUTOPAY"" repayment on ""31 October 2023"" with 250 EUR transaction amount\n    When Admin sets the business date to ""15 November 2023""\n    And Customer makes ""AUTOPAY"" repayment on ""15 November 2023"" with 250 EUR transaction amount\n    Then Loan status will be ""CLOSED_OBLIGATIONS_MET""\n    Then Loan has 0 outstanding amount\n    When Admin sets the business date to ""16 November 2023""\n    When Admin adds ""LOAN_SNOOZE_FEE"" due date charge with ""16 November 2023"" due date and 20 EUR transaction amount\n    Then Loan Repayment schedule has 5 periods, with the following data for periods:\n      | Nr | Days | Date             | Paid date        | Balance of loan | Principal due | Interest | Fees | Penalties | Due   | Paid  | In advance | Late | Outstanding |\n      |    |      | 01 October 2023  |                  | 1000.0          |               |          | 0.0  |           | 0.0   | 0.0   |            |      |             |\n      | 1  | 0    | 01 October 2023  | 01 October 2023  | 750.0           | 250.0         | 0.0      | 0.0  | 0.0       | 250.0 | 250.0 | 0.0        | 0.0  | 0.0         |\n      | 2  | 15   | 16 October 2023  | 16 October 2023  | 500.0           | 250.0         | 0.0      | 0.0  | 0.0       | 250.0 | 250.0 | 0.0        | 0.0  | 0.0         |\n      | 3  | 15   | 31 October 2023  | 31 October 2023  | 250.0           | 250.0         | 0.0      | 0.0  | 0.0       | 250.0 | 250.0 | 0.0        | 0.0  | 0.0         |\n      | 4  | 15   | 15 November 2023 | 15 November 2023 | 0.0             | 250.0         | 0.0      | 0.0  | 0.0       | 250.0 | 250.0 | 0.0        | 0.0  | 0.0         |\n      | 5  | 1    | 16 November 2023 |                  | 0.0             | 0.0           | 0.0      | 20.0 | 0.0       | 20.0  | 0.0   | 0.0        | 0.0  | 20.0        |\n    Then Loan Repayment schedule has the following data in Total row:\n      | Principal due | Interest | Fees | Penalties | Due    | Paid   | In advance | Late | Outstanding |\n      | 1000.0        | 0        | 20   | 0         | 1020.0 | 1000.0 | 0          | 0    | 20          |\n    Then Loan Transactions tab has the following data:\n      | Transaction date | Transaction Type | Amount | Principal | Interest | Fees | Penalties | Loan Balance |\n      | 01 October 2023  | Disbursement     | 1000.0 | 0.0       | 0.0      | 0.0  | 0.0       | 1000.0       |\n      | 01 October 2023  | Down Payment     | 250.0  | 250.0     | 0.0      | 0.0  | 0.0       | 750.0        |\n      | 16 October 2023  | Repayment        | 250.0  | 250.0     | 0.0      | 0.0  | 0.0       | 500.0        |\n      | 31 October 2023  | Repayment        | 250.0  | 250.0     | 0.0      | 0.0  | 0.0       | 250.0        |\n      | 15 November 2023 | Repayment        | 250.0  | 250.0     | 0.0      | 0.0  | 0.0       | 0.0          |\n    Then Loan Charges tab has the following data:\n      | Name       | isPenalty | Payment due at     | Due as of        | Calculation type | Due  | Paid | Waived | Outstanding |\n      | Snooze fee | false     | Specified due date | 16 November 2023 | Flat             | 20.0 | 0.0  | 0.0    | 20.0        |\n    When Loan Pay-off is made on ""16 November 2023""\n    Then Loan is closed with zero outstanding balance and it's all installments have obligations met\n\n  @TestRailId:C2914\n  Scenario: Verify that adding charge on a active loan / partial repayment after maturity date is creating an N+1 installment - LP1 product\n    When Admin sets the business date to ""01 October 2023""\n    When Admin creates a client with random data\n    When Admin creates a new default Loan with date: ""01 October 2023""\n    And Admin successfully approves the loan on ""01 October 2023"" with ""1000"" amount and expected disbursement date on ""01 October 2023""\n    When Admin successfully disburse the loan on ""01 October 2023"" with ""1000"" EUR transaction amount\n    When Admin sets the business date to ""31 October 2023""\n    And Customer makes ""AUTOPAY"" repayment on ""31 October 2023"" with 800 EUR transaction amount\n    Then Loan status will be ""ACTIVE""\n    Then Loan has 200 outstanding amount\n    When Admin sets the business date to ""01 November 2023""\n    When Admin adds ""LOAN_SNOOZE_FEE"" due date charge with ""01 November 2023"" due date and 20 EUR transaction amount\n    Then Loan Repayment schedule has 2 periods, with the following data for periods:\n      | Nr | Days | Date             | Paid date | Balance of loan | Principal due | Interest | Fees | Penalties | Due    | Paid  | In advance | Late | Outstanding |\n      |    |      | 01 October 2023  |           | 1000.0          |               |          | 0.0  |           | 0.0    | 0.0   |            |      |             |\n      | 1  | 30   | 31 October 2023  |           | 0.0             | 1000.0        | 0.0      | 0.0  | 0.0       | 1000.0 | 800.0 | 0.0        | 0.0  | 200.0       |\n      | 2  | 1    | 01 November 2023 |           | 0.0             | 0.0           | 0.0      | 20.0 | 0.0       | 20.0   | 0.0   | 0.0        | 0.0  | 20.0        |\n    Then Loan Repayment schedule has the following data in Total row:\n      | Principal due | Interest | Fees | Penalties | Due    | Paid | In advance | Late | Outstanding |\n      | 1000          | 0        | 20.0 | 0         | 1020.0 | 800  | 0          | 0    | 220.0       |\n    Then Loan Transactions tab has the following data:\n      | Transaction date | Transaction Type | Amount | Principal | Interest | Fees | Penalties | Loan Balance |\n      | 01 October 2023  | Disbursement     | 1000.0 | 0.0       | 0.0      | 0.0  | 0.0       | 1000.0       |\n      | 31 October 2023  | Repayment        | 800.0  | 800.0     | 0.0      | 0.0  | 0.0       | 200.0        |\n    Then Loan Charges tab has the following data:\n      | Name       | isPenalty | Payment due at     | Due as of        | Calculation type | Due  | Paid | Waived | Outstanding |\n      | Snooze fee | false     | Specified due date | 01 November 2023 | Flat             | 20.0 | 0.0  | 0.0    | 20.0        |\n    When Loan Pay-off is made on ""01 November 2023""\n    Then Loan is closed with zero outstanding balance and it's all installments have obligations met\n\n  @TestRailId:C2915\n  Scenario: Verify that adding charge on a active loan / partial repayment after maturity date is creating an N+1 installment - LP2 auto payment enabled\n    When Admin sets the business date to ""01 October 2023""\n    When Admin creates a client with random data\n    When Admin creates a fully customized loan with the following data:\n      | LoanProduct          | submitted on date | with Principal | ANNUAL interest rate % | interest type     | interest calculation period | amortization type  | loanTermFrequency | loanTermFrequencyType | repaymentEvery | repaymentFrequencyType | numberOfRepayments | graceOnPrincipalPayment | graceOnInterestPayment | interest free period | Payment strategy                                                             |\n      | LP2_DOWNPAYMENT_AUTO | 01 October 2023   | 1000           | 0                      | DECLINING_BALANCE | SAME_AS_REPAYMENT_PERIOD    | EQUAL_INSTALLMENTS | 45                | DAYS                  | 15             | DAYS                   | 3                  | 0                       | 0                      | 0                    | DUE_PENALTY_INTEREST_PRINCIPAL_FEE_IN_ADVANCE_PENALTY_INTEREST_PRINCIPAL_FEE |\n    And Admin successfully approves the loan on ""01 October 2023"" with ""1000"" amount and expected disbursement date on ""01 October 2023""\n    When Admin successfully disburse the loan on ""01 October 2023"" with ""1000"" EUR transaction amount\n    When Admin sets the business date to ""16 October 2023""\n    And Customer makes ""AUTOPAY"" repayment on ""16 October 2023"" with 250 EUR transaction amount\n    When Admin sets the business date to ""31 October 2023""\n    And Customer makes ""AUTOPAY"" repayment on ""31 October 2023"" with 250 EUR transaction amount\n    When Admin sets the business date to ""15 November 2023""\n    And Customer makes ""AUTOPAY"" repayment on ""15 November 2023"" with 100 EUR transaction amount\n    Then Loan status will be ""ACTIVE""\n    Then Loan has 150 outstanding amount\n    When Admin sets the business date to ""16 November 2023""\n    When Admin adds ""LOAN_SNOOZE_FEE"" due date charge with ""16 November 2023"" due date and 20 EUR transaction amount\n    Then Loan Repayment schedule has 5 periods, with the following data for periods:\n      | Nr | Days | Date             | Paid date       | Balance of loan | Principal due | Interest | Fees | Penalties | Due   | Paid  | In advance | Late | Outstanding |\n      |    |      | 01 October 2023  |                 | 1000.0          |               |          | 0.0  |           | 0.0   | 0.0   |            |      |             |\n      | 1  | 0    | 01 October 2023  | 01 October 2023 | 750.0           | 250.0         | 0.0      | 0.0  | 0.0       | 250.0 | 250.0 | 0.0        | 0.0  | 0.0         |\n      | 2  | 15   | 16 October 2023  | 16 October 2023 | 500.0           | 250.0         | 0.0      | 0.0  | 0.0       | 250.0 | 250.0 | 0.0        | 0.0  | 0.0         |\n      | 3  | 15   | 31 October 2023  | 31 October 2023 | 250.0           | 250.0         | 0.0      | 0.0  | 0.0       | 250.0 | 250.0 | 0.0        | 0.0  | 0.0         |\n      | 4  | 15   | 15 November 2023 |                 | 0.0             | 250.0         | 0.0      | 0.0  | 0.0       | 250.0 | 100.0 | 0.0        | 0.0  | 150.0       |\n      | 5  | 1    | 16 November 2023 |                 | 0.0             | 0.0           | 0.0      | 20.0 | 0.0       | 20.0  | 0.0   | 0.0        | 0.0  | 20.0        |\n    Then Loan Repayment schedule has the following data in Total row:\n      | Principal due | Interest | Fees | Penalties | Due    | Paid  | In advance | Late | Outstanding |\n      | 1000.0        | 0        | 20   | 0         | 1020.0 | 850.0 | 0          | 0    | 170         |\n    Then Loan Transactions tab has the following data:\n      | Transaction date | Transaction Type | Amount | Principal | Interest | Fees | Penalties | Loan Balance |\n      | 01 October 2023  | Disbursement     | 1000.0 | 0.0       | 0.0      | 0.0  | 0.0       | 1000.0       |\n      | 01 October 2023  | Down Payment     | 250.0  | 250.0     | 0.0      | 0.0  | 0.0       | 750.0        |\n      | 16 October 2023  | Repayment        | 250.0  | 250.0     | 0.0      | 0.0  | 0.0       | 500.0        |\n      | 31 October 2023  | Repayment        | 250.0  | 250.0     | 0.0      | 0.0  | 0.0       | 250.0        |\n      | 15 November 2023 | Repayment        | 100.0  | 100.0     | 0.0      | 0.0  | 0.0       | 150.0        |\n    Then Loan Charges tab has the following data:\n      | Name       | isPenalty | Payment due at     | Due as of        | Calculation type | Due  | Paid | Waived | Outstanding |\n      | Snooze fee | false     | Specified due date | 16 November 2023 | Flat             | 20.0 | 0.0  | 0.0    | 20.0        |\n    When Loan Pay-off is made on ""16 November 2023""\n    Then Loan is closed with zero outstanding balance and it's all installments have obligations met\n\n  @TestRailId:C2916\n  Scenario: Verify that adding charge on a active loan / partial repayment after maturity date is creating an N+1 installment - LP2 auto payment disabled\n    When Admin sets the business date to ""01 October 2023""\n    When Admin creates a client with random data\n    When Admin creates a fully customized loan with the following data:\n      | LoanProduct     | submitted on date | with Principal | ANNUAL interest rate % | interest type     | interest calculation period | amortization type  | loanTermFrequency | loanTermFrequencyType | repaymentEvery | repaymentFrequencyType | numberOfRepayments | graceOnPrincipalPayment | graceOnInterestPayment | interest free period | Payment strategy                                                             |\n      | LP2_DOWNPAYMENT | 01 October 2023   | 1000           | 0                      | DECLINING_BALANCE | SAME_AS_REPAYMENT_PERIOD    | EQUAL_INSTALLMENTS | 45                | DAYS                  | 15             | DAYS                   | 3                  | 0                       | 0                      | 0                    | DUE_PENALTY_INTEREST_PRINCIPAL_FEE_IN_ADVANCE_PENALTY_INTEREST_PRINCIPAL_FEE |\n    And Admin successfully approves the loan on ""01 October 2023"" with ""1000"" amount and expected disbursement date on ""01 October 2023""\n    When Admin successfully disburse the loan on ""01 October 2023"" with ""1000"" EUR transaction amount\n    And Customer makes ""AUTOPAY"" repayment on ""01 October 2023"" with 250 EUR transaction amount\n    When Admin sets the business date to ""16 October 2023""\n    And Customer makes ""AUTOPAY"" repayment on ""16 October 2023"" with 250 EUR transaction amount\n    When Admin sets the business date to ""31 October 2023""\n    And Customer makes ""AUTOPAY"" repayment on ""31 October 2023"" with 250 EUR transaction amount\n    When Admin sets the business date to ""15 November 2023""\n    And Customer makes ""AUTOPAY"" repayment on ""15 November 2023"" with 100 EUR transaction amount\n    Then Loan status will be ""ACTIVE""\n    Then Loan has 150 outstanding amount\n    When Admin sets the business date to ""16 November 2023""\n    When Admin adds ""LOAN_SNOOZE_FEE"" due date charge with ""16 November 2023"" due date and 20 EUR transaction amount\n    Then Loan Repayment schedule has 5 periods, with the following data for periods:\n      | Nr | Days | Date             | Paid date       | Balance of loan | Principal due | Interest | Fees | Penalties | Due   | Paid  | In advance | Late | Outstanding |\n      |    |      | 01 October 2023  |                 | 1000.0          |               |          | 0.0  |           | 0.0   | 0.0   |            |      |             |\n      | 1  | 0    | 01 October 2023  | 01 October 2023 | 750.0           | 250.0         | 0.0      | 0.0  | 0.0       | 250.0 | 250.0 | 0.0        | 0.0  | 0.0         |\n      | 2  | 15   | 16 October 2023  | 16 October 2023 | 500.0           | 250.0         | 0.0      | 0.0  | 0.0       | 250.0 | 250.0 | 0.0        | 0.0  | 0.0         |\n      | 3  | 15   | 31 October 2023  | 31 October 2023 | 250.0           | 250.0         | 0.0      | 0.0  | 0.0       | 250.0 | 250.0 | 0.0        | 0.0  | 0.0         |\n      | 4  | 15   | 15 November 2023 |                 | 0.0             | 250.0         | 0.0      | 0.0  | 0.0       | 250.0 | 100.0 | 0.0        | 0.0  | 150.0       |\n      | 5  | 1    | 16 November 2023 |                 | 0.0             | 0.0           | 0.0      | 20.0 | 0.0       | 20.0  | 0.0   | 0.0        | 0.0  | 20.0        |\n    Then Loan Repayment schedule has the following data in Total row:\n      | Principal due | Interest | Fees | Penalties | Due    | Paid  | In advance | Late | Outstanding |\n      | 1000.0        | 0        | 20   | 0         | 1020.0 | 850.0 | 0          | 0    | 170         |\n    Then Loan Transactions tab has the following data:\n      | Transaction date | Transaction Type | Amount | Principal | Interest | Fees | Penalties | Loan Balance |\n      | 01 October 2023  | Disbursement     | 1000.0 | 0.0       | 0.0      | 0.0  | 0.0       | 1000.0       |\n      | 01 October 2023  | Repayment        | 250.0  | 250.0     | 0.0      | 0.0  | 0.0       | 750.0        |\n      | 16 October 2023  | Repayment        | 250.0  | 250.0     | 0.0      | 0.0  | 0.0       | 500.0        |\n      | 31 October 2023  | Repayment        | 250.0  | 250.0     | 0.0      | 0.0  | 0.0       | 250.0        |\n      | 15 November 2023 | Repayment        | 100.0  | 100.0     | 0.0      | 0.0  | 0.0       | 150.0        |\n    Then Loan Charges tab has the following data:\n      | Name       | isPenalty | Payment due at     | Due as of        | Calculation type | Due  | Paid | Waived | Outstanding |\n      | Snooze fee | false     | Specified due date | 16 November 2023 | Flat             | 20.0 | 0.0  | 0.0    | 20.0        |\n    When Loan Pay-off is made on ""16 November 2023""\n    Then Loan is closed with zero outstanding balance and it's all installments have obligations met\n\n  @TestRailId:C2917 @AdvancedPaymentAllocation\n  Scenario: Verify that adding charge on an active loan / partial repayment after maturity date is creating an N+1 installment - LP2 advanced payment allocation product\n    When Admin sets the business date to ""01 October 2023""\n    When Admin creates a client with random data\n    When Admin creates a fully customized loan with the following data:\n      | LoanProduct                                      | submitted on date | with Principal | ANNUAL interest rate % | interest type | interest calculation period | amortization type  | loanTermFrequency | loanTermFrequencyType | repaymentEvery | repaymentFrequencyType | numberOfRepayments | graceOnPrincipalPayment | graceOnInterestPayment | interest free period | Payment strategy            |\n      | LP2_DOWNPAYMENT_AUTO_ADVANCED_PAYMENT_ALLOCATION | 01 October 2023   | 1000           | 0                      | FLAT          | SAME_AS_REPAYMENT_PERIOD    | EQUAL_INSTALLMENTS | 45                | DAYS                  | 15             | DAYS                   | 3                  | 0                       | 0                      | 0                    | ADVANCED_PAYMENT_ALLOCATION |\n    And Admin successfully approves the loan on ""01 October 2023"" with ""1000"" amount and expected disbursement date on ""01 October 2023""\n    When Admin successfully disburse the loan on ""01 October 2023"" with ""1000"" EUR transaction amount\n    When Admin sets the business date to ""16 October 2023""\n    And Customer makes ""AUTOPAY"" repayment on ""16 October 2023"" with 250 EUR transaction amount\n    When Admin sets the business date to ""31 October 2023""\n    And Customer makes ""AUTOPAY"" repayment on ""31 October 2023"" with 250 EUR transaction amount\n    When Admin sets the business date to ""15 November 2023""\n    And Customer makes ""AUTOPAY"" repayment on ""15 November 2023"" with 100 EUR transaction amount\n    Then Loan status will be ""ACTIVE""\n    Then Loan has 150 outstanding amount\n    When Admin sets the business date to ""16 November 2023""\n    Wh ... [TRUNCATED - EXCEEDS EXCEL LIMIT]"
201,Social Network,Diaspora,single_post_view_moderation.feature,https://github.com/diaspora/diaspora/blob/develop/features/desktop/single_post_view_moderation.feature,"@javascript\n  Feature: using SPV moderation buttons\n\n  Background:\n    Given following users exist:\n      | username   |\n      | bob        |\n      | alice      |\n    And a user with username ""bob"" is connected with ""alice""\n    And ""bob@bob.bob"" has a public post with text ""Here is a post to test with""\n\n  Scenario: hide a contact's post\n    When I sign in as ""alice@alice.alice""\n    And I open the show page of the ""Here is a post to test with"" post\n    And I confirm the alert after I click to hide the post\n    Then I should be on the stream page\n\n  Scenario: block a contact\n    When I sign in as ""alice@alice.alice""\n    And I open the show page of the ""Here is a post to test with"" post\n    And I confirm the alert after I click to block the user\n    Then I should be on the stream page\n\n  Scenario: report a contact\n    When I sign in as ""alice@alice.alice""\n    And I open the show page of the ""Here is a post to test with"" post\n    And I click to report the post\n    When I fill in ""report-reason-field"" with ""That's my reason""\n    And I submit the form\n    And I should see a flash message containing ""The report has successfully been created""\n\n  Scenario: delete own post\n    When I sign in as ""bob@bob.bob""\n    And I open the show page of the ""Here is a post to test with"" post\n    And I confirm the alert after I click to delete the post\n    Then I should be on the stream page\n"
202,Social Network,Diaspora,media-embed.feature,https://github.com/diaspora/diaspora/blob/develop/features/desktop/media-embed.feature," # We can create a separate cucumber profile that will run these tests with Selenium\n@javascript\nFeature: oembed\n\n  Background:\n    Given following user exists:\n      | username    | email             |\n      | Alice Smith | alice@alice.alice |\n    And I sign in as ""alice@alice.alice""\n\n  Scenario: Post a video link\n    When I click the publisher and post ""[title](https://example.com/file.ogv)""\n    Then I should see a HTML5 video player\n\n  Scenario: Post an audio link\n    When I click the publisher and post ""[title](https://example.com/file.ogg)""\n    Then I should see a HTML5 audio player\n\n"
203,Social Network,Diaspora,connects_users.feature,https://github.com/diaspora/diaspora/blob/develop/features/desktop/connects_users.feature,"@javascript\nFeature: following and being followed\n\n  Background:\n    Given following users exist:\n      | email             |\n      | bob@bob.bob       |\n      | alice@alice.alice |\n\n    When I sign in as ""bob@bob.bob""\n    And I am on ""alice@alice.alice""'s page\n    And I add the person to my ""Besties"" aspect\n    And I sign out\n\n  Scenario: I follow a malicious user\n    When I sign in as ""bob@bob.bob""\n    And I go to the edit profile page\n    And I fill in the following:\n      | profile_first_name         | <script>alert(0)//   |\n      | profile_last_name          ||\n    And I press ""update_profile""\n    Then I should be on my edit profile page\n\n    When I sign in as ""alice@alice.alice""\n    And I am on ""bob@bob.bob""'s page\n    And I add the person to my ""Besties"" aspect\n    Then I should see a flash message containing ""You have started sharing with <script>alert(0)//!""\n\n  Scenario: adding someone who follows you while creating a new aspect\n    When I sign in as ""alice@alice.alice""\n    And I am on ""bob@bob.bob""'s page\n\n    And I press the first "".aspect-membership-dropdown .dropdown-toggle""\n    And I press the first ""a"" within "".add_aspect""\n\n    And I fill in ""aspect_name"" with ""Super People"" in the aspect creation modal\n    And I click on selector "".btn-primary"" in the aspect creation modal\n    And I wait until ajax requests finished\n\n    Then I should have 1 contact in ""Super People""\n    Then I sign out\n\n    When I sign in as ""bob@bob.bob""\n    Then I should have 1 contact in ""Besties""\n\n  Scenario: interacting with the profile page of someone you follow who is not following you\n    When I sign in as ""bob@bob.bob""\n    And I am on ""alice@alice.alice""'s page\n\n    Then I should see ""Besties""\n    Then I should see a ""#mention_button"" within ""#profile_buttons""\n    Then I should not see a ""#message_button"" within ""#profile_buttons""\n\n  Scenario: interacting with the profile page of someone who follows you but who you do not follow\n    Given I sign in as ""alice@alice.alice""\n    And I am on ""bob@bob.bob""'s page\n\n    Then I should see ""Add contact""\n    Then I should not see a ""#mention_button"" within ""#profile_buttons""\n    Then I should not see a ""#message_button"" within ""#profile_buttons""\n\n  Scenario: interacting with the profile page of someone you follow who also follows you\n    Given I sign in as ""alice@alice.alice""\n    And I am on ""bob@bob.bob""'s page\n\n    When I add the person to my ""Besties"" aspect\n    And I add the person to my ""Unicorns"" aspect\n\n    When I go to ""bob@bob.bob""'s page\n    Then I should see ""All aspects""\n    Then I should see a ""#mention_button"" within ""#profile_buttons""\n    Then I should see a ""#message_button"" within ""#profile_buttons""\n"
204,Social Network,Diaspora,change_settings.feature,https://github.com/diaspora/diaspora/blob/develop/features/desktop/change_settings.feature,"@javascript\nFeature: Change settings\n\n  Background:\n    Given I am signed in\n    And I have following aspects:\n      | Friends    |\n      | Family     |\n    When I go to the edit user page\n\n  Scenario: Change my email\n    When I fill in the following:\n      | user_email         | new_email@newplac.es           |\n    And I press ""Change email""\n    Then I should see ""Email changed""\n    And I follow the ""confirm_email"" link from the last sent email\n    Then I should see ""activated""\n    And my ""email"" should be ""new_email@newplac.es""\n\n  Scenario: Change my email preferences\n    When I uncheck ""user_email_preferences_mentioned""\n    And I scroll to ""change_email_preferences""\n    And I press ""change_email_preferences""\n    Then I should see ""Email notifications changed""\n    And the ""user_email_preferences_mentioned"" checkbox should not be checked\n    When I uncheck ""user_email_preferences_mentioned_in_comment""\n    And I scroll to ""change_email_preferences""\n    And I press ""change_email_preferences""\n    Then I should see ""Email notifications changed""\n    And the ""user_email_preferences_mentioned_in_comment"" checkbox should not be checked\n\n  Scenario: Change my preferred language\n    When I select ""polski"" from ""user_language""\n    And I press ""Change language""\n    Then I should see ""Język został zmieniony""\n    And ""polski"" should be selected from ""user_language""\n\n  Scenario: Change my post default aspects\n    When I go to the stream page\n    And I expand the publisher\n    Then I should see ""All aspects"" within "".aspect-dropdown""\n    When I go to the edit user page\n    And I press the aspect dropdown\n    And I toggle the aspect ""Family""\n    And I press the aspect dropdown\n    And I press ""Change"" within ""#post-default-aspects""\n    And I go to the stream page\n    And I expand the publisher\n    Then I should see ""Family"" within "".aspect-dropdown""\n\n  Scenario: Change my post default to public\n    When I press the aspect dropdown\n    And I toggle the aspect ""Public""\n    And I press ""Change"" within ""#post-default-aspects""\n    And I go to the stream page\n    And I expand the publisher\n    Then I should see ""Public"" within "".aspect-dropdown""\n\n  Scenario: exporting profile data\n    When I click on the first selector "".account-data a""\n    Then I should see ""Download my profile""\n    And I should have 1 email delivery\n"
205,Social Network,Diaspora,oembed.feature,https://github.com/diaspora/diaspora/blob/develop/features/desktop/oembed.feature,"@javascript\nFeature: oembed\n\n  Background:\n    Given following user exists:\n      | username    | email             |\n      | Alice Smith | alice@alice.alice |\n    And I have several oEmbed data in cache\n    And I sign in as ""alice@alice.alice""\n\n  Scenario: Post a secure video link\n    Given I expand the publisher\n    When I click the publisher and post ""http://youtube.com/watch?v=M3r2XDceM6A&format=json""\n    Then I should see a video player\n\n  Scenario: Post an unsecure video link\n    Given I expand the publisher\n    When I click the publisher and post ""http://mytube.com/watch?v=M3r2XDceM6A&format=json""\n    And I follow ""My aspects""\n    Then I should not see a video player\n    And I should see ""http://mytube.com/watch?v=M3r2XDceM6A&format=json"" within "".stream-element""\n\n  Scenario: Post an unsecure rich-typed link\n    Given I expand the publisher\n    When I click the publisher and post ""http://myrichtube.com/watch?v=M3r2XDceM6A&format=json""\n    And I follow ""My aspects""\n    Then I should not see a video player\n    And I should see ""http://myrichtube.com/watch?v=M3r2XDceM6A&format=json"" within "".stream-element""\n\n  Scenario: Post a photo link\n    Given I expand the publisher\n    When I click the publisher and post ""http://farm4.static.flickr.com/3123/2341623661_7c99f48bbf_m.jpg""\n    And I follow ""My aspects""\n    Then I should see a ""img"" within "".stream-element""\n\n  Scenario: Post an unsupported text link\n    Given I expand the publisher\n    When I click the publisher and post ""http://www.we-do-not-support-oembed.com/index.html""\n    And I follow ""My aspects""\n    Then I should see ""http://www.we-do-not-support-oembed.com/index.html"" within "".stream-element""\n"
206,Social Network,Diaspora,post_with_a_poll.feature,https://github.com/diaspora/diaspora/blob/develop/features/desktop/post_with_a_poll.feature,"@javascript\nFeature: posting with a poll\n\n    Background:\n      Given following users exist:\n        | username   |\n        | bob        |\n      And I sign in as ""bob@bob.bob""\n\n    Scenario: expanding the publisher\n      Given ""#poll_creator_container"" is hidden\n      When I expand the publisher\n      Then I should see an element ""#poll_creator""\n\n    Scenario: expanding the poll creator\n      Given ""#poll_creator_container"" is hidden\n      When I expand the publisher\n      And I click on selector ""#poll_creator""\n      Then I should see an element ""#poll_creator_container""\n\n    Scenario: adding option to poll\n      Given ""#poll_creator_container"" is hidden\n      When I expand the publisher\n      And I click on selector ""#poll_creator""\n      And I fill in values for the first two options\n      And I lose focus\n      Then I should see 3 options\n\n    Scenario: delete an option\n      Given ""#poll_creator_container"" is hidden\n      When I expand the publisher\n      And I click on selector ""#poll_creator""\n      And I fill in values for the first two options\n      And I lose focus\n      And I delete the last option\n      Then I should see 2 options\n      And I should not see a remove icon\n\n    Scenario: post with an attached poll\n      Given I expand the publisher\n      And I click on selector ""#poll_creator""\n      When I fill in the following:\n          | status_message_text    | I am eating yogurt |\n          | poll_question          | What kind of yogurt do you like? |\n      And I fill in the following for the options:\n          | normal |\n          | not normal  |\n      And I press ""Share""\n      Then I should see a "".poll-form"" within "".stream-element""\n      And I should see a ""form"" within "".stream-element""\n\n    Scenario: vote for an option\n      Given I expand the publisher\n      And I click on selector ""#poll_creator""\n      When I fill in the following:\n          | status_message_text    | I am eating yogurt |\n          | poll_question          | What kind of yogurt do you like? |\n      And I fill in the following for the options:\n          | normal |\n          | not normal  |\n      And I press ""Share""\n\n      And I check the first option\n      And I press ""Vote"" within "".stream-element""\n      Then I should see an element "".progress-bar""\n      And I should see an element "".percentage""\n      And I should see ""1 vote so far"" within "".poll-statistic""\n\n  Scenario: click to show result\n    Given I expand the publisher\n    And I click on selector ""#poll_creator""\n    When I fill in the following:\n        | status_message_text    | I am eating yogurt |\n        | poll_question          | What kind of yogurt do you like? |\n    And I fill in the following for the options:\n        | normal |\n        | not normal  |\n    And I press ""Share""\n    And I click on selector "".toggle-result""\n    Then I should see an element "".percentage""\n\n  Scenario: validate answer input\n    Given I expand the publisher\n    And I click on selector ""#poll_creator""\n    When I fill in the following:\n        | status_message_text    | I am eating yogurt |\n        | poll_question          | What kind of yogurt do you like? |\n    And I fill in the following for the options:\n        | normal |\n    And I click on selector ""#poll_creator_container""\n    And I click on selector ""#publisher button#submit""\n    Then I should see an element "".poll-answer input.error""\n"
207,Social Network,Diaspora,diaspora_links_resolve.feature,https://github.com/diaspora/diaspora/blob/develop/features/desktop/diaspora_links_resolve.feature,"@javascript\nFeature: (web+)diaspora:// links resolve\n\n  Background:\n    Given following user exists:\n      | username | email             |\n      | Alice    | alice@alice.alice |\n    And ""alice@alice.alice"" has a public post with text ""This is a post accessed by an external link""\n\n  Scenario: Resolving web+diaspora:// link\n    When I open an external link to the first post of ""alice@alice.alice""\n    Then I should see ""This is a post accessed by an external link""\n"
208,Social Network,Diaspora,registrations.feature,https://github.com/diaspora/diaspora/blob/develop/features/mobile/registrations.feature,"@javascript @mobile\nFeature: New user registration\n\n  Background:\n    Given I am on the new user registration page\n\n  Scenario: user signs up and goes to getting started\n    When I fill in the new user form\n    And I press ""Create account""\n    Then I should be on the getting started page\n    And I should see the 'getting started' contents\n\n  Scenario: user fills in bogus data - client side validation\n    When I fill in the following:\n        | user_username        | $%&(/&%$&/=)(/    |\n    And I press ""Create account""\n    Then I should not be able to sign up\n    And I should have a validation error on ""user_username, user_password, user_email""\n\n    When I fill in the following:\n        | user_username     | valid_user                        |\n        | user_email        | this is not a valid email $%&/()( |\n    And I press ""Create account""\n    Then I should not be able to sign up\n    And I should have a validation error on ""user_password, user_email""\n\n    When I fill in the following:\n        | user_email        | valid@email.com        |\n        | user_password     | 1                      |\n    And I press ""Create account""\n    Then I should not be able to sign up\n    And I should have a validation error on ""user_password, user_password_confirmation""\n"
209,Social Network,Diaspora,edits_profile.feature,https://github.com/diaspora/diaspora/blob/develop/features/mobile/edits_profile.feature,"@javascript @mobile\nFeature: editing the profile in the mobile view\n  Scenario: editing profile fields\n    Given I am signed in on the mobile website\n    And I go to the edit profile page\n\n    When I fill in the following:\n      | profile_gender             | Fearless        |\n      | profile_first_name         | Boba            |\n      | profile_last_name          | Fett            |\n      | profile_bio                | This is a bio   |\n      | profile_location           | Kamino          |\n\n    And I select ""1986"" from ""profile_date_year""\n    And I select ""30"" from ""profile_date_day""\n    And I select ""November"" from ""profile_date_month""\n\n    And I fill in ""profile[tag_string]"" with ""#starwars""\n    And I press the first "".as-result-item"" within "".as-results""\n\n    And I press ""Update profile""\n\n    Then I should be on my edit profile page\n    And I should see ""Profile updated""\n    And the ""profile_gender"" field should contain ""Fearless""\n    And the ""profile_first_name"" field should contain ""Boba""\n    And the ""profile_last_name"" field should contain ""Fett""\n    And the ""profile_bio"" field should contain ""This is a bio""\n    And the ""profile_date_year"" field should be filled with ""1986""\n    And the ""profile_date_month"" field should be filled with ""11""\n    And the ""profile_date_day"" field should be filled with ""30""\n    And the ""profile_location"" field should be filled with ""Kamino""\n    And I should see ""#starwars"" within ""ul#as-selections-tags""\n\n    When I fill in ""profile[tag_string]"" with ""#kamino""\n    And I press the first "".as-result-item"" within "".as-results""\n\n    And I press ""Update profile""\n    Then I should see ""#kamino"" within ""ul#as-selections-tags""\n    And I should see ""#starwars"" within ""ul#as-selections-tags""\n\n    When I accept the alert after I attach the file ""spec/fixtures/bad_urls.txt"" to ""qqfile"" within ""#file-upload""\n    And I confirm the prompt after I attach the file ""spec/fixtures/button.png"" to hidden ""qqfile"" within ""#file-upload""\n    Then I should see ""button.png completed""\n    And I should see a ""img"" within ""#profile_photo_upload""\n\n    When I go to my edit profile page\n    Then I should see a ""img"" within ""#profile_photo_upload""\n"
210,Social Network,Diaspora,closes_account.feature,https://github.com/diaspora/diaspora/blob/develop/features/desktop/closes_account.feature,"@javascript\nFeature: Close account\n\n  Scenario: user closes account\n    Given I am signed in\n    When I go to the edit user page\n    And I click on selector ""#close_account""\n    Then I should see a modal\n    And I should see ""Hey, please don’t go!"" within ""#closeAccountModal""\n    When I put in my password in ""close_account_password""\n    And I confirm the alert after I press ""Close account"" in the modal\n    Then I should be on the new user session page\n\n    When I try to sign in manually\n    Then I should be on the new user session page\n    And I should see a flash message with a warning\n"
